001002.537: [00:10:02][202603100-192.168.8.88-负一楼-接入交换机-00:10:02]
001002.842: [00:10:02]
001002.842: [00:10:02]User Access Verification
001002.842: [00:10:02]
001002.868: [00:10:02]Password:
001002.892: [00:10:02]Password:
001002.900: [00:10:02]
001002.957: [00:10:02]Last login: Mar 24 2026 00:32:31 from 192.168.6.173 through telnet.
002008.039: [00:20:08][202603100-192.168.8.88-负一楼-接入交换机-00:20:08]
002008.342: [00:20:08]
002008.343: [00:20:08]User Access Verification
002008.343: [00:20:08]
002008.372: [00:20:08]Password:
002008.396: [00:20:08]Password:
002008.413: [00:20:08]
002008.451: [00:20:08]Last login: Mar 24 2026 00:42:37 from 192.168.6.173 through telnet.
003013.668: [00:30:13][202603100-192.168.8.88-负一楼-接入交换机-00:30:13]
003014.054: [00:30:14]
003014.054: [00:30:14]User Access Verification
003014.054: [00:30:14]
003014.071: [00:30:14]Password:
003014.107: [00:30:14]Password:
003014.134: [00:30:14]
003014.148: [00:30:14]Last login: Mar 24 2026 00:52:42 from 192.168.6.173 through telnet.
004019.037: [00:40:19][202603100-192.168.8.88-负一楼-接入交换机-00:40:19]
004019.353: [00:40:19]
004019.353: [00:40:19]User Access Verification
004019.354: [00:40:19]
004019.391: [00:40:19]Password:
004019.403: [00:40:19]Password:
004019.422: [00:40:19]
004019.467: [00:40:19]Last login: Mar 24 2026 01:02:48 from 192.168.6.173 through telnet.
005024.539: [00:50:24][202603100-192.168.8.88-负一楼-接入交换机-00:50:24]
005025.907: [00:50:25]
005025.907: [00:50:25]User Access Verification
005025.919: [00:50:25]
005025.925: [00:50:25]Password:
005025.946: [00:50:25]Password:
005025.959: [00:50:25]
005026.063: [00:50:26]Last login: Mar 24 2026 01:12:53 from 192.168.6.173 through telnet.
010031.027: [01:00:31][202603100-192.168.8.88-负一楼-接入交换机-01:00:31]
010031.335: [01:00:31]
010031.335: [01:00:31]User Access Verification
010031.335: [01:00:31]
010031.366: [01:00:31]Password:
010031.366: [01:00:31]Password:
010031.383: [01:00:31]
010031.426: [01:00:31]Last login: Mar 24 2026 01:23:00 from 192.168.6.173 through telnet.
011036.520: [01:10:36][202603100-192.168.8.88-负一楼-接入交换机-01:10:36]
011036.834: [01:10:36]
011036.834: [01:10:36]User Access Verification
011036.834: [01:10:36]
011036.857: [01:10:36]Password:
011036.878: [01:10:36]Password:
011036.887: [01:10:36]
011036.935: [01:10:36]Last login: Mar 24 2026 01:33:05 from 192.168.6.173 through telnet.
012042.023: [01:20:42][202603100-192.168.8.88-负一楼-接入交换机-01:20:42]
012042.334: [01:20:42]
012042.335: [01:20:42]User Access Verification
012042.335: [01:20:42]
012042.360: [01:20:42]Password:
012042.394: [01:20:42]Password:
012042.414: [01:20:42]
012042.455: [01:20:42]Last login: Mar 24 2026 01:43:11 from 192.168.6.173 through telnet.
013047.025: [01:30:47][202603100-192.168.8.88-负一楼-接入交换机-01:30:47]
013047.512: [01:30:47]
013047.521: [01:30:47]User Access Verification
013047.521: [01:30:47]
013047.532: [01:30:47]Password:
013047.556: [01:30:47]Password:
013047.571: [01:30:47]
013047.625: [01:30:47]Last login: Mar 24 2026 01:53:16 from 192.168.6.173 through telnet.
014053.517: [01:40:53][202603100-192.168.8.88-负一楼-接入交换机-01:40:53]
014053.831: [01:40:53]
014053.831: [01:40:53]User Access Verification
014053.845: [01:40:53]
014053.857: [01:40:53]Password:
014053.877: [01:40:53]Password:
014053.986: [01:40:53]
014054.038: [01:40:54]Last login: Mar 24 2026 02:03:22 from 192.168.6.173 through telnet.
015059.036: [01:50:59][202603100-192.168.8.88-负一楼-接入交换机-01:50:59]
015059.411: [01:50:59]
015059.412: [01:50:59]User Access Verification
015059.412: [01:50:59]
015059.440: [01:50:59]Password:
015059.458: [01:50:59]Password:
015059.522: [01:50:59]
015059.574: [01:50:59]Last login: Mar 24 2026 02:13:28 from 192.168.6.173 through telnet.
020105.536: [02:01:05][202603100-192.168.8.88-负一楼-接入交换机-02:01:05]
020105.852: [02:01:05]
020105.865: [02:01:05]User Access Verification
020105.865: [02:01:05]
020105.874: [02:01:05]Password:
020105.896: [02:01:05]Password:
020105.947: [02:01:05]
020105.997: [02:01:05]Last login: Mar 24 2026 02:23:34 from 192.168.6.173 through telnet.
021111.047: [02:11:11][202603100-192.168.8.88-负一楼-接入交换机-02:11:11]
021111.362: [02:11:11]
021111.362: [02:11:11]User Access Verification
021111.362: [02:11:11]
021111.396: [02:11:11]Password:
021111.416: [02:11:11]Password:
021111.431: [02:11:11]
021111.469: [02:11:11]Last login: Mar 24 2026 02:33:40 from 192.168.6.173 through telnet.
022116.538: [02:21:16][202603100-192.168.8.88-负一楼-接入交换机-02:21:16]
022117.002: [02:21:17]
022117.002: [02:21:17]User Access Verification
022117.014: [02:21:17]
022117.024: [02:21:17]Password:
022117.049: [02:21:17]Password:
022117.076: [02:21:17]
022117.099: [02:21:17]Last login: Mar 24 2026 02:43:46 from 192.168.6.173 through telnet.
023122.054: [02:31:22][202603100-192.168.8.88-负一楼-接入交换机-02:31:22]
023123.418: [02:31:23]
023123.418: [02:31:23]User Access Verification
023123.418: [02:31:23]
023123.435: [02:31:23]Password:
023123.456: [02:31:23]Password:
023123.465: [02:31:23]
023123.514: [02:31:23]Last login: Mar 24 2026 02:53:51 from 192.168.6.173 through telnet.
024129.537: [02:41:29][202603100-192.168.8.88-负一楼-接入交换机-02:41:29]
024129.843: [02:41:29]
024129.843: [02:41:29]User Access Verification
024129.843: [02:41:29]
024129.866: [02:41:29]Password:
024129.890: [02:41:29]Password:
024129.903: [02:41:29]
024129.944: [02:41:29]Last login: Mar 24 2026 03:03:58 from 192.168.6.173 through telnet.
025135.027: [02:51:35][202603100-192.168.8.88-负一楼-接入交换机-02:51:35]
025135.389: [02:51:35]
025135.389: [02:51:35]User Access Verification
025135.389: [02:51:35]
025135.406: [02:51:35]Password:
025135.417: [02:51:35]Password:
025135.429: [02:51:35]
025135.478: [02:51:35]Last login: Mar 24 2026 03:14:04 from 192.168.6.173 through telnet.
030141.539: [03:01:41][202603100-192.168.8.88-负一楼-接入交换机-03:01:41]
030142.054: [03:01:42]
030142.064: [03:01:42]User Access Verification
030142.064: [03:01:42]
030142.083: [03:01:42]Password:
030142.108: [03:01:42]Password:
030142.123: [03:01:42]
030142.167: [03:01:42]Last login: Mar 24 2026 03:24:10 from 192.168.6.173 through telnet.
031147.037: [03:11:47][202603100-192.168.8.88-负一楼-接入交换机-03:11:47]
031147.350: [03:11:47]
031147.350: [03:11:47]User Access Verification
031147.357: [03:11:47]
031147.366: [03:11:47]Password:
031147.387: [03:11:47]Password:
031147.492: [03:11:47]
031147.531: [03:11:47]Last login: Mar 24 2026 03:34:16 from 192.168.6.173 through telnet.
032153.540: [03:21:53][202603100-192.168.8.88-负一楼-接入交换机-03:21:53]
032153.855: [03:21:53]
032153.856: [03:21:53]User Access Verification
032153.856: [03:21:53]
032153.876: [03:21:53]Password:
032153.890: [03:21:53]Password:
032153.900: [03:21:53]
032153.946: [03:21:53]Last login: Mar 24 2026 03:44:22 from 192.168.6.173 through telnet.
033159.035: [03:31:59][202603100-192.168.8.88-负一楼-接入交换机-03:31:59]
033159.337: [03:31:59]
033159.351: [03:31:59]User Access Verification
033159.351: [03:31:59]
033159.367: [03:31:59]Password:
033159.387: [03:31:59]Password:
033159.398: [03:31:59]
033159.447: [03:31:59]Last login: Mar 24 2026 03:54:28 from 192.168.6.173 through telnet.
034205.543: [03:42:05][202603100-192.168.8.88-负一楼-接入交换机-03:42:05]
034205.852: [03:42:05]
034205.853: [03:42:05]User Access Verification
034205.853: [03:42:05]
034205.871: [03:42:05]Password:
034205.891: [03:42:05]Password:
034205.996: [03:42:05]
034206.035: [03:42:06]Last login: Mar 24 2026 04:04:34 from 192.168.6.173 through telnet.
035211.028: [03:52:11][202603100-192.168.8.88-负一楼-接入交换机-03:52:11]
035211.443: [03:52:11]
035211.454: [03:52:11]User Access Verification
035211.454: [03:52:11]
035211.467: [03:52:11]Password:
035211.499: [03:52:11]Password:
035211.533: [03:52:11]
035211.568: [03:52:11]Last login: Mar 24 2026 04:14:40 from 192.168.6.173 through telnet.
040217.522: [04:02:17][202603100-192.168.8.88-负一楼-接入交换机-04:02:17]
040217.837: [04:02:17]
040217.837: [04:02:17]User Access Verification
040217.837: [04:02:17]
040217.862: [04:02:17]Password:
040217.886: [04:02:17]Password:
040217.900: [04:02:17]
040217.935: [04:02:17]Last login: Mar 24 2026 04:24:46 from 192.168.6.173 through telnet.
041222.515: [04:12:22][202603100-192.168.8.88-负一楼-接入交换机-04:12:22]
041222.828: [04:12:22]
041222.828: [04:12:22]User Access Verification
041222.828: [04:12:22]
041222.865: [04:12:22]Password:
041222.884: [04:12:22]Password:
041222.884: [04:12:22]
041222.935: [04:12:22]Last login: Mar 24 2026 04:34:52 from 192.168.6.173 through telnet.
042227.527: [04:22:27][202603100-192.168.8.88-负一楼-接入交换机-04:22:27]
042228.986: [04:22:28]
042228.995: [04:22:28]User Access Verification
042228.995: [04:22:28]
042229.003: [04:22:29]Password:
042229.024: [04:22:29]Password:
042229.132: [04:22:29]
042229.170: [04:22:29]Last login: Mar 24 2026 04:44:57 from 192.168.6.173 through telnet.
043234.061: [04:32:34][202603100-192.168.8.88-负一楼-接入交换机-04:32:34]
043234.364: [04:32:34]
043234.364: [04:32:34]User Access Verification
043234.364: [04:32:34]
043234.384: [04:32:34]Password:
043234.407: [04:32:34]Password:
043234.433: [04:32:34]
043234.470: [04:32:34]Last login: Mar 24 2026 04:55:03 from 192.168.6.173 through telnet.
044240.533: [04:42:40][202603100-192.168.8.88-负一楼-接入交换机-04:42:40]
044240.839: [04:42:40]
044240.839: [04:42:40]User Access Verification
044240.854: [04:42:40]
044240.865: [04:42:40]Password:
044240.885: [04:42:40]Password:
044240.990: [04:42:40]
044241.024: [04:42:41]Last login: Mar 24 2026 05:05:09 from 192.168.6.173 through telnet.
045246.029: [04:52:46][202603100-192.168.8.88-负一楼-接入交换机-04:52:46]
045246.364: [04:52:46]
045246.364: [04:52:46]User Access Verification
045246.364: [04:52:46]
045246.389: [04:52:46]Password:
045246.410: [04:52:46]Password:
045246.428: [04:52:46]
045246.470: [04:52:46]Last login: Mar 24 2026 05:15:15 from 192.168.6.173 through telnet.
050252.527: [05:02:52][202603100-192.168.8.88-负一楼-接入交换机-05:02:52]
050252.877: [05:02:52]
050252.877: [05:02:52]User Access Verification
050252.877: [05:02:52]
050252.915: [05:02:52]Password:
050252.915: [05:02:52]Password:
050252.928: [05:02:52]
050252.966: [05:02:52]Last login: Mar 24 2026 05:25:21 from 192.168.6.173 through telnet.
051258.086: [05:12:58][202603100-192.168.8.88-负一楼-接入交换机-05:12:58]
051258.436: [05:12:58]
051258.446: [05:12:58]User Access Verification
051258.447: [05:12:58]
051258.470: [05:12:58]Password:
051258.496: [05:12:58]Password:
051258.515: [05:12:58]
051258.560: [05:12:58]Last login: Mar 24 2026 05:35:27 from 192.168.6.173 through telnet.
052304.513: [05:23:04][202603100-192.168.8.88-负一楼-接入交换机-05:23:04]
052304.902: [05:23:04]
052304.902: [05:23:04]User Access Verification
052304.902: [05:23:04]
052304.923: [05:23:04]Password:
052304.943: [05:23:04]Password:
052304.960: [05:23:04]
052305.007: [05:23:05]Last login: Mar 24 2026 05:45:33 from 192.168.6.173 through telnet.
053310.020: [05:33:10][202603100-192.168.8.88-负一楼-接入交换机-05:33:10]
053310.322: [05:33:10]
053310.322: [05:33:10]User Access Verification
053310.333: [05:33:10]
053310.344: [05:33:10]Password:
053310.364: [05:33:10]Password:
053310.385: [05:33:10]
053310.415: [05:33:10]Last login: Mar 24 2026 05:55:39 from 192.168.6.173 through telnet.
054316.530: [05:43:16][202603100-192.168.8.88-负一楼-接入交换机-05:43:16]
054316.940: [05:43:16]
054316.940: [05:43:16]User Access Verification
054316.949: [05:43:16]
054316.959: [05:43:16]Password:
054316.983: [05:43:16]Password:
054317.001: [05:43:17]
054317.061: [05:43:17]Last login: Mar 24 2026 06:05:45 from 192.168.6.173 through telnet.
055322.014: [05:53:22][202603100-192.168.8.88-负一楼-接入交换机-05:53:22]
055323.324: [05:53:23]
055323.324: [05:53:23]User Access Verification
055323.324: [05:53:23]
055323.348: [05:53:23]Password:
055323.367: [05:53:23]Password:
055323.383: [05:53:23]
055323.419: [05:53:23]Last login: Mar 24 2026 06:15:51 from 192.168.6.173 through telnet.
060329.528: [06:03:29][202603100-192.168.8.88-负一楼-接入交换机-06:03:29]
060329.832: [06:03:29]
060329.832: [06:03:29]User Access Verification
060329.832: [06:03:29]
060329.850: [06:03:29]Password:
060329.870: [06:03:29]Password:
060329.977: [06:03:29]
060330.036: [06:03:30]Last login: Mar 24 2026 06:25:58 from 192.168.6.173 through telnet.
061335.024: [06:13:35][202603100-192.168.8.88-负一楼-接入交换机-06:13:35]
061335.329: [06:13:35]
061335.343: [06:13:35]User Access Verification
061335.343: [06:13:35]
061335.357: [06:13:35]Password:
061335.384: [06:13:35]Password:
061335.496: [06:13:35]
061335.535: [06:13:35]Last login: Mar 24 2026 06:36:04 from 192.168.6.173 through telnet.
062341.860: [06:23:41][202603100-192.168.8.88-负一楼-接入交换机-06:23:41]
062343.127: [06:23:43]
062343.128: [06:23:43]User Access Verification
062343.128: [06:23:43]
062343.149: [06:23:43]Password:
062343.183: [06:23:43]Password:
062343.216: [06:23:43]
062343.234: [06:23:43]Last login: Mar 24 2026 06:46:10 from 192.168.6.173 through telnet.
063348.006: [06:33:48][202603100-192.168.8.88-负一楼-接入交换机-06:33:48]
063348.312: [06:33:48]
063348.313: [06:33:48]User Access Verification
063348.321: [06:33:48]
063348.331: [06:33:48]Password:
063348.352: [06:33:48]Password:
063348.364: [06:33:48]
063348.410: [06:33:48]Last login: Mar 24 2026 06:56:17 from 192.168.6.173 through telnet.
064354.521: [06:43:54][202603100-192.168.8.88-负一楼-接入交换机-06:43:54]
064354.840: [06:43:54]
064354.840: [06:43:54]User Access Verification
064354.840: [06:43:54]
064354.867: [06:43:54]Password:
064354.889: [06:43:54]Password:
064354.921: [06:43:54]
064354.962: [06:43:54]Last login: Mar 24 2026 07:06:23 from 192.168.6.173 through telnet.
065359.523: [06:53:59][202603100-192.168.8.88-负一楼-接入交换机-06:53:59]
065359.836: [06:53:59]
065359.836: [06:53:59]User Access Verification
065359.836: [06:53:59]
065359.855: [06:53:59]Password:
065359.875: [06:53:59]Password:
065359.962: [06:53:59]
065400.014: [06:54:00]Last login: Mar 24 2026 07:16:29 from 192.168.6.173 through telnet.
070405.015: [07:04:05][202603100-192.168.8.88-负一楼-接入交换机-07:04:05]
070405.328: [07:04:05]
070405.328: [07:04:05]User Access Verification
070405.328: [07:04:05]
070405.353: [07:04:05]Password:
070405.382: [07:04:05]Password:
070405.389: [07:04:05]
070405.435: [07:04:05]Last login: Mar 24 2026 07:26:34 from 192.168.6.173 through telnet.
071411.515: [07:14:11][202603100-192.168.8.88-负一楼-接入交换机-07:14:11]
071411.881: [07:14:11]
071411.881: [07:14:11]User Access Verification
071411.881: [07:14:11]
071411.898: [07:14:11]Password:
071411.922: [07:14:11]Password:
071411.951: [07:14:11]
071412.001: [07:14:12]Last login: Mar 24 2026 07:36:40 from 192.168.6.173 through telnet.
072417.022: [07:24:17][202603100-192.168.8.88-负一楼-接入交换机-07:24:17]
072417.331: [07:24:17]
072417.331: [07:24:17]User Access Verification
072417.331: [07:24:17]
072417.367: [07:24:17]Password:
072417.367: [07:24:17]Password:
072417.375: [07:24:17]
072417.421: [07:24:17]Last login: Mar 24 2026 07:46:46 from 192.168.6.173 through telnet.
073423.510: [07:34:23][202603100-192.168.8.88-负一楼-接入交换机-07:34:23]
073423.812: [07:34:23]
073423.812: [07:34:23]User Access Verification
073423.812: [07:34:23]
073423.849: [07:34:23]Password:
073423.849: [07:34:23]Password:
073423.855: [07:34:23]
073423.902: [07:34:23]Last login: Mar 24 2026 07:56:52 from 192.168.6.173 through telnet.
074428.508: [07:44:28][202603100-192.168.8.88-负一楼-接入交换机-07:44:28]
074428.807: [07:44:28]
074428.817: [07:44:28]User Access Verification
074428.817: [07:44:28]
074428.828: [07:44:28]Password:
074428.849: [07:44:28]Password:
074428.861: [07:44:28]
074428.900: [07:44:28]Last login: Mar 24 2026 08:06:58 from 192.168.6.173 through telnet.
075434.015: [07:54:34][202603100-192.168.8.88-负一楼-接入交换机-07:54:34]
075434.623: [07:54:34]
075434.623: [07:54:34]User Access Verification
075434.623: [07:54:34]
075434.656: [07:54:34]Password:
075434.656: [07:54:34]Password:
075434.675: [07:54:34]
075434.718: [07:54:34]Last login: Mar 24 2026 08:17:03 from 192.168.6.173 through telnet.
080439.529: [08:04:39][202603100-192.168.8.88-负一楼-接入交换机-08:04:39]
080439.834: [08:04:39]
080439.834: [08:04:39]User Access Verification
080439.834: [08:04:39]
080439.867: [08:04:39]Password:
080439.867: [08:04:39]Password:
080439.878: [08:04:39]
080439.922: [08:04:39]Last login: Mar 24 2026 08:27:09 from 192.168.6.173 through telnet.
081445.025: [08:14:45][202603100-192.168.8.88-负一楼-接入交换机-08:14:45]
081445.329: [08:14:45]
081445.329: [08:14:45]User Access Verification
081445.329: [08:14:45]
081445.357: [08:14:45]Password:
081445.379: [08:14:45]Password:
081445.400: [08:14:45]
081445.436: [08:14:45]Last login: Mar 24 2026 08:37:14 from 192.168.6.173 through telnet.
082450.518: [08:24:50][202603100-192.168.8.88-负一楼-接入交换机-08:24:50]
082450.915: [08:24:50]
082450.916: [08:24:50]User Access Verification
082450.916: [08:24:50]
082450.940: [08:24:50]Password:
082450.957: [08:24:50]Password:
082451.042: [08:24:51]
082451.099: [08:24:51]Last login: Mar 24 2026 08:47:20 from 192.168.6.173 through telnet.
083456.691: [08:34:56][202603100-192.168.8.88-负一楼-接入交换机-08:34:56]
083456.955: [08:34:56]
083456.955: [08:34:56]User Access Verification
083456.955: [08:34:56]
083457.039: [08:34:57]Password:
083457.039: [08:34:57]Password:
083457.060: [08:34:57]
083457.060: [08:34:57]Last login: Mar 24 2026 08:57:25 from 192.168.6.173 through telnet.
084502.100: [08:45:02][202603100-192.168.8.88-负一楼-接入交换机-08:45:02]
084502.407: [08:45:02]
084502.407: [08:45:02]User Access Verification
084502.407: [08:45:02]
084502.444: [08:45:02]Password:
084502.459: [08:45:02]Password:
084502.472: [08:45:02]
084502.510: [08:45:02]Last login: Mar 24 2026 09:07:31 from 192.168.6.173 through telnet.
085507.641: [08:55:07][202603100-192.168.8.88-负一楼-接入交换机-08:55:07]
085508.051: [08:55:08]
085508.051: [08:55:08]User Access Verification
085508.051: [08:55:08]
085508.082: [08:55:08]Password:
085508.102: [08:55:08]Password:
085508.121: [08:55:08]
085508.164: [08:55:08]Last login: Mar 24 2026 09:17:37 from 192.168.6.173 through telnet.
090514.090: [09:05:14][202603100-192.168.8.88-负一楼-接入交换机-09:05:14]
090514.405: [09:05:14]
090514.405: [09:05:14]User Access Verification
090514.405: [09:05:14]
090514.427: [09:05:14]Password:
090514.440: [09:05:14]Password:
090514.458: [09:05:14]
090514.501: [09:05:14]Last login: Mar 24 2026 09:27:43 from 192.168.6.173 through telnet.
091519.512: [09:15:19][202603100-192.168.8.88-负一楼-接入交换机-09:15:19]
091520.841: [09:15:20]
091520.841: [09:15:20]User Access Verification
091520.841: [09:15:20]
091520.878: [09:15:20]Password:
091520.878: [09:15:20]Password:
091520.890: [09:15:20]
091520.928: [09:15:20]Last login: Mar 24 2026 09:37:49 from 192.168.6.173 through telnet.
092526.122: [09:25:26][202603100-192.168.8.88-负一楼-接入交换机-09:25:26]
092527.368: [09:25:27]
092527.380: [09:25:27]User Access Verification
092527.380: [09:25:27]
092527.395: [09:25:27]Password:
092527.421: [09:25:27]Password:
092527.491: [09:25:27]
092527.540: [09:25:27]Last login: Mar 24 2026 09:47:55 from 192.168.6.173 through telnet.
093532.670: [09:35:32][202603100-192.168.8.88-负一楼-接入交换机-09:35:32]
093532.960: [09:35:32]
093532.960: [09:35:32]User Access Verification
093532.960: [09:35:32]
093532.998: [09:35:32]Password:
093532.999: [09:35:32]Password:
093533.004: [09:35:33]
093533.053: [09:35:33]Last login: Mar 24 2026 09:58:02 from 192.168.6.173 through telnet.
094538.031: [09:45:38][202603100-192.168.8.88-负一楼-接入交换机-09:45:38]
094538.340: [09:45:38]
094538.354: [09:45:38]User Access Verification
094538.354: [09:45:38]
094538.389: [09:45:38]Password:
094538.389: [09:45:38]Password:
094538.422: [09:45:38]
094538.462: [09:45:38]Last login: Mar 24 2026 10:08:07 from 192.168.6.173 through telnet.
095543.537: [09:55:43][202603100-192.168.8.88-负一楼-接入交换机-09:55:43]
095544.046: [09:55:44]
095544.046: [09:55:44]User Access Verification
095544.054: [09:55:44]
095544.077: [09:55:44]Password:
095544.110: [09:55:44]Password:
095544.124: [09:55:44]
095544.168: [09:55:44]Last login: Mar 24 2026 10:18:13 from 192.168.6.173 through telnet.
100550.192: [10:05:50][202603100-192.168.8.88-负一楼-接入交换机-10:05:50]
100550.433: [10:05:50]
100550.433: [10:05:50]User Access Verification
100550.433: [10:05:50]
100550.464: [10:05:50]Password:
100550.476: [10:05:50]Password:
100550.512: [10:05:50]
100550.577: [10:05:50]Last login: Mar 24 2026 10:28:19 from 192.168.6.173 through telnet.
101555.642: [10:15:55][202603100-192.168.8.88-负一楼-接入交换机-10:15:55]
101556.023: [10:15:56]
101556.041: [10:15:56]User Access Verification
101556.041: [10:15:56]
101556.061: [10:15:56]Password:
101556.093: [10:15:56]Password:
101556.121: [10:15:56]
101556.188: [10:15:56]Last login: Mar 24 2026 10:38:25 from 192.168.6.173 through telnet.
102602.141: [10:26:02][202603100-192.168.8.88-负一楼-接入交换机-10:26:02]
102602.485: [10:26:02]
102602.485: [10:26:02]User Access Verification
102602.496: [10:26:02]
102602.518: [10:26:02]Password:
102602.518: [10:26:02]Password:
102602.525: [10:26:02]
102602.584: [10:26:02]Last login: Mar 24 2026 10:48:31 from 192.168.6.173 through telnet.
103607.857: [10:36:07][202603100-192.168.8.88-负一楼-接入交换机-10:36:07]
103608.284: [10:36:08]
103608.284: [10:36:08]User Access Verification
103608.292: [10:36:08]
103608.305: [10:36:08]Password:
103608.325: [10:36:08]Password:
103608.334: [10:36:08]
103608.377: [10:36:08]Last login: Mar 24 2026 10:58:37 from 192.168.6.173 through telnet.
104613.032: [10:46:13][202603100-192.168.8.88-负一楼-接入交换机-10:46:13]
104614.330: [10:46:14]
104614.330: [10:46:14]User Access Verification
104614.330: [10:46:14]
104614.352: [10:46:14]Password:
104614.374: [10:46:14]Password:
104614.394: [10:46:14]
104614.432: [10:46:14]Last login: Mar 24 2026 11:08:43 from 192.168.6.173 through telnet.
105619.511: [10:56:19][202603100-192.168.8.88-负一楼-接入交换机-10:56:19]
105619.855: [10:56:19]
105619.855: [10:56:19]User Access Verification
105619.855: [10:56:19]
105619.880: [10:56:19]Password:
105619.905: [10:56:19]Password:
105619.950: [10:56:19]
105620.023: [10:56:20]Last login: Mar 24 2026 11:18:49 from 192.168.6.173 through telnet.
110626.144: [11:06:26][202603100-192.168.8.88-负一楼-接入交换机-11:06:26]
110626.432: [11:06:26]
110626.432: [11:06:26]User Access Verification
110626.432: [11:06:26]
110626.468: [11:06:26]Password:
110626.468: [11:06:26]Password:
110626.487: [11:06:26]
110626.515: [11:06:26]Last login: Mar 24 2026 11:28:54 from 192.168.6.173 through telnet.
111631.521: [11:16:31][202603100-192.168.8.88-负一楼-接入交换机-11:16:31]
111631.820: [11:16:31]
111631.820: [11:16:31]User Access Verification
111631.820: [11:16:31]
111631.854: [11:16:31]Password:
111631.866: [11:16:31]Password:
111631.907: [11:16:31]
111631.953: [11:16:31]Last login: Mar 24 2026 11:39:01 from 192.168.6.173 through telnet.
112637.021: [11:26:37][202603100-192.168.8.88-负一楼-接入交换机-11:26:37]
112637.318: [11:26:37]
112637.318: [11:26:37]User Access Verification
112637.318: [11:26:37]
112637.348: [11:26:37]Password:
112637.371: [11:26:37]Password:
112637.371: [11:26:37]
112637.418: [11:26:37]Last login: Mar 24 2026 11:49:06 from 192.168.6.173 through telnet.
113642.638: [11:36:42][202603100-192.168.8.88-负一楼-接入交换机-11:36:42]
113642.925: [11:36:42]
113642.926: [11:36:42]User Access Verification
113642.937: [11:36:42]
113642.962: [11:36:42]Password:
113642.994: [11:36:42]Password:
113643.007: [11:36:43]
113643.049: [11:36:43]Last login: Mar 24 2026 11:59:12 from 192.168.6.173 through telnet.
114649.020: [11:46:49][202603100-192.168.8.88-负一楼-接入交换机-11:46:49]
114649.343: [11:46:49]
114649.343: [11:46:49]User Access Verification
114649.343: [11:46:49]
114649.370: [11:46:49]Password:
114649.390: [11:46:49]Password:
114649.402: [11:46:49]
114649.455: [11:46:49]Last login: Mar 24 2026 12:09:18 from 192.168.6.173 through telnet.
115654.520: [11:56:54][202603100-192.168.8.88-负一楼-接入交换机-11:56:54]
115654.831: [11:56:54]
115654.831: [11:56:54]User Access Verification
115654.843: [11:56:54]
115654.856: [11:56:54]Password:
115654.876: [11:56:54]Password:
115654.884: [11:56:54]
115654.918: [11:56:54]Last login: Mar 24 2026 12:19:24 from 192.168.6.173 through telnet.
120659.517: [12:06:59][202603100-192.168.8.88-负一楼-接入交换机-12:06:59]
120659.817: [12:06:59]
120659.817: [12:06:59]User Access Verification
120659.817: [12:06:59]
120659.856: [12:06:59]Password:
120659.856: [12:06:59]Password:
120659.958: [12:06:59]
120700.007: [12:07:00]Last login: Mar 24 2026 12:29:29 from 192.168.6.173 through telnet.
121706.015: [12:17:06][202603100-192.168.8.88-负一楼-接入交换机-12:17:06]
121706.320: [12:17:06]
121706.320: [12:17:06]User Access Verification
121706.320: [12:17:06]
121706.356: [12:17:06]Password:
121706.356: [12:17:06]Password:
121706.365: [12:17:06]
121706.414: [12:17:06]Last login: Mar 24 2026 12:39:35 from 192.168.6.173 through telnet.
122711.519: [12:27:11][202603100-192.168.8.88-负一楼-接入交换机-12:27:11]
122711.818: [12:27:11]
122711.818: [12:27:11]User Access Verification
122711.818: [12:27:11]
122711.844: [12:27:11]Password:
122711.855: [12:27:11]Password:
122711.875: [12:27:11]
122711.921: [12:27:11]Last login: Mar 24 2026 12:49:41 from 192.168.6.173 through telnet.
123717.046: [12:37:17][202603100-192.168.8.88-负一楼-接入交换机-12:37:17]
123717.380: [12:37:17]
123717.380: [12:37:17]User Access Verification
123717.380: [12:37:17]
123717.486: [12:37:17]Password:
123717.518: [12:37:17]Password:
123717.518: [12:37:17]
123717.614: [12:37:17]Last login: Mar 24 2026 12:59:46 from 192.168.6.173 through telnet.
124722.512: [12:47:22][202603100-192.168.8.88-负一楼-接入交换机-12:47:22]
124722.917: [12:47:22]
124722.918: [12:47:22]User Access Verification
124722.918: [12:47:22]
124722.950: [12:47:22]Password:
124722.963: [12:47:22]Password:
124722.980: [12:47:22]
124723.020: [12:47:23]Last login: Mar 24 2026 13:09:52 from 192.168.6.173 through telnet.
125729.024: [12:57:29][202603100-192.168.8.88-负一楼-接入交换机-12:57:29]
125730.378: [12:57:30]
125730.378: [12:57:30]User Access Verification
125730.378: [12:57:30]
125730.410: [12:57:30]Password:
125730.410: [12:57:30]Password:
125730.551: [12:57:30]
125730.590: [12:57:30]Last login: Mar 24 2026 13:19:58 from 192.168.6.173 through telnet.
130735.528: [13:07:35][202603100-192.168.8.88-负一楼-接入交换机-13:07:35]
130735.837: [13:07:35]
130735.838: [13:07:35]User Access Verification
130735.838: [13:07:35]
130735.875: [13:07:35]Password:
130735.875: [13:07:35]Password:
130735.895: [13:07:35]
130735.937: [13:07:35]Last login: Mar 24 2026 13:30:05 from 192.168.6.173 through telnet.
131742.016: [13:17:42][202603100-192.168.8.88-负一楼-接入交换机-13:17:42]
131742.330: [13:17:42]
131742.330: [13:17:42]User Access Verification
131742.330: [13:17:42]
131742.361: [13:17:42]Password:
131742.374: [13:17:42]Password:
131742.398: [13:17:42]
131742.450: [13:17:42]Last login: Mar 24 2026 13:40:11 from 192.168.6.173 through telnet.
132747.508: [13:27:47][202603100-192.168.8.88-负一楼-接入交换机-13:27:47]
132747.835: [13:27:47]
132747.835: [13:27:47]User Access Verification
132747.835: [13:27:47]
132747.855: [13:27:47]Password:
132747.875: [13:27:47]Password:
132747.898: [13:27:47]
132747.935: [13:27:47]Last login: Mar 24 2026 13:50:17 from 192.168.6.173 through telnet.
133233.057: [13:32:33]Ruijie>
133233.166: [13:32:33]Ruijie>
133233.278: [13:32:33]Ruijie>
133726.167: [13:37:26]Ruijie>ena
133726.500: [13:37:26]Ruijie>enable 
133726.552: [13:37:26]
133729.977: [13:37:29]Password:
133734.535: [13:37:34]Ruijie#show run
133735.393: [13:37:35]Ruijie#show running-config 
133735.567: [13:37:35]
133735.577: [13:37:35]Building configuration...
133736.608: [13:37:36]Current configuration: 10308 bytes
133736.621: [13:37:36]
133736.621: [13:37:36]version S5300E_RGOS 12.5(4)B0701
133736.634: [13:37:36]!
133736.634: [13:37:36]spanning-tree
133736.634: [13:37:36]!
133736.634: [13:37:36]ip access-list extended 111
133736.634: [13:37:36] 10 permit icmp host 192.168.8.9 host 192.168.8.1 
133736.634: [13:37:36] 20 permit icmp host 192.168.8.1 host 192.168.8.9 
133736.634: [13:37:36] 30 permit ip any any 
133736.634: [13:37:36]!
133736.635: [13:37:36]ip access-list counter 111
133736.635: [13:37:36]!
133736.635: [13:37:36]username admin privilege 15 password 7 $10$18c$37VcH1cWmCNd$
133736.635: [13:37:36]username wyj privilege 15 password 7 $10$2a6$aZKJGN44bajg$
133736.635: [13:37:36]!
133736.635: [13:37:36]no cwmp
133736.635: [13:37:36]!
133736.635: [13:37:36]service dhcp
133736.635: [13:37:36]!
133736.635: [13:37:36]ip dhcp pool ip-vlan-101
133736.635: [13:37:36] lease 0 8 0 
133736.635: [13:37:36] network 172.16.101.0 255.255.255.0 172.16.101.130 172.16.101.149
133736.635: [13:37:36] dns-server 223.5.5.5 
133736.635: [13:37:36] default-router 172.16.101.1 
133736.635: [13:37:36]!
133737.347: [13:37:37]install switch 1 S5300-48GT4XS-E
133737.362: [13:37:37]install switch 2 S5300-48GT4XS-E
133737.362: [13:37:37]install 1/0 S5300-48GT4XS-E
133737.362: [13:37:37]install 2/0 S5300-48GT4XS-E
133737.362: [13:37:37]!
133737.362: [13:37:37]sysmac c470.abfc.a59a
133737.362: [13:37:37]!
133737.362: [13:37:37]enable service web-server http
133737.362: [13:37:37]enable service web-server https
133737.362: [13:37:37]webmaster level 0 username admin password 7 $10$07e$1c6ULhZJlG44$
133737.362: [13:37:37]webmaster level 1 username wyj password 7 $10$273$0B1/uNVwYhpE$
133737.362: [13:37:37]!
133737.362: [13:37:37]nfpp
133737.362: [13:37:37]!
133737.362: [13:37:37]password policy printable-character-check
133737.362: [13:37:37]no password policy min-size
133737.362: [13:37:37]no password policy strong
133737.362: [13:37:37]service password-encryption
133737.362: [13:37:37]!
133737.362: [13:37:37]redundancy
133737.362: [13:37:37]!
133737.362: [13:37:37]no enable service snmp-agent
133737.363: [13:37:37]ip ssh key-exchange dh_group_exchange_sha1 dh_group14_sha1 ecdh_sha2_nistp256 ecdh_sha2_nistp384 ecdh_sha2_nistp521
133737.363: [13:37:37]ip ssh cipher-mode ctr gcm
133737.858: [13:37:37]ip ssh hmac-algorithm sha2-256 sha2-512
133737.874: [13:37:37]!
133737.874: [13:37:37]login privilege log
133737.875: [13:37:37]enable secret 8 $1c$Ldjs8h23u4$,$>d*`r`nnb($8.>#z60<8#:(n~0|<h:p&lp|8,.$ 
133737.875: [13:37:37]enable password 7 $10$1c4$HJXAn0nlJJk0$
133737.875: [13:37:37]enable service ssh-server
133737.875: [13:37:37]enable service telnet-server
133737.875: [13:37:37]!
133737.875: [13:37:37]vlan range 1,100-101,208,300
133737.875: [13:37:37]!
133737.875: [13:37:37]interface GigabitEthernet 1/0/1
133737.875: [13:37:37] switchport access vlan 101
133737.875: [13:37:37]!
133737.875: [13:37:37]interface GigabitEthernet 1/0/2
133737.875: [13:37:37] switchport access vlan 101
133737.875: [13:37:37]!
133737.875: [13:37:37]interface GigabitEthernet 1/0/3
133737.875: [13:37:37] switchport access vlan 101
133737.875: [13:37:37]!
133737.875: [13:37:37]interface GigabitEthernet 1/0/4
133737.875: [13:37:37] switchport access vlan 101
133737.875: [13:37:37]!
133737.876: [13:37:37]interface GigabitEthernet 1/0/5
133737.876: [13:37:37] switchport access vlan 101
133737.908: [13:37:37]!         
133737.920: [13:37:37]interface GigabitEthernet 1/0/6
133737.920: [13:37:37] switchport access vlan 101
133737.920: [13:37:37]!
133737.920: [13:37:37]interface GigabitEthernet 1/0/7
133737.920: [13:37:37] port-group 1 mode active
133737.920: [13:37:37]!
133737.920: [13:37:37]interface GigabitEthernet 1/0/8
133737.920: [13:37:37] port-group 2 mode active
133737.920: [13:37:37]!
133737.920: [13:37:37]interface GigabitEthernet 1/0/9
133737.920: [13:37:37] port-group 3 mode active
133737.920: [13:37:37]!
133737.920: [13:37:37]interface GigabitEthernet 1/0/10
133737.920: [13:37:37] port-group 4 mode active
133737.920: [13:37:37]!
133737.920: [13:37:37]interface GigabitEthernet 1/0/11
133737.920: [13:37:37] port-group 5 mode active
133737.920: [13:37:37]!
133737.920: [13:37:37]interface GigabitEthernet 1/0/12
133737.921: [13:37:37] port-group 6 mode active
133737.921: [13:37:37]!
133737.921: [13:37:37]interface GigabitEthernet 1/0/13
133737.921: [13:37:37] port-group 7 mode active
133738.439: [13:37:38]!         
133738.447: [13:37:38]interface GigabitEthernet 1/0/14
133738.447: [13:37:38] port-group 8 mode active
133738.447: [13:37:38]!
133738.447: [13:37:38]interface GigabitEthernet 1/0/15
133738.447: [13:37:38] port-group 9 mode active
133738.447: [13:37:38]!
133738.447: [13:37:38]interface GigabitEthernet 1/0/16
133738.447: [13:37:38] port-group 10 mode active
133738.447: [13:37:38]!
133738.448: [13:37:38]interface GigabitEthernet 1/0/17
133738.448: [13:37:38] switchport access vlan 300
133738.448: [13:37:38]!
133738.448: [13:37:38]interface GigabitEthernet 1/0/18
133738.448: [13:37:38] switchport access vlan 300
133738.448: [13:37:38]!
133738.448: [13:37:38]interface GigabitEthernet 1/0/19
133738.448: [13:37:38] switchport access vlan 300
133738.448: [13:37:38]!
133738.448: [13:37:38]interface GigabitEthernet 1/0/20
133738.448: [13:37:38] switchport access vlan 300
133738.448: [13:37:38]!
133738.448: [13:37:38]interface GigabitEthernet 1/0/21
133738.448: [13:37:38] switchport access vlan 300
133738.993: [13:37:38]!         
133739.013: [13:37:39]interface GigabitEthernet 1/0/22
133739.014: [13:37:39] switchport access vlan 300
133739.014: [13:37:39]!
133739.014: [13:37:39]interface GigabitEthernet 1/0/23
133739.014: [13:37:39] switchport access vlan 300
133739.014: [13:37:39]!
133739.014: [13:37:39]interface GigabitEthernet 1/0/24
133739.014: [13:37:39] switchport access vlan 300
133739.014: [13:37:39]!
133739.014: [13:37:39]interface GigabitEthernet 1/0/25
133739.014: [13:37:39] switchport access vlan 100
133739.014: [13:37:39]!
133739.014: [13:37:39]interface GigabitEthernet 1/0/26
133739.014: [13:37:39] switchport access vlan 300
133739.014: [13:37:39]!
133739.014: [13:37:39]interface GigabitEthernet 1/0/27
133739.014: [13:37:39] switchport access vlan 300
133739.014: [13:37:39]!
133739.015: [13:37:39]interface GigabitEthernet 1/0/28
133739.015: [13:37:39] switchport access vlan 300
133739.015: [13:37:39]!
133739.015: [13:37:39]interface GigabitEthernet 1/0/29
133739.015: [13:37:39] port-group 20 mode active
133739.273: [13:37:39]!         
133739.292: [13:37:39]interface GigabitEthernet 1/0/30
133739.292: [13:37:39] port-group 21 mode active
133739.292: [13:37:39]!
133739.292: [13:37:39]interface GigabitEthernet 1/0/31
133739.292: [13:37:39] port-group 22 mode active
133739.292: [13:37:39]!
133739.292: [13:37:39]interface GigabitEthernet 1/0/32
133739.292: [13:37:39] port-group 23 mode active
133739.292: [13:37:39]!
133739.292: [13:37:39]interface GigabitEthernet 1/0/33
133739.292: [13:37:39] port-group 24 mode active
133739.292: [13:37:39]!
133739.292: [13:37:39]interface GigabitEthernet 1/0/34
133739.292: [13:37:39] port-group 25 mode active
133739.292: [13:37:39]!
133739.293: [13:37:39]interface GigabitEthernet 1/0/35
133739.293: [13:37:39] switchport access vlan 101
133739.293: [13:37:39]!
133739.293: [13:37:39]interface GigabitEthernet 1/0/36
133739.293: [13:37:39] switchport access vlan 101
133739.293: [13:37:39]!
133739.293: [13:37:39]interface GigabitEthernet 1/0/37
133739.297: [13:37:39]!
133739.491: [13:37:39]interface GigabitEthernet 1/0/38
133739.505: [13:37:39]!
133739.505: [13:37:39]interface GigabitEthernet 1/0/39
133739.505: [13:37:39]!
133739.505: [13:37:39]interface GigabitEthernet 1/0/40
133739.505: [13:37:39]!
133739.505: [13:37:39]interface GigabitEthernet 1/0/41
133739.505: [13:37:39]!
133739.505: [13:37:39]interface GigabitEthernet 1/0/42
133739.505: [13:37:39]!
133739.505: [13:37:39]interface GigabitEthernet 1/0/43
133739.505: [13:37:39]!
133739.505: [13:37:39]interface GigabitEthernet 1/0/44
133739.505: [13:37:39] switchport access vlan 100
133739.505: [13:37:39]!
133739.505: [13:37:39]interface GigabitEthernet 1/0/45
133739.505: [13:37:39] switchport access vlan 300
133739.505: [13:37:39]!
133739.505: [13:37:39]interface GigabitEthernet 1/0/46
133739.505: [13:37:39] switchport access vlan 100
133739.505: [13:37:39]!
133739.505: [13:37:39]interface GigabitEthernet 1/0/47
133739.505: [13:37:39] switchport access vlan 100
133739.505: [13:37:39]!
133739.657: [13:37:39]interface GigabitEthernet 1/0/48
133739.670: [13:37:39] switchport access vlan 100
133739.670: [13:37:39]!
133739.670: [13:37:39]interface GigabitEthernet 2/0/1
133739.670: [13:37:39] switchport access vlan 101
133739.670: [13:37:39]!
133739.670: [13:37:39]interface GigabitEthernet 2/0/2
133739.670: [13:37:39] switchport access vlan 101
133739.670: [13:37:39]!
133739.670: [13:37:39]interface GigabitEthernet 2/0/3
133739.670: [13:37:39] switchport access vlan 101
133739.670: [13:37:39]!
133739.670: [13:37:39]interface GigabitEthernet 2/0/4
133739.670: [13:37:39] switchport access vlan 101
133739.670: [13:37:39]!
133739.671: [13:37:39]interface GigabitEthernet 2/0/5
133739.671: [13:37:39] switchport access vlan 101
133739.671: [13:37:39]!
133739.671: [13:37:39]interface GigabitEthernet 2/0/6
133739.671: [13:37:39] switchport access vlan 101
133739.671: [13:37:39]!
133739.671: [13:37:39]interface GigabitEthernet 2/0/7
133739.671: [13:37:39] port-group 1 mode active
133739.671: [13:37:39]!
133740.085: [13:37:40]interface GigabitEthernet 2/0/8
133740.105: [13:37:40] port-group 2 mode active
133740.105: [13:37:40]!
133740.105: [13:37:40]interface GigabitEthernet 2/0/9
133740.105: [13:37:40] port-group 3 mode active
133740.105: [13:37:40]!
133740.105: [13:37:40]interface GigabitEthernet 2/0/10
133740.105: [13:37:40] port-group 4 mode active
133740.105: [13:37:40]!
133740.105: [13:37:40]interface GigabitEthernet 2/0/11
133740.105: [13:37:40] port-group 5 mode active
133740.105: [13:37:40]!
133740.105: [13:37:40]interface GigabitEthernet 2/0/12
133740.105: [13:37:40] port-group 6 mode active
133740.105: [13:37:40]!
133740.105: [13:37:40]interface GigabitEthernet 2/0/13
133740.105: [13:37:40] port-group 7 mode active
133740.105: [13:37:40]!
133740.105: [13:37:40]interface GigabitEthernet 2/0/14
133740.105: [13:37:40] port-group 8 mode active
133740.105: [13:37:40]!
133740.106: [13:37:40]interface GigabitEthernet 2/0/15
133740.106: [13:37:40] port-group 9 mode active
133740.106: [13:37:40]!
133740.350: [13:37:40]interface GigabitEthernet 2/0/16
133740.368: [13:37:40] port-group 10 mode active
133740.368: [13:37:40]!
133740.368: [13:37:40]interface GigabitEthernet 2/0/17
133740.368: [13:37:40] switchport access vlan 300
133740.368: [13:37:40]!
133740.368: [13:37:40]interface GigabitEthernet 2/0/18
133740.368: [13:37:40] switchport access vlan 300
133740.368: [13:37:40]!
133740.368: [13:37:40]interface GigabitEthernet 2/0/19
133740.368: [13:37:40] switchport access vlan 300
133740.368: [13:37:40]!
133740.368: [13:37:40]interface GigabitEthernet 2/0/20
133740.369: [13:37:40] switchport access vlan 300
133740.369: [13:37:40]!
133740.369: [13:37:40]interface GigabitEthernet 2/0/21
133740.369: [13:37:40] switchport access vlan 300
133740.369: [13:37:40]!
133740.369: [13:37:40]interface GigabitEthernet 2/0/22
133740.369: [13:37:40] switchport access vlan 300
133740.369: [13:37:40]!
133740.369: [13:37:40]interface GigabitEthernet 2/0/23
133740.369: [13:37:40] switchport access vlan 300
133740.369: [13:37:40]!
133740.533: [13:37:40]interface GigabitEthernet 2/0/24
133740.553: [13:37:40] switchport access vlan 300
133740.553: [13:37:40]!
133740.553: [13:37:40]interface GigabitEthernet 2/0/25
133740.553: [13:37:40] switchport access vlan 100
133740.553: [13:37:40]!
133740.553: [13:37:40]interface GigabitEthernet 2/0/26
133740.553: [13:37:40] switchport access vlan 300
133740.553: [13:37:40]!
133740.553: [13:37:40]interface GigabitEthernet 2/0/27
133740.553: [13:37:40] switchport access vlan 300
133740.553: [13:37:40]!
133740.553: [13:37:40]interface GigabitEthernet 2/0/28
133740.553: [13:37:40] switchport access vlan 300
133740.553: [13:37:40]!
133740.553: [13:37:40]interface GigabitEthernet 2/0/29
133740.553: [13:37:40] port-group 20 mode active
133740.553: [13:37:40]!
133740.553: [13:37:40]interface GigabitEthernet 2/0/30
133740.553: [13:37:40] port-group 21 mode active
133740.553: [13:37:40]!
133740.553: [13:37:40]interface GigabitEthernet 2/0/31
133740.553: [13:37:40] port-group 22 mode active
133740.553: [13:37:40]!
133740.992: [13:37:40]interface GigabitEthernet 2/0/32
133741.012: [13:37:41] port-group 23 mode active
133741.012: [13:37:41]!
133741.012: [13:37:41]interface GigabitEthernet 2/0/33
133741.012: [13:37:41] port-group 24 mode active
133741.012: [13:37:41]!
133741.012: [13:37:41]interface GigabitEthernet 2/0/34
133741.012: [13:37:41] port-group 25 mode active
133741.012: [13:37:41]!
133741.012: [13:37:41]interface GigabitEthernet 2/0/35
133741.012: [13:37:41] switchport mode trunk
133741.013: [13:37:41] switchport trunk allowed vlan only 2-99,101-299,301-4094
133741.013: [13:37:41]!
133741.013: [13:37:41]interface GigabitEthernet 2/0/36
133741.013: [13:37:41]!
133741.013: [13:37:41]interface GigabitEthernet 2/0/37
133741.013: [13:37:41] switchport access vlan 101
133741.013: [13:37:41]!
133741.013: [13:37:41]interface GigabitEthernet 2/0/38
133741.013: [13:37:41] switchport access vlan 101
133741.013: [13:37:41]!
133741.013: [13:37:41]interface GigabitEthernet 2/0/39
133741.013: [13:37:41] switchport access vlan 101
133741.013: [13:37:41]!
133742.237: [13:37:42]interface GigabitEthernet 2/0/40
133742.253: [13:37:42] switchport access vlan 101
133742.254: [13:37:42]!
133742.254: [13:37:42]interface GigabitEthernet 2/0/41
133742.254: [13:37:42] switchport access vlan 101
133742.254: [13:37:42]!
133742.254: [13:37:42]interface GigabitEthernet 2/0/42
133742.254: [13:37:42]!
133742.254: [13:37:42]interface GigabitEthernet 2/0/43
133742.254: [13:37:42]!
133742.254: [13:37:42]interface GigabitEthernet 2/0/44
133742.254: [13:37:42]!
133742.254: [13:37:42]interface GigabitEthernet 2/0/45
133742.254: [13:37:42]!
133742.254: [13:37:42]interface GigabitEthernet 2/0/46
133742.254: [13:37:42]!
133742.254: [13:37:42]interface GigabitEthernet 2/0/47
133742.254: [13:37:42] switchport access vlan 101
133742.254: [13:37:42]!
133742.254: [13:37:42]interface GigabitEthernet 2/0/48
133742.254: [13:37:42] no switchport
133742.255: [13:37:42] ip address 192.168.8.88 255.255.252.0
133742.255: [13:37:42]!
133742.255: [13:37:42]interface TenGigabitEthernet 1/0/49
133742.482: [13:37:42]!         
133742.497: [13:37:42]interface TenGigabitEthernet 1/0/50
133742.497: [13:37:42]!
133742.497: [13:37:42]interface TenGigabitEthernet 1/0/51
133742.497: [13:37:42] switchport access vlan 101
133742.497: [13:37:42]!
133742.498: [13:37:42]interface TenGigabitEthernet 1/0/52
133742.498: [13:37:42] switchport access vlan 101
133742.498: [13:37:42]!
133742.498: [13:37:42]interface TenGigabitEthernet 2/0/49
133742.498: [13:37:42]!
133742.498: [13:37:42]interface TenGigabitEthernet 2/0/50
133742.498: [13:37:42]!
133742.498: [13:37:42]interface TenGigabitEthernet 2/0/51
133742.498: [13:37:42] description this
133742.498: [13:37:42] switchport access vlan 101
133742.498: [13:37:42]!
133742.498: [13:37:42]interface TenGigabitEthernet 2/0/52
133742.498: [13:37:42]!
133742.498: [13:37:42]interface AggregatePort 1
133742.498: [13:37:42] switchport mode trunk
133742.498: [13:37:42] switchport trunk allowed vlan only 2-99,101-299,301-4094
133742.498: [13:37:42]!
133742.498: [13:37:42]interface AggregatePort 2
133756.909: [13:37:56] switchport mode trunk
133756.926: [13:37:56] switchport trunk allowed vlan only 2-99,101-299,301-4094
133756.930: [13:37:56]!
133756.930: [13:37:56]interface AggregatePort 3
133756.930: [13:37:56] switchport mode trunk
133756.930: [13:37:56] switchport trunk allowed vlan only 2-99,101-299,301-4094
133756.930: [13:37:56]!
133756.930: [13:37:56]interface AggregatePort 4
133756.930: [13:37:56] switchport mode trunk
133756.930: [13:37:56] switchport trunk allowed vlan only 2-99,101-299,301-4094
133756.930: [13:37:56]!
133756.930: [13:37:56]interface AggregatePort 5
133756.930: [13:37:56] switchport mode trunk
133756.930: [13:37:56] switchport trunk allowed vlan only 2-99,101-299,301-4094
133756.930: [13:37:56]!
133756.930: [13:37:56]interface AggregatePort 6
133756.930: [13:37:56] switchport mode trunk
133756.930: [13:37:56] switchport trunk allowed vlan only 2-99,101-299,301-4094
133756.930: [13:37:56]!
133756.930: [13:37:56]interface AggregatePort 7
133756.930: [13:37:56] switchport mode trunk
133756.930: [13:37:56] switchport trunk allowed vlan only 2-99,101-299,301-4094
133756.930: [13:37:56]!
133756.930: [13:37:56]interface AggregatePort 8
133802.651: [13:38:02]          
133804.485: [13:38:04]Ruijie#int
133807.976: [13:38:07]Ruijie#intern
133932.551: [13:39:32]Ruijie#confi 
133933.912: [13:39:33]Ruijie#configure ter
133935.071: [13:39:35]Ruijie#configure terminal 
133935.278: [13:39:35]Enter configuration commands, one per line.  End with CNTL/Z.
133937.405: [13:39:37]Ruijie(config)#int
133941.706: [13:39:41]Ruijie(config)#interface ten
133945.240: [13:39:45]Ruijie(config)#interface tenGigabitEthernet 2/0/52
133945.680: [13:39:45]Ruijie(config)#interface tenGigabitEthernet 2/0/52
133947.680: [13:39:47]Ruijie(config-if-TenGigabitEthernet 2/0/52)#show this
133948.845: [13:39:48]
133948.855: [13:39:48]Building configuration...
133948.914: [13:39:48]!
133948.924: [13:39:48]end
134000.433: [13:40:00]Ruijie(config-if-TenGigabitEthernet 2/0/52)#swi
134001.968: [13:40:01]Ruijie(config-if-TenGigabitEthernet 2/0/52)#switchport ac
134003.206: [13:40:03]Ruijie(config-if-TenGigabitEthernet 2/0/52)#switchport access 10
134004.870: [13:40:04]Ruijie(config-if-TenGigabitEthernet 2/0/52)#switchport access 101
134004.887: [13:40:04]                                                              ^
134004.892: [13:40:04]% Invalid input detected at '^' marker.
134004.892: [13:40:04]
134011.264: [13:40:11]Ruijie(config-if-TenGigabitEthernet 2/0/52)#switchport accessvl  
134012.940: [13:40:12]Ruijie(config-if-TenGigabitEthernet 2/0/52)#switchport access vl
134015.074: [13:40:15]Ruijie(config-if-TenGigabitEthernet 2/0/52)#switchport access vlan 101
134016.974: [13:40:16]Ruijie(config-if-TenGigabitEthernet 2/0/52)#show this
134017.315: [13:40:17]
134017.327: [13:40:17]Building configuration...
134017.385: [13:40:17]!
134017.400: [13:40:17] switchport access vlan 101
134017.400: [13:40:17]!
134017.400: [13:40:17]end
134021.382: [13:40:21]Ruijie(config-if-TenGigabitEthernet 2/0/52)#quit
134021.399: [13:40:21]% Unknown command.
134021.414: [13:40:21]
134022.603: [13:40:22]Ruijie(config-if-TenGigabitEthernet 2/0/52)#show int
134023.110: [13:40:23]Ruijie(config-if-TenGigabitEthernet 2/0/52)#show interfaces  br
134023.444: [13:40:23]Ruijie(config-if-TenGigabitEthernet 2/0/52)#show interfaces  br
134023.467: [13:40:23]                                                              ^
134023.486: [13:40:23]% Invalid input detected at '^' marker.
134023.486: [13:40:23]
134025.714: [13:40:25]Ruijie(config-if-TenGigabitEthernet 2/0/52)#show interfaces  ? 
134025.732: [13:40:25]  AggregatePort       Aggregate port interface
134025.732: [13:40:25]  GigabitEthernet     Gigabit Ethernet interface
134025.732: [13:40:25]  Loopback            Loopback interface
134025.732: [13:40:25]  Mgmt                Mgmt interface
134025.732: [13:40:25]  Null                Null interface
134025.732: [13:40:25]  TenGigabitEthernet  10G Ethernet interface
134025.732: [13:40:25]  Tunnel              Tunnel interface
134025.732: [13:40:25]  VLAN                Vlan interface
134025.733: [13:40:25]  arp-check           Port-security arp-check
134025.733: [13:40:25]  counters            Counters on one or all interface
134025.733: [13:40:25]  dampening           Show interface dampening info
134025.733: [13:40:25]  description         Show interface description
134025.733: [13:40:25]  dot1q-tunnel        Show interface dot1q-tunnel
134025.733: [13:40:25]  link-state-change   Show interface link state change information
134025.733: [13:40:25]  remark              Show interface remark
134025.733: [13:40:25]  status              Show interface line status
134025.733: [13:40:25]  switchport          Show interface switchport information
134025.733: [13:40:25]  transceiver         Show basic information
134025.733: [13:40:25]  trunk               Show interface trunk information
134025.733: [13:40:25]  usage               Show interface bandwidth usage
134025.733: [13:40:25]  |                   Output modifiers
134025.733: [13:40:25]  <cr>                
134025.733: [13:40:25]
134029.231: [13:40:29]Ruijie(config-if-TenGigabitEthernet 2/0/52)#show interfaces  sts
134030.041: [13:40:30]Ruijie(config-if-TenGigabitEthernet 2/0/52)#show interfaces  sta
134030.390: [13:40:30]Ruijie(config-if-TenGigabitEthernet 2/0/52)#show interfaces  status 
134030.422: [13:40:30]Interface                                Status    Vlan   Duplex   Speed     Type  
134030.434: [13:40:30]---------------------------------------- --------  ----   -------  --------- ------
134030.434: [13:40:30]GigabitEthernet 1/0/1                    up        101    Full     1000M     copper
134030.434: [13:40:30]GigabitEthernet 1/0/2                    up        101    Full     1000M     copper
134030.435: [13:40:30]GigabitEthernet 1/0/3                    up        101    Full     1000M     copper
134030.435: [13:40:30]GigabitEthernet 1/0/4                    up        101    Full     1000M     copper
134030.435: [13:40:30]GigabitEthernet 1/0/5                    up        101    Full     1000M     copper
134030.435: [13:40:30]GigabitEthernet 1/0/6                    up        101    Full     1000M     copper
134030.435: [13:40:30]GigabitEthernet 1/0/7                    up        1      Full     1000M     copper
134030.435: [13:40:30]GigabitEthernet 1/0/8                    up        1      Full     1000M     copper
134030.435: [13:40:30]GigabitEthernet 1/0/9                    up        1      Full     100M      copper
134030.435: [13:40:30]GigabitEthernet 1/0/10                   up        1      Full     1000M     copper
134030.435: [13:40:30]GigabitEthernet 1/0/11                   up        1      Full     1000M     copper
134030.435: [13:40:30]GigabitEthernet 1/0/12                   down      1      Unknown  Unknown   copper
134030.435: [13:40:30]GigabitEthernet 1/0/13                   up        1      Full     1000M     copper
134030.435: [13:40:30]GigabitEthernet 1/0/14                   up        1      Full     1000M     copper
134030.435: [13:40:30]GigabitEthernet 1/0/15                   up        1      Full     1000M     copper
134030.435: [13:40:30]GigabitEthernet 1/0/16                   up        1      Full     1000M     copper
134030.436: [13:40:30]GigabitEthernet 1/0/17                   up        300    Full     10M       copper
134030.436: [13:40:30]GigabitEthernet 1/0/18                   up        300    Full     1000M     copper
134030.436: [13:40:30]GigabitEthernet 1/0/19                   up        300    Full     1000M     copper
134030.447: [13:40:30]GigabitEthernet 1/0/20                   up        300    Full     1000M     copper
134030.447: [13:40:30]GigabitEthernet 1/0/21                   up        300    Full     1000M     copper
134030.447: [13:40:30]GigabitEthernet 1/0/22                   up        300    Full     1000M     copper
134031.171: [13:40:31]GigabitEthernet 1/0/23                   up        300    Full     1000M     copper
134031.184: [13:40:31]GigabitEthernet 1/0/24                   up        300    Full     1000M     copper
134031.184: [13:40:31]GigabitEthernet 1/0/25                   up        100    Full     1000M     copper
134031.184: [13:40:31]GigabitEthernet 1/0/26                   up        300    Full     1000M     copper
134031.184: [13:40:31]GigabitEthernet 1/0/27                   up        300    Full     1000M     copper
134031.185: [13:40:31]GigabitEthernet 1/0/28                   up        300    Full     1000M     copper
134031.185: [13:40:31]GigabitEthernet 1/0/29                   up        101    Full     1000M     copper
134031.185: [13:40:31]GigabitEthernet 1/0/30                   up        101    Full     1000M     copper
134031.185: [13:40:31]GigabitEthernet 1/0/31                   up        101    Full     1000M     copper
134031.185: [13:40:31]GigabitEthernet 1/0/32                   up        101    Full     1000M     copper
134031.185: [13:40:31]GigabitEthernet 1/0/33                   up        101    Full     1000M     copper
134031.185: [13:40:31]GigabitEthernet 1/0/34                   up        101    Full     1000M     copper
134031.185: [13:40:31]GigabitEthernet 1/0/35                   down      101    Unknown  Unknown   copper
134031.185: [13:40:31]GigabitEthernet 1/0/36                   down      101    Unknown  Unknown   copper
134031.185: [13:40:31]GigabitEthernet 1/0/37                   down      1      Unknown  Unknown   copper
134031.185: [13:40:31]GigabitEthernet 1/0/38                   down      1      Unknown  Unknown   copper
134031.185: [13:40:31]GigabitEthernet 1/0/39                   down      1      Unknown  Unknown   copper
134031.185: [13:40:31]GigabitEthernet 1/0/40                   down      1      Unknown  Unknown   copper
134031.185: [13:40:31]GigabitEthernet 1/0/41                   down      1      Unknown  Unknown   copper
134031.193: [13:40:31]GigabitEthernet 1/0/42                   down      1      Unknown  Unknown   copper
134031.193: [13:40:31]GigabitEthernet 1/0/43                   down      1      Unknown  Unknown   copper
134031.193: [13:40:31]GigabitEthernet 1/0/44                   down      100    Unknown  Unknown   copper
134031.194: [13:40:31]GigabitEthernet 1/0/45                   up        300    Full     1000M     copper
134031.194: [13:40:31]GigabitEthernet 1/0/46                   up        100    Full     100M      copper
134031.954: [13:40:31]GigabitEthernet 1/0/47                   up        100    Full     1000M     copper
134031.966: [13:40:31]GigabitEthernet 1/0/48                   up        100    Full     1000M     copper
134031.972: [13:40:31]GigabitEthernet 2/0/1                    up        101    Full     1000M     copper
134031.972: [13:40:31]GigabitEthernet 2/0/2                    up        101    Full     1000M     copper
134031.972: [13:40:31]GigabitEthernet 2/0/3                    up        101    Full     1000M     copper
134031.972: [13:40:31]GigabitEthernet 2/0/4                    up        101    Full     1000M     copper
134031.972: [13:40:31]GigabitEthernet 2/0/5                    up        101    Full     1000M     copper
134031.972: [13:40:31]GigabitEthernet 2/0/6                    up        101    Full     1000M     copper
134031.972: [13:40:31]GigabitEthernet 2/0/7                    up        1      Full     1000M     copper
134031.972: [13:40:31]GigabitEthernet 2/0/8                    up        1      Full     1000M     copper
134031.972: [13:40:31]GigabitEthernet 2/0/9                    up        1      Full     1000M     copper
134031.972: [13:40:31]GigabitEthernet 2/0/10                   up        1      Full     1000M     copper
134031.973: [13:40:31]GigabitEthernet 2/0/11                   up        1      Full     1000M     copper
134031.973: [13:40:31]GigabitEthernet 2/0/12                   down      1      Unknown  Unknown   copper
134031.973: [13:40:31]GigabitEthernet 2/0/13                   up        1      Full     1000M     copper
134031.973: [13:40:31]GigabitEthernet 2/0/14                   up        1      Full     1000M     copper
134031.973: [13:40:31]GigabitEthernet 2/0/15                   up        1      Full     1000M     copper
134031.973: [13:40:31]GigabitEthernet 2/0/16                   up        1      Full     1000M     copper
134031.973: [13:40:31]GigabitEthernet 2/0/17                   up        300    Full     1000M     copper
134031.973: [13:40:31]GigabitEthernet 2/0/18                   up        300    Full     1000M     copper
134031.973: [13:40:31]GigabitEthernet 2/0/19                   up        300    Full     1000M     copper
134031.973: [13:40:31]GigabitEthernet 2/0/20                   down      300    Unknown  Unknown   copper
134031.973: [13:40:31]GigabitEthernet 2/0/21                   up        300    Full     1000M     copper
134031.974: [13:40:31]GigabitEthernet 2/0/22                   up        300    Full     1000M     copper
134033.227: [13:40:33]GigabitEthernet 2/0/23                   up        300    Full     1000M     copper
134033.238: [13:40:33]GigabitEthernet 2/0/24                   up        300    Full     1000M     copper
134033.247: [13:40:33]GigabitEthernet 2/0/25                   up        100    Full     1000M     copper
134033.247: [13:40:33]GigabitEthernet 2/0/26                   up        300    Full     1000M     copper
134033.247: [13:40:33]GigabitEthernet 2/0/27                   up        300    Full     1000M     copper
134033.247: [13:40:33]GigabitEthernet 2/0/28                   up        300    Full     1000M     copper
134033.247: [13:40:33]GigabitEthernet 2/0/29                   up        101    Full     1000M     copper
134033.247: [13:40:33]GigabitEthernet 2/0/30                   up        101    Full     1000M     copper
134033.247: [13:40:33]GigabitEthernet 2/0/31                   up        101    Full     1000M     copper
134033.248: [13:40:33]GigabitEthernet 2/0/32                   up        101    Full     1000M     copper
134033.248: [13:40:33]GigabitEthernet 2/0/33                   up        101    Full     1000M     copper
134033.248: [13:40:33]GigabitEthernet 2/0/34                   up        101    Full     1000M     copper
134033.248: [13:40:33]GigabitEthernet 2/0/35                   down      1      Unknown  Unknown   copper
134033.248: [13:40:33]GigabitEthernet 2/0/36                   down      1      Unknown  Unknown   copper
134033.248: [13:40:33]GigabitEthernet 2/0/37                   up        101    Full     1000M     copper
134033.248: [13:40:33]GigabitEthernet 2/0/38                   up        101    Full     1000M     copper
134033.248: [13:40:33]GigabitEthernet 2/0/39                   up        101    Full     1000M     copper
134033.248: [13:40:33]GigabitEthernet 2/0/40                   up        101    Full     1000M     copper
134033.248: [13:40:33]GigabitEthernet 2/0/41                   up        101    Full     1000M     copper
134033.256: [13:40:33]GigabitEthernet 2/0/42                   down      1      Unknown  Unknown   copper
134033.256: [13:40:33]GigabitEthernet 2/0/43                   down      1      Unknown  Unknown   copper
134033.256: [13:40:33]GigabitEthernet 2/0/44                   down      1      Unknown  Unknown   copper
134033.256: [13:40:33]GigabitEthernet 2/0/45                   down      1      Unknown  Unknown   copper
134033.256: [13:40:33]GigabitEthernet 2/0/46                   down      1      Unknown  Unknown   copper
134033.697: [13:40:33]GigabitEthernet 2/0/47                   down      101    Unknown  Unknown   copper
134033.712: [13:40:33]GigabitEthernet 2/0/48                   up        routed Full     1000M     copper
134033.712: [13:40:33]TenGigabitEthernet 1/0/49                up               Full     10G       fiber
134033.712: [13:40:33]TenGigabitEthernet 1/0/50                up               Full     10G       fiber
134033.712: [13:40:33]TenGigabitEthernet 1/0/51                up        101    Full     10G       fiber
134033.712: [13:40:33]TenGigabitEthernet 1/0/52                up        101    Full     10G       fiber
134033.712: [13:40:33]TenGigabitEthernet 2/0/49                up               Full     10G       fiber
134033.712: [13:40:33]TenGigabitEthernet 2/0/50                up               Full     10G       fiber
134033.713: [13:40:33]TenGigabitEthernet 2/0/51                up        101    Full     1000M     fiber
134033.713: [13:40:33]TenGigabitEthernet 2/0/52                down      101    Unknown  Unknown   fiber
134033.713: [13:40:33]AggregatePort 1                          up        1      Full     2000M     copper
134033.713: [13:40:33]AggregatePort 2                          up        1      Full     2000M     copper
134033.713: [13:40:33]AggregatePort 3                          up        1      Full     1000M     copper
134033.713: [13:40:33]AggregatePort 4                          up        1      Full     2000M     copper
134033.713: [13:40:33]AggregatePort 5                          up        1      Full     2000M     copper
134033.713: [13:40:33]AggregatePort 6                          down      1      Unknown  Unknown   copper
134033.713: [13:40:33]AggregatePort 7                          up        1      Full     2000M     copper
134033.713: [13:40:33]AggregatePort 8                          up        1      Full     2000M     copper
134033.713: [13:40:33]AggregatePort 9                          up        1      Full     2000M     copper
134033.713: [13:40:33]AggregatePort 10                         up        1      Full     2000M     copper
134033.725: [13:40:33]AggregatePort 20                         up        101    Full     2000M     copper
134033.725: [13:40:33]AggregatePort 21                         up        101    Full     2000M     copper
134033.726: [13:40:33]AggregatePort 22                         up        101    Full     2000M     copper
134033.726: [13:40:33]AggregatePort 23                         up        101    Full     2000M     copper
134043.912: [13:40:43]Ruijie(config-if-TenGigabitEthernet 2/0/52)#show vlan
134043.951: [13:40:43]VLAN       Name                             Status    Ports
134043.963: [13:40:43]---------- -------------------------------- --------- -----------------------------------
134043.967: [13:40:43]         1 VLAN0001                         STATIC    Gi1/0/37, Gi1/0/38, Gi1/0/39, Gi1/0/40
134043.967: [13:40:43]                                                      Gi1/0/41, Gi1/0/42, Gi1/0/43, Gi2/0/36
134043.967: [13:40:43]                                                      Gi2/0/42, Gi2/0/43, Gi2/0/44, Gi2/0/45
134043.967: [13:40:43]                                                      Gi2/0/46                              
134043.967: [13:40:43]       100 VLAN0100                         STATIC    Gi1/0/25, Gi1/0/44, Gi1/0/46, Gi1/0/47
134043.967: [13:40:43]                                                      Gi1/0/48, Gi2/0/25                    
134043.968: [13:40:43]       101 VLAN0101                         STATIC    Gi1/0/1, Gi1/0/2, Gi1/0/3, Gi1/0/4    
134043.968: [13:40:43]                                                      Gi1/0/5, Gi1/0/6, Gi1/0/35, Gi1/0/36  
134043.968: [13:40:43]                                                      Te1/0/51, Te1/0/52, Gi2/0/1, Gi2/0/2  
134043.968: [13:40:43]                                                      Gi2/0/3, Gi2/0/4, Gi2/0/5, Gi2/0/6    
134043.968: [13:40:43]                                                      Gi2/0/35, Gi2/0/37, Gi2/0/38, Gi2/0/39
134043.968: [13:40:43]                                                      Gi2/0/40, Gi2/0/41, Gi2/0/47, Te2/0/51
134043.968: [13:40:43]                                                      Te2/0/52, Ag1, Ag2, Ag3               
134043.968: [13:40:43]                                                      Ag4, Ag5, Ag6, Ag7                    
134043.968: [13:40:43]                                                      Ag8, Ag9, Ag10, Ag20                  
134043.977: [13:40:43]                                                      Ag21, Ag22, Ag23, Ag24                
134043.977: [13:40:43]                                                      Ag25                                  
134043.978: [13:40:43]       208 VLAN0208                         STATIC    Gi2/0/35, Ag1, Ag2, Ag3               
134043.978: [13:40:43]                                                      Ag4, Ag5, Ag6, Ag7                    
134043.978: [13:40:43]                                                      Ag8, Ag9, Ag10                        
134043.978: [13:40:43]       300 VLAN0300                         STATIC    Gi1/0/17, Gi1/0/18, Gi1/0/19, Gi1/0/20
134043.978: [13:40:43]                                                      Gi1/0/21, Gi1/0/22, Gi1/0/23, Gi1/0/24
134044.990: [13:40:44]                                                      Gi1/0/26, Gi1/0/27, Gi1/0/28, Gi1/0/45
134045.002: [13:40:45]                                                      Gi2/0/17, Gi2/0/18, Gi2/0/19, Gi2/0/20
134045.002: [13:40:45]                                                      Gi2/0/21, Gi2/0/22, Gi2/0/23, Gi2/0/24
134045.002: [13:40:45]                                                      Gi2/0/26, Gi2/0/27, Gi2/0/28          
134310.455: [13:43:10]Ruijie(config-if-TenGigabitEthernet 2/0/52)#show int
134312.972: [13:43:12]Ruijie(config-if-TenGigabitEthernet 2/0/52)#show interfaces tran
134315.235: [13:43:15]Ruijie(config-if-TenGigabitEthernet 2/0/52)#show interfaces transceiver 
134315.268: [13:43:15]
134315.280: [13:43:15]========Interface TenGigabitEthernet 1/0/49========
134315.280: [13:43:15]Transceiver Type    :  10GBASE-SR-SFP+
134315.280: [13:43:15]Connector Type      :  LC
134315.280: [13:43:15]Wavelength(nm)      :  850
134315.280: [13:43:15]Transfer Distance   : 
134315.280: [13:43:15]    50/125 um OM2 fiber
134315.280: [13:43:15]        -- 80m
134315.280: [13:43:15]    62.5/125 um OM1 fiber
134315.280: [13:43:15]        -- 30m
134315.280: [13:43:15]    50/125 um OM3 fiber
134315.280: [13:43:15]        -- 300m
134315.280: [13:43:15]Digital Diagnostic Monitoring  : YES
134315.280: [13:43:15]Vendor Serial Number           : N27G00362       
134315.280: [13:43:15]
134315.281: [13:43:15]Current diagnostic parameters[AP:Average Power]:
134315.281: [13:43:15]Temp(Celsius)   Voltage(V)      Bias(mA)            RX power(dBm)       TX power(dBm)
134315.281: [13:43:15]36(OK)          3.26(OK)        6.46(OK)            -2.18(OK)[AP]       -2.02(OK)
134315.281: [13:43:15]
134315.281: [13:43:15]Transceiver current alarm information:
134315.281: [13:43:15]None
134315.281: [13:43:15]
134315.281: [13:43:15]========Interface TenGigabitEthernet 1/0/50========
134315.281: [13:43:15]Transceiver Type    :  10GBASE-SR-SFP+
134318.618: [13:43:18]Connector Type      :  LC
134318.626: [13:43:18]Wavelength(nm)      :  850
134318.626: [13:43:18]Transfer Distance   : 
134318.626: [13:43:18]    50/125 um OM2 fiber
134318.626: [13:43:18]        -- 80m
134318.626: [13:43:18]    62.5/125 um OM1 fiber
134318.626: [13:43:18]        -- 30m
134318.626: [13:43:18]    50/125 um OM3 fiber
134318.626: [13:43:18]        -- 300m
134318.626: [13:43:18]Digital Diagnostic Monitoring  : YES
134318.627: [13:43:18]Vendor Serial Number           : N27G01922       
134318.627: [13:43:18]
134318.627: [13:43:18]Current diagnostic parameters[AP:Average Power]:
134318.627: [13:43:18]Temp(Celsius)   Voltage(V)      Bias(mA)            RX power(dBm)       TX power(dBm)
134318.627: [13:43:18]36(OK)          3.31(OK)        6.72(OK)            -1.68(OK)[AP]       -1.74(OK)
134318.627: [13:43:18]
134318.627: [13:43:18]Transceiver current alarm information:
134318.627: [13:43:18]None
134318.627: [13:43:18]
134318.627: [13:43:18]========Interface TenGigabitEthernet 1/0/51========
134318.627: [13:43:18]Transceiver Type    :  10GBASE-SR-SFP+
134318.627: [13:43:18]Connector Type      :  LC
134318.627: [13:43:18]Wavelength(nm)      :  850
134318.628: [13:43:18]Transfer Distance   : 
134322.248: [13:43:22]Ruijie(config-if-TenGigabitEthernet 2/0/52)#show interfaces transceiver ?
134322.264: [13:43:22]  alarm      Show alarm information
134322.282: [13:43:22]  diagnosis  Show diagnosis information
134322.282: [13:43:22]  |          Output modifiers
134322.282: [13:43:22]  <cr>       
134322.282: [13:43:22]
134325.704: [13:43:25]Ruijie(config-if-TenGigabitEthernet 2/0/52)#show interfaces transceiver 
134325.765: [13:43:25]
134325.778: [13:43:25]========Interface TenGigabitEthernet 1/0/49========
134325.778: [13:43:25]Transceiver Type    :  10GBASE-SR-SFP+
134325.779: [13:43:25]Connector Type      :  LC
134325.779: [13:43:25]Wavelength(nm)      :  850
134325.779: [13:43:25]Transfer Distance   : 
134325.779: [13:43:25]    50/125 um OM2 fiber
134325.779: [13:43:25]        -- 80m
134325.779: [13:43:25]    62.5/125 um OM1 fiber
134325.779: [13:43:25]        -- 30m
134325.779: [13:43:25]    50/125 um OM3 fiber
134325.779: [13:43:25]        -- 300m
134325.779: [13:43:25]Digital Diagnostic Monitoring  : YES
134325.779: [13:43:25]Vendor Serial Number           : N27G00362       
134325.779: [13:43:25]
134325.779: [13:43:25]Current diagnostic parameters[AP:Average Power]:
134325.780: [13:43:25]Temp(Celsius)   Voltage(V)      Bias(mA)            RX power(dBm)       TX power(dBm)
134325.780: [13:43:25]36(OK)          3.26(OK)        6.46(OK)            -2.18(OK)[AP]       -2.02(OK)
134325.780: [13:43:25]
134325.780: [13:43:25]Transceiver current alarm information:
134325.780: [13:43:25]None
134325.780: [13:43:25]
134325.780: [13:43:25]========Interface TenGigabitEthernet 1/0/50========
134325.780: [13:43:25]Transceiver Type    :  10GBASE-SR-SFP+
134326.833: [13:43:26]Connector Type      :  LC
134326.844: [13:43:26]Wavelength(nm)      :  850
134326.844: [13:43:26]Transfer Distance   : 
134326.844: [13:43:26]    50/125 um OM2 fiber
134326.844: [13:43:26]        -- 80m
134326.844: [13:43:26]    62.5/125 um OM1 fiber
134326.844: [13:43:26]        -- 30m
134326.844: [13:43:26]    50/125 um OM3 fiber
134326.844: [13:43:26]        -- 300m
134326.845: [13:43:26]Digital Diagnostic Monitoring  : YES
134326.845: [13:43:26]Vendor Serial Number           : N27G01922       
134326.845: [13:43:26]
134326.845: [13:43:26]Current diagnostic parameters[AP:Average Power]:
134326.845: [13:43:26]Temp(Celsius)   Voltage(V)      Bias(mA)            RX power(dBm)       TX power(dBm)
134326.864: [13:43:26]36(OK)          3.31(OK)        6.72(OK)            -1.68(OK)[AP]       -1.74(OK)
134326.864: [13:43:26]
134326.864: [13:43:26]Transceiver current alarm information:
134326.864: [13:43:26]None
134326.864: [13:43:26]
134326.865: [13:43:26]========Interface TenGigabitEthernet 1/0/51========
134326.865: [13:43:26]Transceiver Type    :  10GBASE-SR-SFP+
134326.865: [13:43:26]Connector Type      :  LC
134326.865: [13:43:26]Wavelength(nm)      :  850
134326.865: [13:43:26]Transfer Distance   : 
134330.285: [13:43:30]Ruijie(config-if-TenGigabitEthernet 2/0/52)#show interfaces transceiver | ?
134330.285: [13:43:30]  begin    Begin with the line that matches
134330.302: [13:43:30]  exclude  Exclude lines that match
134330.302: [13:43:30]  include  Include lines that match
134330.318: [13:43:30]  regexp   Match with regexp
134330.318: [13:43:30]
134331.828: [13:43:31]Ruijie(config-if-TenGigabitEthernet 2/0/52)#show interfaces transceiver | in
134335.292: [13:43:35]Ruijie(config-if-TenGigabitEthernet 2/0/52)#$ransceiver | include 2/0/52
134335.319: [13:43:35]========Interface TenGigabitEthernet 2/0/52========
134346.531: [13:43:46]Ruijie(config-if-TenGigabitEthernet 2/0/52)#show int                    
134347.626: [13:43:47]Ruijie(config-if-TenGigabitEthernet 2/0/52)#show interfaces tra
134348.342: [13:43:48]Ruijie(config-if-TenGigabitEthernet 2/0/52)#show interfaces transceiver 
134348.360: [13:43:48]
134348.379: [13:43:48]========Interface TenGigabitEthernet 1/0/49========
134348.379: [13:43:48]Transceiver Type    :  10GBASE-SR-SFP+
134348.379: [13:43:48]Connector Type      :  LC
134348.379: [13:43:48]Wavelength(nm)      :  850
134348.379: [13:43:48]Transfer Distance   : 
134348.379: [13:43:48]    50/125 um OM2 fiber
134348.379: [13:43:48]        -- 80m
134348.379: [13:43:48]    62.5/125 um OM1 fiber
134348.379: [13:43:48]        -- 30m
134348.379: [13:43:48]    50/125 um OM3 fiber
134348.379: [13:43:48]        -- 300m
134348.379: [13:43:48]Digital Diagnostic Monitoring  : YES
134348.379: [13:43:48]Vendor Serial Number           : N27G00362       
134348.379: [13:43:48]
134348.379: [13:43:48]Current diagnostic parameters[AP:Average Power]:
134348.379: [13:43:48]Temp(Celsius)   Voltage(V)      Bias(mA)            RX power(dBm)       TX power(dBm)
134348.379: [13:43:48]36(OK)          3.26(OK)        6.46(OK)            -2.18(OK)[AP]       -2.02(OK)
134348.379: [13:43:48]
134348.379: [13:43:48]Transceiver current alarm information:
134348.379: [13:43:48]None
134348.379: [13:43:48]
134348.379: [13:43:48]========Interface TenGigabitEthernet 1/0/50========
134348.380: [13:43:48]Transceiver Type    :  10GBASE-SR-SFP+
134348.834: [13:43:48]Connector Type      :  LC
134348.845: [13:43:48]Wavelength(nm)      :  850
134348.845: [13:43:48]Transfer Distance   : 
134348.845: [13:43:48]    50/125 um OM2 fiber
134348.846: [13:43:48]        -- 80m
134348.846: [13:43:48]    62.5/125 um OM1 fiber
134348.846: [13:43:48]        -- 30m
134348.846: [13:43:48]    50/125 um OM3 fiber
134348.846: [13:43:48]        -- 300m
134348.846: [13:43:48]Digital Diagnostic Monitoring  : YES
134348.846: [13:43:48]Vendor Serial Number           : N27G01922       
134348.846: [13:43:48]
134348.846: [13:43:48]Current diagnostic parameters[AP:Average Power]:
134348.846: [13:43:48]Temp(Celsius)   Voltage(V)      Bias(mA)            RX power(dBm)       TX power(dBm)
134348.846: [13:43:48]36(OK)          3.31(OK)        6.72(OK)            -1.68(OK)[AP]       -1.74(OK)
134348.846: [13:43:48]
134348.846: [13:43:48]Transceiver current alarm information:
134348.846: [13:43:48]None
134348.846: [13:43:48]
134348.846: [13:43:48]========Interface TenGigabitEthernet 1/0/51========
134348.846: [13:43:48]Transceiver Type    :  10GBASE-SR-SFP+
134348.846: [13:43:48]Connector Type      :  LC
134348.846: [13:43:48]Wavelength(nm)      :  850
134348.846: [13:43:48]Transfer Distance   : 
134349.480: [13:43:49]    50/125 um OM2 fiber
134349.488: [13:43:49]        -- 80m
134349.488: [13:43:49]    62.5/125 um OM1 fiber
134349.488: [13:43:49]        -- 30m
134349.488: [13:43:49]    50/125 um OM3 fiber
134349.488: [13:43:49]        -- 300m
134349.488: [13:43:49]Digital Diagnostic Monitoring  : YES
134349.488: [13:43:49]Vendor Serial Number           : 2246503748      
134349.488: [13:43:49]
134349.488: [13:43:49]Current diagnostic parameters[AP:Average Power]:
134349.489: [13:43:49]Temp(Celsius)   Voltage(V)      Bias(mA)            RX power(dBm)       TX power(dBm)
134349.489: [13:43:49]29(OK)          3.24(OK)        6.08(OK)            -3.77(OK)[AP]       -2.99(OK)
134349.489: [13:43:49]
134349.489: [13:43:49]Transceiver current alarm information:
134349.489: [13:43:49]None
134349.489: [13:43:49]
134349.489: [13:43:49]========Interface TenGigabitEthernet 1/0/52========
134349.489: [13:43:49]Transceiver Type    :  10GBASE-SR-SFP+
134349.489: [13:43:49]Connector Type      :  LC
134349.489: [13:43:49]Wavelength(nm)      :  850
134349.489: [13:43:49]Transfer Distance   : 
134349.489: [13:43:49]    50/125 um OM2 fiber
134349.489: [13:43:49]        -- 80m
134349.489: [13:43:49]    62.5/125 um OM1 fiber
134350.255: [13:43:50]        -- 30m
134350.255: [13:43:50]    50/125 um OM3 fiber
134350.255: [13:43:50]        -- 300m
134350.255: [13:43:50]Digital Diagnostic Monitoring  : YES
134350.255: [13:43:50]Vendor Serial Number           : AAF1Z6D         
134350.255: [13:43:50]
134350.255: [13:43:50]Current diagnostic parameters[AP:Average Power]:
134350.256: [13:43:50]Temp(Celsius)   Voltage(V)      Bias(mA)            RX power(dBm)       TX power(dBm)
134350.256: [13:43:50]36(OK)          3.29(OK)        7.73(OK)            -2.71(OK)[AP]       -2.14(OK)
134350.256: [13:43:50]
134350.256: [13:43:50]Transceiver current alarm information:
134350.256: [13:43:50]None
134350.256: [13:43:50]
134350.256: [13:43:50]========Interface TenGigabitEthernet 2/0/49========
134350.256: [13:43:50]Transceiver Type    :  10GBASE-SR-SFP+
134350.256: [13:43:50]Connector Type      :  LC
134350.256: [13:43:50]Wavelength(nm)      :  850
134350.257: [13:43:50]Transfer Distance   : 
134350.257: [13:43:50]    50/125 um OM2 fiber
134350.257: [13:43:50]        -- 80m
134350.257: [13:43:50]    62.5/125 um OM1 fiber
134350.257: [13:43:50]        -- 30m
134350.257: [13:43:50]    50/125 um OM3 fiber
134350.257: [13:43:50]        -- 300m
134351.347: [13:43:51]Digital Diagnostic Monitoring  : YES
134351.367: [13:43:51]Vendor Serial Number           : N27G01936       
134351.367: [13:43:51]
134351.367: [13:43:51]Current diagnostic parameters[AP:Average Power]:
134351.367: [13:43:51]Temp(Celsius)   Voltage(V)      Bias(mA)            RX power(dBm)       TX power(dBm)
134351.367: [13:43:51]39(OK)          3.28(OK)        6.59(OK)            -2.43(OK)[AP]       -1.82(OK)
134351.367: [13:43:51]
134351.367: [13:43:51]Transceiver current alarm information:
134351.367: [13:43:51]None
134351.367: [13:43:51]
134351.368: [13:43:51]========Interface TenGigabitEthernet 2/0/50========
134351.368: [13:43:51]Transceiver Type    :  10GBASE-SR-SFP+
134351.368: [13:43:51]Connector Type      :  LC
134351.368: [13:43:51]Wavelength(nm)      :  850
134351.368: [13:43:51]Transfer Distance   : 
134351.368: [13:43:51]    50/125 um OM2 fiber
134351.368: [13:43:51]        -- 80m
134351.368: [13:43:51]    62.5/125 um OM1 fiber
134351.368: [13:43:51]        -- 30m
134351.368: [13:43:51]    50/125 um OM3 fiber
134351.368: [13:43:51]        -- 300m
134351.368: [13:43:51]Digital Diagnostic Monitoring  : YES
134351.368: [13:43:51]Vendor Serial Number           : N27G00960       
134351.368: [13:43:51]
134351.907: [13:43:51]Current diagnostic parameters[AP:Average Power]:
134351.928: [13:43:51]Temp(Celsius)   Voltage(V)      Bias(mA)            RX power(dBm)       TX power(dBm)
134351.928: [13:43:51]38(OK)          3.28(OK)        6.76(OK)            -1.99(OK)[AP]       -1.77(OK)
134351.928: [13:43:51]
134351.928: [13:43:51]Transceiver current alarm information:
134351.928: [13:43:51]None
134351.928: [13:43:51]
134351.928: [13:43:51]========Interface TenGigabitEthernet 2/0/51========
134351.928: [13:43:51]Transceiver Type    :  1000BASE-LH-SFP
134351.928: [13:43:51]Connector Type      :  LC
134351.928: [13:43:51]Wavelength(nm)      :  1310
134351.928: [13:43:51]Transfer Distance   : 
134351.928: [13:43:51]    SMF fiber
134351.928: [13:43:51]        -- 40km
134351.928: [13:43:51]Digital Diagnostic Monitoring  : YES
134351.928: [13:43:51]Vendor Serial Number           : 4000152260080   
134351.928: [13:43:51]
134351.928: [13:43:51]Current diagnostic parameters[AP:Average Power]:
134351.928: [13:43:51]Temp(Celsius)   Voltage(V)      Bias(mA)            RX power(dBm)       TX power(dBm)
134351.928: [13:43:51]41(OK)          3.24(OK)        25.55(OK)           -14.91(OK)[AP]      -2.36(OK)
134351.928: [13:43:51]
134351.928: [13:43:51]Transceiver current alarm information:
134351.928: [13:43:51]None
134351.928: [13:43:51]
134354.061: [13:43:54]========Interface TenGigabitEthernet 2/0/52========
134354.061: [13:43:54]Transceiver Type    :  25GBASE-SR-SFP28
134354.061: [13:43:54]Connector Type      :  LC
134354.061: [13:43:54]Wavelength(nm)      :  850
134354.061: [13:43:54]Transfer Distance   : 
134354.061: [13:43:54]    50/125 um OM3 fiber
134354.061: [13:43:54]        -- 70m
134354.061: [13:43:54]    50/125 um OM4 fiber
134354.062: [13:43:54]        -- 100m
134354.062: [13:43:54]Digital Diagnostic Monitoring  : YES
134354.062: [13:43:54]Vendor Serial Number           : U7NA2H14238     
134354.062: [13:43:54]
134354.062: [13:43:54]Current diagnostic parameters[AP:Average Power]:
134354.062: [13:43:54]Temp(Celsius)   Voltage(V)      Bias(mA)            RX power(dBm)       TX power(dBm)
134354.062: [13:43:54]35(OK)          3.33(OK)        6.56(OK)            1.34(OK)[AP]        -0.20(OK)
134354.062: [13:43:54]
134354.062: [13:43:54]Transceiver current alarm information:
134354.063: [13:43:54]None
134721.798: [13:47:21]Ruijie(config-if-TenGigabitEthernet 2/0/52)# show int
134723.247: [13:47:23]Ruijie(config-if-TenGigabitEthernet 2/0/52)#show interfaces  sta
134723.605: [13:47:23]Ruijie(config-if-TenGigabitEthernet 2/0/52)#show interfaces  status 
134723.639: [13:47:23]Interface                                Status    Vlan   Duplex   Speed     Type  
134723.651: [13:47:23]---------------------------------------- --------  ----   -------  --------- ------
134723.651: [13:47:23]GigabitEthernet 1/0/1                    up        101    Full     1000M     copper
134723.651: [13:47:23]GigabitEthernet 1/0/2                    up        101    Full     1000M     copper
134723.651: [13:47:23]GigabitEthernet 1/0/3                    up        101    Full     1000M     copper
134723.651: [13:47:23]GigabitEthernet 1/0/4                    up        101    Full     1000M     copper
134723.651: [13:47:23]GigabitEthernet 1/0/5                    up        101    Full     1000M     copper
134723.652: [13:47:23]GigabitEthernet 1/0/6                    up        101    Full     1000M     copper
134723.652: [13:47:23]GigabitEthernet 1/0/7                    up        1      Full     1000M     copper
134723.652: [13:47:23]GigabitEthernet 1/0/8                    up        1      Full     1000M     copper
134723.652: [13:47:23]GigabitEthernet 1/0/9                    up        1      Full     100M      copper
134723.662: [13:47:23]GigabitEthernet 1/0/10                   up        1      Full     1000M     copper
134723.662: [13:47:23]GigabitEthernet 1/0/11                   up        1      Full     1000M     copper
134723.662: [13:47:23]GigabitEthernet 1/0/12                   down      1      Unknown  Unknown   copper
134723.662: [13:47:23]GigabitEthernet 1/0/13                   up        1      Full     1000M     copper
134723.662: [13:47:23]GigabitEthernet 1/0/14                   up        1      Full     1000M     copper
134723.662: [13:47:23]GigabitEthernet 1/0/15                   up        1      Full     1000M     copper
134723.662: [13:47:23]GigabitEthernet 1/0/16                   up        1      Full     1000M     copper
134723.662: [13:47:23]GigabitEthernet 1/0/17                   up        300    Full     10M       copper
134723.662: [13:47:23]GigabitEthernet 1/0/18                   up        300    Full     1000M     copper
134723.663: [13:47:23]GigabitEthernet 1/0/19                   up        300    Full     1000M     copper
134723.663: [13:47:23]GigabitEthernet 1/0/20                   up        300    Full     1000M     copper
134723.663: [13:47:23]GigabitEthernet 1/0/21                   up        300    Full     1000M     copper
134723.663: [13:47:23]GigabitEthernet 1/0/22                   up        300    Full     1000M     copper
134724.104: [13:47:24]GigabitEthernet 1/0/23                   up        300    Full     1000M     copper
134724.116: [13:47:24]GigabitEthernet 1/0/24                   up        300    Full     1000M     copper
134724.117: [13:47:24]GigabitEthernet 1/0/25                   up        100    Full     1000M     copper
134724.117: [13:47:24]GigabitEthernet 1/0/26                   up        300    Full     1000M     copper
134724.117: [13:47:24]GigabitEthernet 1/0/27                   up        300    Full     1000M     copper
134724.117: [13:47:24]GigabitEthernet 1/0/28                   up        300    Full     1000M     copper
134724.117: [13:47:24]GigabitEthernet 1/0/29                   up        101    Full     1000M     copper
134724.117: [13:47:24]GigabitEthernet 1/0/30                   up        101    Full     1000M     copper
134724.118: [13:47:24]GigabitEthernet 1/0/31                   up        101    Full     1000M     copper
134724.118: [13:47:24]GigabitEthernet 1/0/32                   up        101    Full     1000M     copper
134724.118: [13:47:24]GigabitEthernet 1/0/33                   up        101    Full     1000M     copper
134724.118: [13:47:24]GigabitEthernet 1/0/34                   up        101    Full     1000M     copper
134724.119: [13:47:24]GigabitEthernet 1/0/35                   down      101    Unknown  Unknown   copper
134724.119: [13:47:24]GigabitEthernet 1/0/36                   down      101    Unknown  Unknown   copper
134724.119: [13:47:24]GigabitEthernet 1/0/37                   down      1      Unknown  Unknown   copper
134724.119: [13:47:24]GigabitEthernet 1/0/38                   down      1      Unknown  Unknown   copper
134724.119: [13:47:24]GigabitEthernet 1/0/39                   down      1      Unknown  Unknown   copper
134724.119: [13:47:24]GigabitEthernet 1/0/40                   down      1      Unknown  Unknown   copper
134724.127: [13:47:24]GigabitEthernet 1/0/41                   down      1      Unknown  Unknown   copper
134724.127: [13:47:24]GigabitEthernet 1/0/42                   down      1      Unknown  Unknown   copper
134724.127: [13:47:24]GigabitEthernet 1/0/43                   down      1      Unknown  Unknown   copper
134724.127: [13:47:24]GigabitEthernet 1/0/44                   down      100    Unknown  Unknown   copper
134724.127: [13:47:24]GigabitEthernet 1/0/45                   up        300    Full     1000M     copper
134724.127: [13:47:24]GigabitEthernet 1/0/46                   up        100    Full     100M      copper
134724.557: [13:47:24]GigabitEthernet 1/0/47                   up        100    Full     1000M     copper
134724.570: [13:47:24]GigabitEthernet 1/0/48                   up        100    Full     1000M     copper
134724.570: [13:47:24]GigabitEthernet 2/0/1                    up        101    Full     1000M     copper
134724.570: [13:47:24]GigabitEthernet 2/0/2                    up        101    Full     1000M     copper
134724.570: [13:47:24]GigabitEthernet 2/0/3                    up        101    Full     1000M     copper
134724.570: [13:47:24]GigabitEthernet 2/0/4                    up        101    Full     1000M     copper
134724.570: [13:47:24]GigabitEthernet 2/0/5                    up        101    Full     1000M     copper
134724.571: [13:47:24]GigabitEthernet 2/0/6                    up        101    Full     1000M     copper
134724.571: [13:47:24]GigabitEthernet 2/0/7                    up        1      Full     1000M     copper
134724.571: [13:47:24]GigabitEthernet 2/0/8                    up        1      Full     1000M     copper
134724.571: [13:47:24]GigabitEthernet 2/0/9                    up        1      Full     1000M     copper
134724.571: [13:47:24]GigabitEthernet 2/0/10                   up        1      Full     1000M     copper
134724.571: [13:47:24]GigabitEthernet 2/0/11                   up        1      Full     1000M     copper
134724.571: [13:47:24]GigabitEthernet 2/0/12                   down      1      Unknown  Unknown   copper
134724.571: [13:47:24]GigabitEthernet 2/0/13                   up        1      Full     1000M     copper
134724.571: [13:47:24]GigabitEthernet 2/0/14                   up        1      Full     1000M     copper
134724.571: [13:47:24]GigabitEthernet 2/0/15                   up        1      Full     1000M     copper
134724.572: [13:47:24]GigabitEthernet 2/0/16                   up        1      Full     1000M     copper
134724.572: [13:47:24]GigabitEthernet 2/0/17                   up        300    Full     1000M     copper
134724.572: [13:47:24]GigabitEthernet 2/0/18                   up        300    Full     1000M     copper
134724.572: [13:47:24]GigabitEthernet 2/0/19                   up        300    Full     1000M     copper
134724.572: [13:47:24]GigabitEthernet 2/0/20                   down      300    Unknown  Unknown   copper
134724.573: [13:47:24]GigabitEthernet 2/0/21                   up        300    Full     1000M     copper
134724.573: [13:47:24]GigabitEthernet 2/0/22                   up        300    Full     1000M     copper
134724.818: [13:47:24]GigabitEthernet 2/0/23                   up        300    Full     1000M     copper
134724.830: [13:47:24]GigabitEthernet 2/0/24                   up        300    Full     1000M     copper
134724.830: [13:47:24]GigabitEthernet 2/0/25                   up        100    Full     1000M     copper
134724.830: [13:47:24]GigabitEthernet 2/0/26                   up        300    Full     1000M     copper
134724.830: [13:47:24]GigabitEthernet 2/0/27                   up        300    Full     1000M     copper
134724.830: [13:47:24]GigabitEthernet 2/0/28                   up        300    Full     1000M     copper
134724.830: [13:47:24]GigabitEthernet 2/0/29                   up        101    Full     1000M     copper
134724.831: [13:47:24]GigabitEthernet 2/0/30                   up        101    Full     1000M     copper
134724.831: [13:47:24]GigabitEthernet 2/0/31                   up        101    Full     1000M     copper
134724.831: [13:47:24]GigabitEthernet 2/0/32                   up        101    Full     1000M     copper
134724.831: [13:47:24]GigabitEthernet 2/0/33                   up        101    Full     1000M     copper
134724.831: [13:47:24]GigabitEthernet 2/0/34                   up        101    Full     1000M     copper
134724.831: [13:47:24]GigabitEthernet 2/0/35                   down      1      Unknown  Unknown   copper
134724.831: [13:47:24]GigabitEthernet 2/0/36                   down      1      Unknown  Unknown   copper
134724.831: [13:47:24]GigabitEthernet 2/0/37                   up        101    Full     1000M     copper
134724.831: [13:47:24]GigabitEthernet 2/0/38                   up        101    Full     1000M     copper
134724.831: [13:47:24]GigabitEthernet 2/0/39                   up        101    Full     1000M     copper
134724.831: [13:47:24]GigabitEthernet 2/0/40                   up        101    Full     1000M     copper
134724.839: [13:47:24]GigabitEthernet 2/0/41                   up        101    Full     1000M     copper
134724.839: [13:47:24]GigabitEthernet 2/0/42                   down      1      Unknown  Unknown   copper
134724.839: [13:47:24]GigabitEthernet 2/0/43                   down      1      Unknown  Unknown   copper
134724.839: [13:47:24]GigabitEthernet 2/0/44                   down      1      Unknown  Unknown   copper
134724.840: [13:47:24]GigabitEthernet 2/0/45                   down      1      Unknown  Unknown   copper
134724.840: [13:47:24]GigabitEthernet 2/0/46                   down      1      Unknown  Unknown   copper
134725.528: [13:47:25]GigabitEthernet 2/0/47                   down      101    Unknown  Unknown   copper
134725.540: [13:47:25]GigabitEthernet 2/0/48                   up        routed Full     1000M     copper
134725.540: [13:47:25]TenGigabitEthernet 1/0/49                up               Full     10G       fiber
134725.540: [13:47:25]TenGigabitEthernet 1/0/50                up               Full     10G       fiber
134725.540: [13:47:25]TenGigabitEthernet 1/0/51                up        101    Full     10G       fiber
134725.540: [13:47:25]TenGigabitEthernet 1/0/52                up        101    Full     10G       fiber
134725.540: [13:47:25]TenGigabitEthernet 2/0/49                up               Full     10G       fiber
134725.541: [13:47:25]TenGigabitEthernet 2/0/50                up               Full     10G       fiber
134725.541: [13:47:25]TenGigabitEthernet 2/0/51                up        101    Full     1000M     fiber
134725.541: [13:47:25]TenGigabitEthernet 2/0/52                down      101    Unknown  Unknown   fiber
134725.541: [13:47:25]AggregatePort 1                          up        1      Full     2000M     copper
134725.541: [13:47:25]AggregatePort 2                          up        1      Full     2000M     copper
134725.541: [13:47:25]AggregatePort 3                          up        1      Full     1000M     copper
134725.541: [13:47:25]AggregatePort 4                          up        1      Full     2000M     copper
134725.541: [13:47:25]AggregatePort 5                          up        1      Full     2000M     copper
134725.541: [13:47:25]AggregatePort 6                          down      1      Unknown  Unknown   copper
134725.542: [13:47:25]AggregatePort 7                          up        1      Full     2000M     copper
134725.542: [13:47:25]AggregatePort 8                          up        1      Full     2000M     copper
134725.542: [13:47:25]AggregatePort 9                          up        1      Full     2000M     copper
134725.542: [13:47:25]AggregatePort 10                         up        1      Full     2000M     copper
134725.542: [13:47:25]AggregatePort 20                         up        101    Full     2000M     copper
134725.542: [13:47:25]AggregatePort 21                         up        101    Full     2000M     copper
134725.542: [13:47:25]AggregatePort 22                         up        101    Full     2000M     copper
134725.542: [13:47:25]AggregatePort 23                         up        101    Full     2000M     copper
134730.173: [13:47:30]Ruijie(config-if-TenGigabitEthernet 2/0/52)#show this
134731.197: [13:47:31]
134731.210: [13:47:31]Building configuration...
134731.333: [13:47:31]!
134731.346: [13:47:31] switchport access vlan 101
134731.346: [13:47:31]!
134731.346: [13:47:31]end
134733.615: [13:47:33]Ruijie(config-if-TenGigabitEthernet 2/0/52)#fr
134736.056: [13:47:36]Ruijie(config-if-TenGigabitEthernet 2/0/52)#fec       
134736.252: [13:47:36]Ruijie(config-if-TenGigabitEthernet 2/0/52)#fec
134736.967: [13:47:36]Ruijie(config-if-TenGigabitEthernet 2/0/52)#fec 
134737.168: [13:47:37]Ruijie(config-if-TenGigabitEthernet 2/0/52)#fec 
134737.794: [13:47:37]Ruijie(config-if-TenGigabitEthernet 2/0/52)#fec ?
134737.816: [13:47:37]% Unrecognized command.
134737.816: [13:47:37]
134742.183: [13:47:42]Ruijie(config-if-TenGigabitEthernet 2/0/52)#fec ?
134742.206: [13:47:42]% Unrecognized command.
134742.206: [13:47:42]
134759.258: [13:47:59]Ruijie(config-if-TenGigabitEthernet 2/0/52)#show 
134802.025: [13:48:02]Ruijie(config-if-TenGigabitEthernet 2/0/52)#show inte
134803.904: [13:48:03]Ruijie(config-if-TenGigabitEthernet 2/0/52)#show interfaces 25
134804.307: [13:48:04]Ruijie(config-if-TenGigabitEthernet 2/0/52)#show interfaces 25
134804.467: [13:48:04]Ruijie(config-if-TenGigabitEthernet 2/0/52)#show interfaces 25
134806.090: [13:48:06]Ruijie(config-if-TenGigabitEthernet 2/0/52)#show interfaces ? 
134806.117: [13:48:06]  AggregatePort       Aggregate port interface
134806.131: [13:48:06]  GigabitEthernet     Gigabit Ethernet interface
134806.131: [13:48:06]  Loopback            Loopback interface
134806.131: [13:48:06]  Mgmt                Mgmt interface
134806.131: [13:48:06]  Null                Null interface
134806.131: [13:48:06]  TenGigabitEthernet  10G Ethernet interface
134806.131: [13:48:06]  Tunnel              Tunnel interface
134806.131: [13:48:06]  VLAN                Vlan interface
134806.131: [13:48:06]  arp-check           Port-security arp-check
134806.131: [13:48:06]  counters            Counters on one or all interface
134806.131: [13:48:06]  dampening           Show interface dampening info
134806.131: [13:48:06]  description         Show interface description
134806.131: [13:48:06]  dot1q-tunnel        Show interface dot1q-tunnel
134806.131: [13:48:06]  link-state-change   Show interface link state change information
134806.131: [13:48:06]  remark              Show interface remark
134806.131: [13:48:06]  status              Show interface line status
134806.131: [13:48:06]  switchport          Show interface switchport information
134806.131: [13:48:06]  transceiver         Show basic information
134806.131: [13:48:06]  trunk               Show interface trunk information
134806.131: [13:48:06]  usage               Show interface bandwidth usage
134806.131: [13:48:06]  |                   Output modifiers
134806.131: [13:48:06]  <cr>                
134806.131: [13:48:06]
134809.712: [13:48:09]Ruijie(config-if-TenGigabitEthernet 2/0/52)#show interfaces ten
134810.614: [13:48:10]Ruijie(config-if-TenGigabitEthernet 2/0/52)#$s tenGigabitEthernet ?
134810.629: [13:48:10]  <1-2>  TenGigabitEthernet device number
134810.638: [13:48:10]
134814.662: [13:48:14]Ruijie(config-if-TenGigabitEthernet 2/0/52)#$s tenGigabitEthernet 2/0/53 ?
134814.681: [13:48:14]% Unrecognized command.
134814.696: [13:48:14]
134817.808: [13:48:17]Ruijie(config-if-TenGigabitEthernet 2/0/52)#$gabitEthernet 2/0?   
134817.825: [13:48:17]/
134817.839: [13:48:17]
134820.118: [13:48:20]Ruijie(config-if-TenGigabitEthernet 2/0/52)#$enGigabitEthernet 2/0/?
134820.136: [13:48:20]  <49-52>  TenGigabitEthernet port number
134820.136: [13:48:20]
134821.873: [13:48:21]Ruijie(config-if-TenGigabitEthernet 2/0/52)#$nGigabitEthernet 2/0/52 ?
134821.890: [13:48:21]  arp-check          Port-security arp-check
134821.902: [13:48:21]  counters           Counters on one or all interface
134821.902: [13:48:21]  dampening          Show interface dampening info
134821.902: [13:48:21]  description        Show interface description
134821.902: [13:48:21]  dot1q-tunnel       Show interface dot1q-tunnel
134821.902: [13:48:21]  link-state-change  Show interface link state change information
134821.902: [13:48:21]  remark             Show interface remark
134821.902: [13:48:21]  status             Show interface line status
134821.903: [13:48:21]  switchport         Show interface switchport information
134821.903: [13:48:21]  transceiver        Show basic information
134821.903: [13:48:21]  usage              Show interface bandwidth usage
134821.903: [13:48:21]  |                  Output modifiers
134821.903: [13:48:21]  <cr>               
134821.903: [13:48:21]
134828.742: [13:48:28]Ruijie(config-if-TenGigabitEthernet 2/0/52)#$gabitEthernet 2/0/52  statu
134829.193: [13:48:29]Ruijie(config-if-TenGigabitEthernet 2/0/52)#$ernet 2/0/52  status 
134829.218: [13:48:29]Interface                                Status    Vlan   Duplex   Speed     Type  
134829.229: [13:48:29]---------------------------------------- --------  ----   -------  --------- ------
134829.229: [13:48:29]TenGigabitEthernet 2/0/52                down      101    Unknown  Unknown   fiber
134844.205: [13:48:44]Ruijie(config-if-TenGigabitEthernet 2/0/52)#fe
134844.574: [13:48:44]Ruijie(config-if-TenGigabitEthernet 2/0/52)#fe
134844.763: [13:48:44]Ruijie(config-if-TenGigabitEthernet 2/0/52)#fe
134845.593: [13:48:45]Ruijie(config-if-TenGigabitEthernet 2/0/52)#fe
134845.788: [13:48:45]Ruijie(config-if-TenGigabitEthernet 2/0/52)#fe
134846.191: [13:48:46]Ruijie(config-if-TenGigabitEthernet 2/0/52)#fe
135154.953: [13:51:54]Ruijie(config-if-TenGigabitEthernet 2/0/52)#show run
135159.272: [13:51:59]Ruijie(config-if-TenGigabitEthernet 2/0/52)#show running-config | in fec
135242.322: [13:52:42]Ruijie(config-if-TenGigabitEthernet 2/0/52)#show int
135243.374: [13:52:43]Ruijie(config-if-TenGigabitEthernet 2/0/52)#show interfaces  tran
135243.752: [13:52:43]Ruijie(config-if-TenGigabitEthernet 2/0/52)#show interfaces  transceiver 
135243.797: [13:52:43]
135243.808: [13:52:43]========Interface TenGigabitEthernet 1/0/49========
135243.814: [13:52:43]Transceiver Type    :  10GBASE-SR-SFP+
135243.814: [13:52:43]Connector Type      :  LC
135243.814: [13:52:43]Wavelength(nm)      :  850
135243.814: [13:52:43]Transfer Distance   : 
135243.814: [13:52:43]    50/125 um OM2 fiber
135243.814: [13:52:43]        -- 80m
135243.814: [13:52:43]    62.5/125 um OM1 fiber
135243.814: [13:52:43]        -- 30m
135243.814: [13:52:43]    50/125 um OM3 fiber
135243.814: [13:52:43]        -- 300m
135243.814: [13:52:43]Digital Diagnostic Monitoring  : YES
135243.814: [13:52:43]Vendor Serial Number           : N27G00362       
135243.814: [13:52:43]
135243.814: [13:52:43]Current diagnostic parameters[AP:Average Power]:
135243.814: [13:52:43]Temp(Celsius)   Voltage(V)      Bias(mA)            RX power(dBm)       TX power(dBm)
135243.815: [13:52:43]36(OK)          3.27(OK)        6.46(OK)            -2.18(OK)[AP]       -1.97(OK)
135243.815: [13:52:43]
135243.815: [13:52:43]Transceiver current alarm information:
135243.815: [13:52:43]None
135243.815: [13:52:43]
135243.815: [13:52:43]========Interface TenGigabitEthernet 1/0/50========
135243.815: [13:52:43]Transceiver Type    :  10GBASE-SR-SFP+
135244.494: [13:52:44]Connector Type      :  LC
135244.505: [13:52:44]Wavelength(nm)      :  850
135244.506: [13:52:44]Transfer Distance   : 
135244.506: [13:52:44]    50/125 um OM2 fiber
135244.506: [13:52:44]        -- 80m
135244.506: [13:52:44]    62.5/125 um OM1 fiber
135244.506: [13:52:44]        -- 30m
135244.506: [13:52:44]    50/125 um OM3 fiber
135244.506: [13:52:44]        -- 300m
135244.506: [13:52:44]Digital Diagnostic Monitoring  : YES
135244.506: [13:52:44]Vendor Serial Number           : N27G01922       
135244.506: [13:52:44]
135244.506: [13:52:44]Current diagnostic parameters[AP:Average Power]:
135244.506: [13:52:44]Temp(Celsius)   Voltage(V)      Bias(mA)            RX power(dBm)       TX power(dBm)
135244.507: [13:52:44]36(OK)          3.31(OK)        6.72(OK)            -1.73(OK)[AP]       -1.74(OK)
135244.507: [13:52:44]
135244.507: [13:52:44]Transceiver current alarm information:
135244.515: [13:52:44]None
135244.515: [13:52:44]
135244.516: [13:52:44]========Interface TenGigabitEthernet 1/0/51========
135244.516: [13:52:44]Transceiver Type    :  10GBASE-SR-SFP+
135244.516: [13:52:44]Connector Type      :  LC
135244.516: [13:52:44]Wavelength(nm)      :  850
135244.516: [13:52:44]Transfer Distance   : 
135244.832: [13:52:44]    50/125 um OM2 fiber
135244.850: [13:52:44]        -- 80m
135244.850: [13:52:44]    62.5/125 um OM1 fiber
135244.850: [13:52:44]        -- 30m
135244.850: [13:52:44]    50/125 um OM3 fiber
135244.850: [13:52:44]        -- 300m
135244.850: [13:52:44]Digital Diagnostic Monitoring  : YES
135244.850: [13:52:44]Vendor Serial Number           : 2246503748      
135244.850: [13:52:44]
135244.850: [13:52:44]Current diagnostic parameters[AP:Average Power]:
135244.851: [13:52:44]Temp(Celsius)   Voltage(V)      Bias(mA)            RX power(dBm)       TX power(dBm)
135244.851: [13:52:44]29(OK)          3.24(OK)        6.08(OK)            -3.78(OK)[AP]       -2.99(OK)
135244.851: [13:52:44]
135244.851: [13:52:44]Transceiver current alarm information:
135244.851: [13:52:44]None
135244.851: [13:52:44]
135244.851: [13:52:44]========Interface TenGigabitEthernet 1/0/52========
135244.851: [13:52:44]Transceiver Type    :  10GBASE-SR-SFP+
135244.851: [13:52:44]Connector Type      :  LC
135244.851: [13:52:44]Wavelength(nm)      :  850
135244.852: [13:52:44]Transfer Distance   : 
135244.852: [13:52:44]    50/125 um OM2 fiber
135244.852: [13:52:44]        -- 80m
135244.852: [13:52:44]    62.5/125 um OM1 fiber
135244.872: [13:52:44]        -- 30m
135244.883: [13:52:44]    50/125 um OM3 fiber
135244.883: [13:52:44]        -- 300m
135244.883: [13:52:44]Digital Diagnostic Monitoring  : YES
135244.883: [13:52:44]Vendor Serial Number           : AAF1Z6D         
135244.883: [13:52:44]
135244.883: [13:52:44]Current diagnostic parameters[AP:Average Power]:
135244.883: [13:52:44]Temp(Celsius)   Voltage(V)      Bias(mA)            RX power(dBm)       TX power(dBm)
135244.883: [13:52:44]36(OK)          3.29(OK)        7.74(OK)            -2.73(OK)[AP]       -2.15(OK)
135244.883: [13:52:44]
135244.883: [13:52:44]Transceiver current alarm information:
135244.883: [13:52:44]None
135244.883: [13:52:44]
135244.883: [13:52:44]========Interface TenGigabitEthernet 2/0/49========
135244.883: [13:52:44]Transceiver Type    :  10GBASE-SR-SFP+
135244.883: [13:52:44]Connector Type      :  LC
135244.883: [13:52:44]Wavelength(nm)      :  850
135244.883: [13:52:44]Transfer Distance   : 
135244.883: [13:52:44]    50/125 um OM2 fiber
135244.883: [13:52:44]        -- 80m
135244.883: [13:52:44]    62.5/125 um OM1 fiber
135244.883: [13:52:44]        -- 30m
135244.883: [13:52:44]    50/125 um OM3 fiber
135244.883: [13:52:44]        -- 300m
135245.371: [13:52:45]Digital Diagnostic Monitoring  : YES
135245.390: [13:52:45]Vendor Serial Number           : N27G01936       
135245.390: [13:52:45]
135245.390: [13:52:45]Current diagnostic parameters[AP:Average Power]:
135245.390: [13:52:45]Temp(Celsius)   Voltage(V)      Bias(mA)            RX power(dBm)       TX power(dBm)
135245.390: [13:52:45]39(OK)          3.28(OK)        6.59(OK)            -2.43(OK)[AP]       -1.82(OK)
135245.390: [13:52:45]
135245.390: [13:52:45]Transceiver current alarm information:
135245.390: [13:52:45]None
135245.390: [13:52:45]
135245.390: [13:52:45]========Interface TenGigabitEthernet 2/0/50========
135245.390: [13:52:45]Transceiver Type    :  10GBASE-SR-SFP+
135245.390: [13:52:45]Connector Type      :  LC
135245.390: [13:52:45]Wavelength(nm)      :  850
135245.390: [13:52:45]Transfer Distance   : 
135245.390: [13:52:45]    50/125 um OM2 fiber
135245.390: [13:52:45]        -- 80m
135245.391: [13:52:45]    62.5/125 um OM1 fiber
135245.391: [13:52:45]        -- 30m
135245.391: [13:52:45]    50/125 um OM3 fiber
135245.391: [13:52:45]        -- 300m
135245.391: [13:52:45]Digital Diagnostic Monitoring  : YES
135245.391: [13:52:45]Vendor Serial Number           : N27G00960       
135245.391: [13:52:45]
135245.918: [13:52:45]Current diagnostic parameters[AP:Average Power]:
135245.931: [13:52:45]Temp(Celsius)   Voltage(V)      Bias(mA)            RX power(dBm)       TX power(dBm)
135245.950: [13:52:45]38(OK)          3.28(OK)        6.76(OK)            -1.99(OK)[AP]       -1.77(OK)
135245.950: [13:52:45]
135245.950: [13:52:45]Transceiver current alarm information:
135245.950: [13:52:45]None
135245.950: [13:52:45]
135245.950: [13:52:45]========Interface TenGigabitEthernet 2/0/51========
135245.950: [13:52:45]Transceiver Type    :  1000BASE-LH-SFP
135245.950: [13:52:45]Connector Type      :  LC
135245.950: [13:52:45]Wavelength(nm)      :  1310
135245.950: [13:52:45]Transfer Distance   : 
135245.950: [13:52:45]    SMF fiber
135245.950: [13:52:45]        -- 40km
135245.950: [13:52:45]Digital Diagnostic Monitoring  : YES
135245.950: [13:52:45]Vendor Serial Number           : 4000152260080   
135245.950: [13:52:45]
135245.950: [13:52:45]Current diagnostic parameters[AP:Average Power]:
135245.951: [13:52:45]Temp(Celsius)   Voltage(V)      Bias(mA)            RX power(dBm)       TX power(dBm)
135245.951: [13:52:45]42(OK)          3.24(OK)        25.50(OK)           -14.87(OK)[AP]      -2.36(OK)
135245.951: [13:52:45]
135245.951: [13:52:45]Transceiver current alarm information:
135245.951: [13:52:45]None
135245.951: [13:52:45]
135246.407: [13:52:46]========Interface TenGigabitEthernet 2/0/52========
135246.416: [13:52:46]Transceiver Type    :  25GBASE-SR-SFP28
135246.416: [13:52:46]Connector Type      :  LC
135246.416: [13:52:46]Wavelength(nm)      :  850
135246.417: [13:52:46]Transfer Distance   : 
135246.417: [13:52:46]    50/125 um OM3 fiber
135246.417: [13:52:46]        -- 70m
135246.417: [13:52:46]    50/125 um OM4 fiber
135246.417: [13:52:46]        -- 100m
135246.417: [13:52:46]Digital Diagnostic Monitoring  : YES
135246.417: [13:52:46]Vendor Serial Number           : U7NA2H14238     
135246.417: [13:52:46]
135246.417: [13:52:46]Current diagnostic parameters[AP:Average Power]:
135246.417: [13:52:46]Temp(Celsius)   Voltage(V)      Bias(mA)            RX power(dBm)       TX power(dBm)
135246.417: [13:52:46]35(OK)          3.32(OK)        6.56(OK)            1.28(OK)[AP]        -0.20(OK)
135246.417: [13:52:46]
135246.417: [13:52:46]Transceiver current alarm information:
135246.417: [13:52:46]None
135530.207: [13:55:30]Ruijie(config-if-TenGigabitEthernet 2/0/52)#                                 
135530.399: [13:55:30]Ruijie(config-if-TenGigabitEthernet 2/0/52)#
135532.593: [13:55:32]Ruijie(config-if-TenGigabitEthernet 2/0/52)#show int
135534.683: [13:55:34]Ruijie(config-if-TenGigabitEthernet 2/0/52)#show interfaces  ten
135538.725: [13:55:38]Ruijie(config-if-TenGigabitEthernet 2/0/52)#$  tenGigabitEthernet 2/0/52
135538.757: [13:55:38]Index(dec):104 (hex):68
135538.767: [13:55:38]TenGigabitEthernet 2/0/52 is DOWN  , line protocol is DOWN    
135538.775: [13:55:38]  Hardware is TenGigabitEthernet, address is c470.abfc.a59a (bia c470.abfc.a59a)
135538.775: [13:55:38]  Interface address is: no ip address
135538.775: [13:55:38]  Interface IPv6 address is:
135538.775: [13:55:38]    No IPv6 address
135538.775: [13:55:38]  MTU 1500 bytes, BW 10000000 Kbit
135538.775: [13:55:38]  Encapsulation protocol is Ethernet-II, loopback not set
135538.775: [13:55:38]  Keepalive interval is 10 sec , set
135538.775: [13:55:38]  Carrier delay is 2 sec
135538.775: [13:55:38]  Ethernet attributes:
135538.775: [13:55:38]    Last link state change time: 2024-12-24 15:58:40
135538.775: [13:55:38]    Time duration since last link state change: 454 days, 22 hours, 29 minutes, 34 seconds
135538.775: [13:55:38]    Priority is 0
135538.775: [13:55:38]    Medium-type is Fiber
135538.776: [13:55:38]    Admin duplex mode is AUTO, oper duplex is Unknown
135538.776: [13:55:38]    Admin speed is AUTO, oper speed is Unknown
135538.776: [13:55:38]    Flow control admin status is OFF, flow control oper status is Unknown
135538.776: [13:55:38]    Admin negotiation mode is OFF, oper negotiation state is Unknown
135538.776: [13:55:38]    Storm Control: Broadcast is OFF, Multicast is OFF, Unicast is OFF
135538.776: [13:55:38]  Bridge attributes:
135538.776: [13:55:38]    Port-type: access
135538.776: [13:55:38]    Vlan id: 101
135538.776: [13:55:38]  Rxload is 1/255, Txload is 1/255
135539.754: [13:55:39]  Input peak rate: 0 bits/sec, at 2023-01-12 15:58:29
135539.772: [13:55:39]  Output peak rate: 0 bits/sec, at 2023-01-12 15:58:29
135539.772: [13:55:39]   10 seconds input rate 0 bits/sec, 0 packets/sec
135539.772: [13:55:39]   10 seconds output rate 0 bits/sec, 0 packets/sec
135539.772: [13:55:39]    8 packets input, 1899 bytes, 0 no buffer, 5 dropped
135539.772: [13:55:39]    Received 0 broadcasts, 0 runts, 0 giants
135539.772: [13:55:39]    0 input errors, 0 CRC, 0 frame, 0 overrun, 0 abort
135539.773: [13:55:39]    6 packets output, 1470 bytes, 0 underruns, 0 no buffer, 0 dropped
135539.773: [13:55:39]    0 output errors, 0 collisions, 0 interface resets
135640.731: [13:56:40]Ruijie(config-if-TenGigabitEthernet 2/0/52)#spe
135642.093: [13:56:42]Ruijie(config-if-TenGigabitEthernet 2/0/52)#speed ?
135642.111: [13:56:42]  1000  Force 1000 Mbps operation
135642.111: [13:56:42]  10G   Force 10Gbps operation
135642.111: [13:56:42]  auto  Enable AUTO speed configuration
135642.111: [13:56:42]
135810.616: [13:58:10]Ruijie(config-if-TenGigabitEthernet 2/0/52)#show int
135814.238: [13:58:14]Ruijie(config-if-TenGigabitEthernet 2/0/52)#show interfaces cap
135815.001: [13:58:15]Ruijie(config-if-TenGigabitEthernet 2/0/52)#show interfaces ca 
135815.517: [13:58:15]Ruijie(config-if-TenGigabitEthernet 2/0/52)#show interfaces ca
135816.320: [13:58:16]Ruijie(config-if-TenGigabitEthernet 2/0/52)#show interfaces   
135823.046: [13:58:23]Ruijie(config-if-TenGigabitEthernet 2/0/52)#show interface     
135830.181: [13:58:30]Ruijie(config-if-TenGigabitEthernet 2/0/52)#show interfaces ?    
135830.201: [13:58:30]  AggregatePort       Aggregate port interface
135830.201: [13:58:30]  GigabitEthernet     Gigabit Ethernet interface
135830.201: [13:58:30]  Loopback            Loopback interface
135830.201: [13:58:30]  Mgmt                Mgmt interface
135830.201: [13:58:30]  Null                Null interface
135830.201: [13:58:30]  TenGigabitEthernet  10G Ethernet interface
135830.201: [13:58:30]  Tunnel              Tunnel interface
135830.201: [13:58:30]  VLAN                Vlan interface
135830.201: [13:58:30]  arp-check           Port-security arp-check
135830.202: [13:58:30]  counters            Counters on one or all interface
135830.202: [13:58:30]  dampening           Show interface dampening info
135830.202: [13:58:30]  description         Show interface description
135830.202: [13:58:30]  dot1q-tunnel        Show interface dot1q-tunnel
135830.202: [13:58:30]  link-state-change   Show interface link state change information
135830.202: [13:58:30]  remark              Show interface remark
135830.202: [13:58:30]  status              Show interface line status
135830.202: [13:58:30]  switchport          Show interface switchport information
135830.202: [13:58:30]  transceiver         Show basic information
135830.202: [13:58:30]  trunk               Show interface trunk information
135830.202: [13:58:30]  usage               Show interface bandwidth usage
135830.202: [13:58:30]  |                   Output modifiers
135830.202: [13:58:30]  <cr>                
135830.202: [13:58:30]
140309.583: [14:03:09]Ruijie(config-if-TenGigabitEthernet 2/0/52)#ping 172.16.100.11
140309.599: [14:03:09]% Unknown command.
140309.604: [14:03:09]
141315.022: [14:13:15][202603100-192.168.8.88-负一楼-接入交换机-14:13:15]
141315.339: [14:13:15]
141315.339: [14:13:15]User Access Verification
141315.351: [14:13:15]
141315.376: [14:13:15]Password:
141315.376: [14:13:15]Password:
141315.391: [14:13:15]
141315.424: [14:13:15]Last login: Mar 24 2026 14:36:03 from 192.168.6.173 through telnet.
142320.503: [14:23:20][202603100-192.168.8.88-负一楼-接入交换机-14:23:20]
142320.839: [14:23:20]
142320.840: [14:23:20]User Access Verification
142320.840: [14:23:20]
142320.865: [14:23:20]Password:
142320.886: [14:23:20]Password:
142320.989: [14:23:20]
142321.027: [14:23:21]Last login: Mar 24 2026 14:46:20 from 192.168.6.173 through telnet.
143326.986: [14:33:26][202603100-192.168.8.88-负一楼-接入交换机-14:33:26]
143327.315: [14:33:27]
143327.315: [14:33:27]User Access Verification
143327.315: [14:33:27]
143327.351: [14:33:27]Password:
143327.351: [14:33:27]Password:
143327.366: [14:33:27]
143327.394: [14:33:27]Last login: Mar 24 2026 14:56:25 from 192.168.6.173 through telnet.
144332.021: [14:43:32][202603100-192.168.8.88-负一楼-接入交换机-14:43:32]
144332.325: [14:43:32]
144332.325: [14:43:32]User Access Verification
144332.338: [14:43:32]
144332.359: [14:43:32]Password:
144332.359: [14:43:32]Password:
144332.381: [14:43:32]
144332.423: [14:43:32]Last login: Mar 24 2026 15:06:30 from 192.168.6.173 through telnet.
145337.513: [14:53:37][202603100-192.168.8.88-负一楼-接入交换机-14:53:37]
145337.817: [14:53:37]
145337.817: [14:53:37]User Access Verification
145337.817: [14:53:37]
145337.861: [14:53:37]Password:
145337.862: [14:53:37]Password:
145337.875: [14:53:37]
145337.901: [14:53:37]Last login: Mar 24 2026 15:16:36 from 192.168.6.173 through telnet.
150344.015: [15:03:44][202603100-192.168.8.88-负一楼-接入交换机-15:03:44]
150344.311: [15:03:44]
150344.311: [15:03:44]User Access Verification
150344.311: [15:03:44]
150344.335: [15:03:44]Password:
150344.356: [15:03:44]Password:
150344.370: [15:03:44]
150344.418: [15:03:44]Last login: Mar 24 2026 15:26:43 from 192.168.6.173 through telnet.
151349.511: [15:13:49][202603100-192.168.8.88-负一楼-接入交换机-15:13:49]
151350.814: [15:13:50]
151350.814: [15:13:50]User Access Verification
151350.814: [15:13:50]
151350.839: [15:13:50]Password:
151350.874: [15:13:50]Password:
151350.902: [15:13:50]
151350.936: [15:13:50]Last login: Mar 24 2026 15:36:49 from 192.168.6.173 through telnet.
152356.522: [15:23:56][202603100-192.168.8.88-负一楼-接入交换机-15:23:56]
152356.840: [15:23:56]
152356.841: [15:23:56]User Access Verification
152356.857: [15:23:56]
152356.873: [15:23:56]Password:
152356.894: [15:23:56]Password:
152356.894: [15:23:56]
152356.941: [15:23:56]Last login: Mar 24 2026 15:46:55 from 192.168.6.173 through telnet.
155847.244: [15:58:47][202603100-192.168.8.88-负一楼-接入交换机-15:58:47]
155847.678: [15:58:47]
155847.699: [15:58:47]User Access Verification
155847.699: [15:58:47]
155847.711: [15:58:47]Password:
155847.738: [15:58:47]Password:
155847.759: [15:58:47]
155847.803: [15:58:47]Last login: Mar 24 2026 15:57:01 from 192.168.6.173 through telnet.
155855.643: [15:58:55]Ruijie>ping 172.16.101.44
155855.686: [15:58:55]Sending 5, 100-byte ICMP Echoes to 172.16.101.44, timeout is 2 seconds:
155855.686: [15:58:55]  < press Ctrl+C to break >
155856.198: [15:58:56]!!!!!
155856.219: [15:58:56]Success rate is 100 percent (5/5), round-trip min/avg/max = 1/1/2 ms.
160110.591: [16:01:10]Ruijie>ping 172.16.101.44
160110.641: [16:01:10]Sending 5, 100-byte ICMP Echoes to 172.16.101.44, timeout is 2 seconds:
160110.652: [16:01:10]  < press Ctrl+C to break >
160121.165: [16:01:21].....
160121.183: [16:01:21]Success rate is 0 percent (0/5).
160124.960: [16:01:24]Ruijie>ping 172.16.101.44
160124.984: [16:01:24]Sending 5, 100-byte ICMP Echoes to 172.16.101.44, timeout is 2 seconds:
160125.010: [16:01:25]  < press Ctrl+C to break >
160135.509: [16:01:35].....
160135.520: [16:01:35]Success rate is 0 percent (0/5).
160137.660: [16:01:37]Ruijie>ping 172.16.101.44
160137.692: [16:01:37]Sending 5, 100-byte ICMP Echoes to 172.16.101.44, timeout is 2 seconds:
160137.702: [16:01:37]  < press Ctrl+C to break >
160148.223: [16:01:48].....
160148.234: [16:01:48]Success rate is 0 percent (0/5).
160220.032: [16:02:20]Ruijie>ping 172.16.101.44
160220.057: [16:02:20]Sending 5, 100-byte ICMP Echoes to 172.16.101.44, timeout is 2 seconds:
160220.097: [16:02:20]  < press Ctrl+C to break >
160230.586: [16:02:30].....
160230.601: [16:02:30]Success rate is 0 percent (0/5).
160234.485: [16:02:34]Ruijie>ping 172.16.101.44
160234.510: [16:02:34]Sending 5, 100-byte ICMP Echoes to 172.16.101.44, timeout is 2 seconds:
160234.524: [16:02:34]  < press Ctrl+C to break >
160245.046: [16:02:45].....
160245.065: [16:02:45]Success rate is 0 percent (0/5).
160254.061: [16:02:54]Ruijie>ping 172.16.101.44
160254.117: [16:02:54]Sending 5, 100-byte ICMP Echoes to 172.16.101.44, timeout is 2 seconds:
160254.130: [16:02:54]  < press Ctrl+C to break >
160254.647: [16:02:54]!!!!!
160254.665: [16:02:54]Success rate is 100 percent (5/5), round-trip min/avg/max = 1/1/2 ms.
161259.538: [16:12:59][202603100-192.168.8.88-负一楼-接入交换机-16:12:59]
161259.850: [16:12:59]
161259.850: [16:12:59]User Access Verification
161259.862: [16:12:59]
161259.893: [16:12:59]Password:
161259.893: [16:12:59]Password:
161259.909: [16:12:59]
161259.936: [16:12:59]Last login: Mar 24 2026 16:31:23 from 192.168.6.173 through telnet.
161650.211: [16:16:50]Ruijie>
161650.392: [16:16:50]Ruijie>
161650.523: [16:16:50]Ruijie>
161652.878: [16:16:52]Ruijie>show int
161654.563: [16:16:54]Ruijie>show ?  
161655.282: [16:16:55]  calendar      Manage the calendar clock
161655.295: [16:16:55]  clock         Manage the system clock
161655.295: [16:16:55]  dampening     Display dampening information
161655.295: [16:16:55]  disk          Show disk information
161655.295: [16:16:55]  file          Show file system information
161655.296: [16:16:55]  global-vrf    Global VPN instance information
161655.296: [16:16:55]  http-fpm      Http fastcgi progress manager
161655.296: [16:16:55]  ipv6          IPv6 information
161655.296: [16:16:55]  language      Show system language
161655.296: [16:16:55]  logging       Show the contents of logging buffers
161655.296: [16:16:55]  mount         Show mount information
161655.296: [16:16:55]  netconf       Netconf show
161655.296: [16:16:55]  password      Show password information
161655.296: [16:16:55]  pci-bus       Show pci-bus
161655.296: [16:16:55]  privilege     Show current privilege level
161655.296: [16:16:55]  reload        Show reload
161655.297: [16:16:55]  service       Show network management services
161655.297: [16:16:55]  sessions      Information about Telnet connections
161655.297: [16:16:55]  ssh-sessions  Information about SSH connections
161655.297: [16:16:55]  tacacs        Shows tacacs+ server statistics
161655.297: [16:16:55]  track         Tracking information
161655.297: [16:16:55]  usb           Show usb information
161655.297: [16:16:55]  usb-bus       Show usb-bus
161655.297: [16:16:55]  version       System version
161655.439: [16:16:55]          
161707.618: [16:17:07]Ruijie>enab 
161707.975: [16:17:07]Ruijie>enable 
161708.003: [16:17:08]
161711.266: [16:17:11]Password:
161713.264: [16:17:13]Ruijie#show ?
161713.375: [16:17:13]  AggregatePort         AggregatePort IEEE 802.3ad
161713.393: [16:17:13]  aaa                   AAA Information
161713.393: [16:17:13]  access-control        Show access-control
161713.393: [16:17:13]  access-group          Show ACL applied on interface
161713.393: [16:17:13]  access-lists          Show access list
161713.393: [16:17:13]  acl                   Acl parameter
161713.393: [16:17:13]  address-bind          Address binding table
161713.393: [16:17:13]  address-manage        Ip address manage status
161713.394: [16:17:13]  alarm                 Alarm led state
161713.394: [16:17:13]  aliases               Display alias commands
161713.394: [16:17:13]  anti-arp-spoofing     Anti arp spoofing
161713.394: [16:17:13]  arp                   ARP table
161713.394: [16:17:13]  authmanage            Show authmanage
161713.394: [16:17:13]  bfd                   BFD protocol info
161713.394: [16:17:13]  bgp                   BGP information
161713.394: [16:17:13]  boot                  Show boot system config
161713.394: [16:17:13]  calendar              Manage the calendar clock
161713.395: [16:17:13]  checkpoint            Show configuration rollback checkpoints
161713.395: [16:17:13]  class-map             Show QoS Class Map
161713.395: [16:17:13]  clns                  Connectionless-Mode Network Service (CLNS)
161713.395: [16:17:13]  clock                 Manage the system clock
161713.395: [16:17:13]  cpu                   Show system cpu info
161713.395: [16:17:13]  cpu-protect           Cpu-protect
161713.395: [16:17:13]  cpurule               Kernel tied information
161715.010: [16:17:15]  crypto                Show crypto command
161715.026: [16:17:15]  cwmp                  Cwmp keyword
161715.026: [16:17:15]  dampening             Display dampening information
161715.026: [16:17:15]  debugging             State of each debugging option
161715.026: [16:17:15]  device-level          Show device-level
161715.026: [16:17:15]  dhcp                  Dynamic Host Configuration Protocol status
161715.026: [16:17:15]  direct-vlan           Show direct vlan list
161715.026: [16:17:15]  disk                  Show disk information
161715.026: [16:17:15]  dldp                  Show dldp information
161715.026: [16:17:15]  dns                   Show dns
161715.026: [16:17:15]  dot1q-tunnel          Dot1q-tunnel configuration
161715.026: [16:17:15]  dot1x                 Show dot1x
161715.027: [16:17:15]  efm                   Show efm information
161715.027: [16:17:15]  enable                Enable user block feature
161715.027: [16:17:15]  erps                  Show erps
161715.027: [16:17:15]  expert                Expert extended ACL
161715.027: [16:17:15]  fan                   Show fan
161715.027: [16:17:15]  file                  Show file system information
161715.027: [16:17:15]  frame-tag             Tag information
161715.027: [16:17:15]  ftp-client            Ftp-client information
161715.027: [16:17:15]  ftp-server            Ftp-server information
161715.027: [16:17:15]  global-vrf            Global VPN instance information
161715.027: [16:17:15]  grpc                  Google Remote Procedure Call Protocol (GRPC)
161715.027: [16:17:15]  gvrp                  GVRP configure command
161718.732: [16:17:18]  history               Display the session command history
161718.749: [16:17:18]  hostname              System hostname
161718.749: [16:17:18]  hosts                 IP dns nameservers, and host table
161718.749: [16:17:18]  http-fpm              Http fastcgi progress manager
161718.749: [16:17:18]  inner-priority-trust  Tag-priority-copy configuration
161718.749: [16:17:18]  install               Show smu install info
161718.749: [16:17:18]  interfaces            Interface status and configuration
161718.749: [16:17:18]  ip                    IP information
161718.749: [16:17:18]  ipsec                 Show ipsec command
161718.750: [16:17:18]  ipv6                  IPv6 information
161718.750: [16:17:18]  isis                  Intermediate System - Intermediate System (IS-IS)
161718.750: [16:17:18]  key                   Key information
161718.750: [16:17:18]  l2protocol-tunnel     L2protocol tunnel
161718.750: [16:17:18]  lacp                  Lacp aggregation information
161718.750: [16:17:18]  language              Show system language
161718.750: [16:17:18]  license               Licensed service information
161718.750: [16:17:18]  line                  TTY line information
161718.750: [16:17:18]  link                  Show link information
161718.750: [16:17:18]  lldp                  Link Layer Discovery Protocol
161718.750: [16:17:18]  load-balance-profile  Load balance profile
161718.750: [16:17:18]  logging               Show the contents of logging buffers
161718.750: [16:17:18]  mac                   Mac extended ACL
161718.750: [16:17:18]  mac-address-learning  MAC Address learning
161718.750: [16:17:18]  mac-address-table     MAC forwarding table
161720.148: [16:17:20]  mac-loopback          Show mac-loopback information
161720.165: [16:17:20]  mac-vlan              Show mac vlan
161720.165: [16:17:20]  macc                  MACC
161720.179: [16:17:20]  manuinfo              Show manu information
161720.179: [16:17:20]  memory                Show the use of the system memory
161720.179: [16:17:20]  mgmt                  Show MGMT virtual information
161720.179: [16:17:20]  mls                   Show MultiLayer Switching information
161720.179: [16:17:20]  mmu                   Show mmu information
161720.179: [16:17:20]  monitor               Show a SPAN session
161720.179: [16:17:20]  mount                 Show mount information
161720.179: [16:17:20]  msf                   Msf information
161720.180: [16:17:20]  msf6                  Msf6 information
161720.180: [16:17:20]  nac-author-user       Nac author user max number
161720.180: [16:17:20]  netconf               Netconf show
161720.180: [16:17:20]  nfpp                  Show NFPP information
161720.180: [16:17:20]  ntp                   Network time protocol
161720.180: [16:17:20]  of                    OpenFlow
161720.180: [16:17:20]  password              Show password information
161720.180: [16:17:20]  patch                 Show patch info
161720.180: [16:17:20]  pci-bus               Show pci-bus
161720.180: [16:17:20]  policy-map            Show QoS Policy Map
161720.180: [16:17:20]  port-security         Show secure port information
161720.180: [16:17:20]  power                 Show power
161720.180: [16:17:20]  privilege             Show current privilege level
161724.448: [16:17:24]          
161725.218: [16:17:25]Ruijie#show int
161725.902: [16:17:25]Ruijie#show interfaces ?
161725.916: [16:17:25]  AggregatePort       Aggregate port interface
161725.923: [16:17:25]  GigabitEthernet     Gigabit Ethernet interface
161725.923: [16:17:25]  Loopback            Loopback interface
161725.923: [16:17:25]  Mgmt                Mgmt interface
161725.935: [16:17:25]  Null                Null interface
161725.935: [16:17:25]  TenGigabitEthernet  10G Ethernet interface
161725.936: [16:17:25]  Tunnel              Tunnel interface
161725.936: [16:17:25]  VLAN                Vlan interface
161725.936: [16:17:25]  arp-check           Port-security arp-check
161725.936: [16:17:25]  counters            Counters on one or all interface
161725.936: [16:17:25]  dampening           Show interface dampening info
161725.936: [16:17:25]  description         Show interface description
161725.936: [16:17:25]  dot1q-tunnel        Show interface dot1q-tunnel
161725.936: [16:17:25]  link-state-change   Show interface link state change information
161725.936: [16:17:25]  remark              Show interface remark
161725.936: [16:17:25]  status              Show interface line status
161725.936: [16:17:25]  switchport          Show interface switchport information
161725.936: [16:17:25]  transceiver         Show basic information
161725.936: [16:17:25]  trunk               Show interface trunk information
161725.936: [16:17:25]  usage               Show interface bandwidth usage
161725.936: [16:17:25]  |                   Output modifiers
161725.936: [16:17:25]  <cr>                
161725.936: [16:17:25]
161733.339: [16:17:33]Ruijie#show interfaces s
161735.686: [16:17:35]Ruijie#show interfaces stau
161738.300: [16:17:38]Ruijie#show interfaces status
161738.898: [16:17:38]Ruijie#show interfaces status ?
161738.916: [16:17:38]  detail        Show interface line staus detail
161738.916: [16:17:38]  err-disabled  Err-disabled
161738.916: [16:17:38]  |             Output modifiers
161738.916: [16:17:38]  <cr>          
161738.916: [16:17:38]
161740.620: [16:17:40]Ruijie#show interfaces status de
161741.073: [16:17:41]Ruijie#show interfaces status detail ?
161741.073: [16:17:41]  |     Output modifiers
161741.089: [16:17:41]  <cr>  
161741.089: [16:17:41]
161742.172: [16:17:42]Ruijie#show interfaces status detail 
161742.220: [16:17:42]Interface                                Status         Vlan   Duplex   Speed     Type  
161742.232: [16:17:42]---------------------------------------- -------------  ----   -------  --------- ------
161742.232: [16:17:42]GigabitEthernet 1/0/1                    up             101    Full     1000M     copper
161742.232: [16:17:42]GigabitEthernet 1/0/2                    up             101    Full     1000M     copper
161742.233: [16:17:42]GigabitEthernet 1/0/3                    up             101    Full     1000M     copper
161742.233: [16:17:42]GigabitEthernet 1/0/4                    up             101    Full     1000M     copper
161742.233: [16:17:42]GigabitEthernet 1/0/5                    up             101    Full     1000M     copper
161742.233: [16:17:42]GigabitEthernet 1/0/6                    up             101    Full     1000M     copper
161742.233: [16:17:42]GigabitEthernet 1/0/7                    up             1      Full     1000M     copper
161742.233: [16:17:42]GigabitEthernet 1/0/8                    up             1      Full     1000M     copper
161742.233: [16:17:42]GigabitEthernet 1/0/9                    up             1      Full     100M      copper
161742.234: [16:17:42]GigabitEthernet 1/0/10                   up             1      Full     1000M     copper
161742.234: [16:17:42]GigabitEthernet 1/0/11                   up             1      Full     1000M     copper
161742.234: [16:17:42]GigabitEthernet 1/0/12                   down           1      Unknown  Unknown   copper
161742.234: [16:17:42]GigabitEthernet 1/0/13                   up             1      Full     1000M     copper
161742.234: [16:17:42]GigabitEthernet 1/0/14                   up             1      Full     1000M     copper
161742.234: [16:17:42]GigabitEthernet 1/0/15                   up             1      Full     1000M     copper
161742.235: [16:17:42]GigabitEthernet 1/0/16                   up             1      Full     1000M     copper
161742.244: [16:17:42]GigabitEthernet 1/0/17                   up             300    Full     10M       copper
161742.244: [16:17:42]GigabitEthernet 1/0/18                   up             300    Full     1000M     copper
161742.244: [16:17:42]GigabitEthernet 1/0/19                   up             300    Full     1000M     copper
161742.244: [16:17:42]GigabitEthernet 1/0/20                   up             300    Full     1000M     copper
161742.244: [16:17:42]GigabitEthernet 1/0/21                   up             300    Full     1000M     copper
161742.244: [16:17:42]GigabitEthernet 1/0/22                   up             300    Full     1000M     copper
161744.539: [16:17:44]GigabitEthernet 1/0/23                   up             300    Full     1000M     copper
161744.551: [16:17:44]GigabitEthernet 1/0/24                   up             300    Full     1000M     copper
161744.551: [16:17:44]GigabitEthernet 1/0/25                   up             100    Full     1000M     copper
161744.551: [16:17:44]GigabitEthernet 1/0/26                   up             300    Full     1000M     copper
161744.551: [16:17:44]GigabitEthernet 1/0/27                   up             300    Full     1000M     copper
161744.551: [16:17:44]GigabitEthernet 1/0/28                   up             300    Full     1000M     copper
161744.552: [16:17:44]GigabitEthernet 1/0/29                   up             101    Full     1000M     copper
161744.552: [16:17:44]GigabitEthernet 1/0/30                   up             101    Full     1000M     copper
161744.552: [16:17:44]GigabitEthernet 1/0/31                   up             101    Full     1000M     copper
161744.552: [16:17:44]GigabitEthernet 1/0/32                   up             101    Full     1000M     copper
161744.552: [16:17:44]GigabitEthernet 1/0/33                   up             101    Full     1000M     copper
161744.552: [16:17:44]GigabitEthernet 1/0/34                   up             101    Full     1000M     copper
161744.553: [16:17:44]GigabitEthernet 1/0/35                   down           101    Unknown  Unknown   copper
161744.553: [16:17:44]GigabitEthernet 1/0/36                   down           101    Unknown  Unknown   copper
161744.569: [16:17:44]GigabitEthernet 1/0/37                   down           1      Unknown  Unknown   copper
161744.569: [16:17:44]GigabitEthernet 1/0/38                   down           1      Unknown  Unknown   copper
161744.569: [16:17:44]GigabitEthernet 1/0/39                   down           1      Unknown  Unknown   copper
161744.569: [16:17:44]GigabitEthernet 1/0/40                   down           1      Unknown  Unknown   copper
161744.570: [16:17:44]GigabitEthernet 1/0/41                   down           1      Unknown  Unknown   copper
161744.570: [16:17:44]GigabitEthernet 1/0/42                   down           1      Unknown  Unknown   copper
161744.570: [16:17:44]GigabitEthernet 1/0/43                   down           1      Unknown  Unknown   copper
161744.570: [16:17:44]GigabitEthernet 1/0/44                   down           100    Unknown  Unknown   copper
161744.570: [16:17:44]GigabitEthernet 1/0/45                   up             300    Full     1000M     copper
161744.570: [16:17:44]GigabitEthernet 1/0/46                   up             100    Full     100M      copper
161745.062: [16:17:45]GigabitEthernet 1/0/47                   up             100    Full     1000M     copper
161745.075: [16:17:45]GigabitEthernet 1/0/48                   up             100    Full     1000M     copper
161745.075: [16:17:45]GigabitEthernet 2/0/1                    up             101    Full     1000M     copper
161745.075: [16:17:45]GigabitEthernet 2/0/2                    up             101    Full     1000M     copper
161745.075: [16:17:45]GigabitEthernet 2/0/3                    up             101    Full     1000M     copper
161745.075: [16:17:45]GigabitEthernet 2/0/4                    up             101    Full     1000M     copper
161745.075: [16:17:45]GigabitEthernet 2/0/5                    up             101    Full     1000M     copper
161745.076: [16:17:45]GigabitEthernet 2/0/6                    up             101    Full     1000M     copper
161745.076: [16:17:45]GigabitEthernet 2/0/7                    up             1      Full     1000M     copper
161745.076: [16:17:45]GigabitEthernet 2/0/8                    up             1      Full     1000M     copper
161745.076: [16:17:45]GigabitEthernet 2/0/9                    up             1      Full     1000M     copper
161745.076: [16:17:45]GigabitEthernet 2/0/10                   up             1      Full     1000M     copper
161745.076: [16:17:45]GigabitEthernet 2/0/11                   up             1      Full     1000M     copper
161745.077: [16:17:45]GigabitEthernet 2/0/12                   down           1      Unknown  Unknown   copper
161745.077: [16:17:45]GigabitEthernet 2/0/13                   up             1      Full     1000M     copper
161745.077: [16:17:45]GigabitEthernet 2/0/14                   up             1      Full     1000M     copper
161745.077: [16:17:45]GigabitEthernet 2/0/15                   up             1      Full     1000M     copper
161745.077: [16:17:45]GigabitEthernet 2/0/16                   up             1      Full     1000M     copper
161745.077: [16:17:45]GigabitEthernet 2/0/17                   up             300    Full     1000M     copper
161745.077: [16:17:45]GigabitEthernet 2/0/18                   up             300    Full     1000M     copper
161745.077: [16:17:45]GigabitEthernet 2/0/19                   up             300    Full     1000M     copper
161745.077: [16:17:45]GigabitEthernet 2/0/20                   down           300    Unknown  Unknown   copper
161745.077: [16:17:45]GigabitEthernet 2/0/21                   up             300    Full     1000M     copper
161745.077: [16:17:45]GigabitEthernet 2/0/22                   up             300    Full     1000M     copper
161745.436: [16:17:45]GigabitEthernet 2/0/23                   up             300    Full     1000M     copper
161745.450: [16:17:45]GigabitEthernet 2/0/24                   up             300    Full     1000M     copper
161745.450: [16:17:45]GigabitEthernet 2/0/25                   up             100    Full     1000M     copper
161745.450: [16:17:45]GigabitEthernet 2/0/26                   up             300    Full     1000M     copper
161745.451: [16:17:45]GigabitEthernet 2/0/27                   up             300    Full     1000M     copper
161745.451: [16:17:45]GigabitEthernet 2/0/28                   up             300    Full     1000M     copper
161745.451: [16:17:45]GigabitEthernet 2/0/29                   up             101    Full     1000M     copper
161745.451: [16:17:45]GigabitEthernet 2/0/30                   up             101    Full     1000M     copper
161745.451: [16:17:45]GigabitEthernet 2/0/31                   up             101    Full     1000M     copper
161745.452: [16:17:45]GigabitEthernet 2/0/32                   up             101    Full     1000M     copper
161745.452: [16:17:45]GigabitEthernet 2/0/33                   up             101    Full     1000M     copper
161745.452: [16:17:45]GigabitEthernet 2/0/34                   up             101    Full     1000M     copper
161745.452: [16:17:45]GigabitEthernet 2/0/35                   down           1      Unknown  Unknown   copper
161745.452: [16:17:45]GigabitEthernet 2/0/36                   down           1      Unknown  Unknown   copper
161745.453: [16:17:45]GigabitEthernet 2/0/37                   up             101    Full     1000M     copper
161745.453: [16:17:45]GigabitEthernet 2/0/38                   up             101    Full     1000M     copper
161745.453: [16:17:45]GigabitEthernet 2/0/39                   up             101    Full     1000M     copper
161745.453: [16:17:45]GigabitEthernet 2/0/40                   up             101    Full     1000M     copper
161745.463: [16:17:45]GigabitEthernet 2/0/41                   up             101    Full     1000M     copper
161745.463: [16:17:45]GigabitEthernet 2/0/42                   down           1      Unknown  Unknown   copper
161745.463: [16:17:45]GigabitEthernet 2/0/43                   down           1      Unknown  Unknown   copper
161745.463: [16:17:45]GigabitEthernet 2/0/44                   down           1      Unknown  Unknown   copper
161745.463: [16:17:45]GigabitEthernet 2/0/45                   down           1      Unknown  Unknown   copper
161745.463: [16:17:45]GigabitEthernet 2/0/46                   down           1      Unknown  Unknown   copper
161745.725: [16:17:45]GigabitEthernet 2/0/47                   down           101    Unknown  Unknown   copper
161745.740: [16:17:45]GigabitEthernet 2/0/48                   up             routed Full     1000M     copper
161745.740: [16:17:45]TenGigabitEthernet 1/0/49                up                    Full     10G       fiber
161745.740: [16:17:45]TenGigabitEthernet 1/0/50                up                    Full     10G       fiber
161745.740: [16:17:45]TenGigabitEthernet 1/0/51                up             101    Full     10G       fiber
161745.740: [16:17:45]TenGigabitEthernet 1/0/52                up             101    Full     10G       fiber
161745.740: [16:17:45]TenGigabitEthernet 2/0/49                up                    Full     10G       fiber
161745.740: [16:17:45]TenGigabitEthernet 2/0/50                up                    Full     10G       fiber
161745.740: [16:17:45]TenGigabitEthernet 2/0/51                up             101    Full     1000M     fiber
161745.741: [16:17:45]TenGigabitEthernet 2/0/52                down           101    Unknown  Unknown   fiber
161745.741: [16:17:45]AggregatePort 1                          up             1      Full     2000M     copper
161745.741: [16:17:45]AggregatePort 2                          up             1      Full     2000M     copper
161745.741: [16:17:45]AggregatePort 3                          up             1      Full     1000M     copper
161745.741: [16:17:45]AggregatePort 4                          up             1      Full     2000M     copper
161745.742: [16:17:45]AggregatePort 5                          up             1      Full     2000M     copper
161745.742: [16:17:45]AggregatePort 6                          down           1      Unknown  Unknown   copper
161745.742: [16:17:45]AggregatePort 7                          up             1      Full     2000M     copper
161745.742: [16:17:45]AggregatePort 8                          up             1      Full     2000M     copper
161745.742: [16:17:45]AggregatePort 9                          up             1      Full     2000M     copper
161745.742: [16:17:45]AggregatePort 10                         up             1      Full     2000M     copper
161745.743: [16:17:45]AggregatePort 20                         up             101    Full     2000M     copper
161745.743: [16:17:45]AggregatePort 21                         up             101    Full     2000M     copper
161745.743: [16:17:45]AggregatePort 22                         up             101    Full     2000M     copper
161745.743: [16:17:45]AggregatePort 23                         up             101    Full     2000M     copper
161745.918: [16:17:45]AggregatePort 24                         up             101    Full     2000M     copper
161745.933: [16:17:45]AggregatePort 25                         up             101    Full     2000M     copper
161747.210: [16:17:47]Ruijie#    
161747.403: [16:17:47]Ruijie#
161750.621: [16:17:50]Ruijie#show inter
161751.544: [16:17:51]Ruijie#show interfaces ?
161751.562: [16:17:51]  AggregatePort       Aggregate port interface
161751.562: [16:17:51]  GigabitEthernet     Gigabit Ethernet interface
161751.577: [16:17:51]  Loopback            Loopback interface
161751.577: [16:17:51]  Mgmt                Mgmt interface
161751.578: [16:17:51]  Null                Null interface
161751.578: [16:17:51]  TenGigabitEthernet  10G Ethernet interface
161751.578: [16:17:51]  Tunnel              Tunnel interface
161751.578: [16:17:51]  VLAN                Vlan interface
161751.578: [16:17:51]  arp-check           Port-security arp-check
161751.578: [16:17:51]  counters            Counters on one or all interface
161751.578: [16:17:51]  dampening           Show interface dampening info
161751.578: [16:17:51]  description         Show interface description
161751.578: [16:17:51]  dot1q-tunnel        Show interface dot1q-tunnel
161751.578: [16:17:51]  link-state-change   Show interface link state change information
161751.578: [16:17:51]  remark              Show interface remark
161751.579: [16:17:51]  status              Show interface line status
161751.579: [16:17:51]  switchport          Show interface switchport information
161751.579: [16:17:51]  transceiver         Show basic information
161751.579: [16:17:51]  trunk               Show interface trunk information
161751.579: [16:17:51]  usage               Show interface bandwidth usage
161751.579: [16:17:51]  |                   Output modifiers
161751.579: [16:17:51]  <cr>                
161751.579: [16:17:51]
161754.344: [16:17:54]Ruijie#show interfaces coun
161755.007: [16:17:55]Ruijie#show interfaces counters ?
161755.023: [16:17:55]  down       Show link-down interface
161755.023: [16:17:55]  drops      Drops
161755.023: [16:17:55]  errors     Errors
161755.023: [16:17:55]  increment  Increment
161755.023: [16:17:55]  rate       Rate
161755.023: [16:17:55]  summary    Summary
161755.023: [16:17:55]  up         Show link-up interface
161755.023: [16:17:55]  |          Output modifiers
161755.023: [16:17:55]  <cr>       
161755.023: [16:17:55]
161758.243: [16:17:58]Ruijie#show interfaces counters su
161758.742: [16:17:58]Ruijie#show interfaces counters summary ?
161758.759: [16:17:58]  down    Show link-down interface
161758.772: [16:17:58]  nozero  Show interface counter without zero
161758.772: [16:17:58]  up      Show link-up interface
161758.772: [16:17:58]  |       Output modifiers
161758.772: [16:17:58]  <cr>    
161758.772: [16:17:58]
161802.510: [16:18:02]Ruijie#show interfaces counters up      
161802.906: [16:18:02]Ruijie#show interfaces counters up ?
161802.923: [16:18:02]  |     Output modifiers
161802.923: [16:18:02]  <cr>  
161802.923: [16:18:02]
161803.851: [16:18:03]Ruijie#show interfaces counters up 
161803.866: [16:18:03]
161803.884: [16:18:03]Interface : GigabitEthernet 1/0/1
161803.884: [16:18:03] 10 seconds input rate  :0 bits/sec, 0 packets/sec
161803.884: [16:18:03] 10 seconds output rate :15124 bits/sec, 25 packets/sec
161803.885: [16:18:03]Rxload               : 0%
161803.885: [16:18:03]InOctets             : 0
161803.885: [16:18:03]InPkts               : 0 (Unicast: 0%, Multicast: 0%, Broadcast: 0%)
161803.885: [16:18:03]InUcastPkts          : 0
161803.885: [16:18:03]InMulticastPkts      : 0
161803.885: [16:18:03]InBroadcastPkts      : 0
161803.885: [16:18:03]Txload               : 0%
161803.885: [16:18:03]OutOctets            : 49888423777
161803.885: [16:18:03]OutPkts              : 697614364 (Unicast: 0%, Multicast: 95%, Broadcast: 5%)
161803.885: [16:18:03]OutUcastPkts         : 68189
161803.885: [16:18:03]OutMulticastPkts     : 661784434
161803.885: [16:18:03]OutBroadcastPkts     : 35761741
161803.885: [16:18:03]Undersize packets    : 0
161803.885: [16:18:03]Oversize packets     : 0
161803.885: [16:18:03]collisions           : 0
161803.885: [16:18:03]Fragments            : 0
161803.885: [16:18:03]Jabbers              : 0
161803.885: [16:18:03]CRC alignment errors : 0
161803.885: [16:18:03]AlignmentErrors      : 0
161803.885: [16:18:03]FCSErrors            : 0
161807.888: [16:18:07]dropped packet events (due to lack of resources): 0
161807.889: [16:18:07]packets received of length (in octets):
161807.889: [16:18:07]  64 : 0
161807.889: [16:18:07]  65-127 : 0
161807.889: [16:18:07]  128-255 : 0
161807.889: [16:18:07]  256-511 : 0
161807.889: [16:18:07]  512-1023 : 0
161807.889: [16:18:07]  1024-1518 : 0
161807.889: [16:18:07]Interface : GigabitEthernet 1/0/1
161807.889: [16:18:07]Packet increment in last sampling interval(3210 milliseconds):
161807.889: [16:18:07]InOctets             : 0
161807.889: [16:18:07]InPkts               : 0 (Unicast: 0%, Multicast: 0%, Broadcast: 0%)
161807.889: [16:18:07]InUcastPkts          : 0
161807.889: [16:18:07]InMulticastPkts      : 0
161807.890: [16:18:07]InBroadcastPkts      : 0
161807.890: [16:18:07]OutOctets            : 6053
161807.890: [16:18:07]OutPkts              : 82 (Unicast: 0%, Multicast: 100%, Broadcast: 0%)
161807.890: [16:18:07]OutUcastPkts         : 0
161807.890: [16:18:07]OutMulticastPkts     : 82
161807.890: [16:18:07]OutBroadcastPkts     : 0
161807.890: [16:18:07]
161807.890: [16:18:07]Interface : GigabitEthernet 1/0/2
161807.890: [16:18:07] 10 seconds input rate  :0 bits/sec, 0 packets/sec
161807.890: [16:18:07] 10 seconds output rate :15098 bits/sec, 26 packets/sec
161809.049: [16:18:09]Rxload               : 0%
161809.068: [16:18:09]InOctets             : 0
161809.068: [16:18:09]InPkts               : 0 (Unicast: 0%, Multicast: 0%, Broadcast: 0%)
161809.068: [16:18:09]InUcastPkts          : 0
161809.068: [16:18:09]InMulticastPkts      : 0
161809.068: [16:18:09]InBroadcastPkts      : 0
161809.068: [16:18:09]Txload               : 0%
161809.068: [16:18:09]OutOctets            : 49888435931
161809.068: [16:18:09]OutPkts              : 697614543 (Unicast: 0%, Multicast: 95%, Broadcast: 5%)
161809.069: [16:18:09]OutUcastPkts         : 68189
161809.069: [16:18:09]OutMulticastPkts     : 661784606
161809.069: [16:18:09]OutBroadcastPkts     : 35761748
161809.069: [16:18:09]Undersize packets    : 0
161809.069: [16:18:09]Oversize packets     : 0
161809.069: [16:18:09]collisions           : 0
161809.069: [16:18:09]Fragments            : 0
161809.069: [16:18:09]Jabbers              : 0
161809.069: [16:18:09]CRC alignment errors : 0
161809.069: [16:18:09]AlignmentErrors      : 0
161809.069: [16:18:09]FCSErrors            : 0
161809.069: [16:18:09]dropped packet events (due to lack of resources): 0
161809.069: [16:18:09]packets received of length (in octets):
161809.069: [16:18:09]  64 : 0
161809.069: [16:18:09]  65-127 : 0
161809.561: [16:18:09]  128-255 : 0
161809.582: [16:18:09]  256-511 : 0
161809.582: [16:18:09]  512-1023 : 0
161809.582: [16:18:09]  1024-1518 : 0
161809.582: [16:18:09]Interface : GigabitEthernet 1/0/2
161809.582: [16:18:09]Packet increment in last sampling interval(6412 milliseconds):
161809.582: [16:18:09]InOctets             : 0
161809.582: [16:18:09]InPkts               : 0 (Unicast: 0%, Multicast: 0%, Broadcast: 0%)
161809.583: [16:18:09]InUcastPkts          : 0
161809.583: [16:18:09]InMulticastPkts      : 0
161809.583: [16:18:09]InBroadcastPkts      : 0
161809.583: [16:18:09]OutOctets            : 11993
161809.583: [16:18:09]OutPkts              : 170 (Unicast: 0%, Multicast: 96%, Broadcast: 4%)
161809.583: [16:18:09]OutUcastPkts         : 0
161809.583: [16:18:09]OutMulticastPkts     : 164
161809.583: [16:18:09]OutBroadcastPkts     : 6
161809.583: [16:18:09]
161809.583: [16:18:09]Interface : GigabitEthernet 1/0/3
161809.583: [16:18:09] 10 seconds input rate  :0 bits/sec, 0 packets/sec
161809.583: [16:18:09] 10 seconds output rate :15102 bits/sec, 26 packets/sec
161809.584: [16:18:09]Rxload               : 0%
161809.584: [16:18:09]InOctets             : 0
161809.584: [16:18:09]InPkts               : 0 (Unicast: 0%, Multicast: 0%, Broadcast: 0%)
161809.584: [16:18:09]InUcastPkts          : 0
161809.632: [16:18:09]InMulticastPkts      : 0
161809.640: [16:18:09]InBroadcastPkts      : 0
161809.640: [16:18:09]Txload               : 0%
161809.640: [16:18:09]OutOctets            : 49888435931
161809.640: [16:18:09]OutPkts              : 697614543 (Unicast: 0%, Multicast: 95%, Broadcast: 5%)
161809.640: [16:18:09]OutUcastPkts         : 68189
161809.641: [16:18:09]OutMulticastPkts     : 661784606
161809.641: [16:18:09]OutBroadcastPkts     : 35761748
161809.641: [16:18:09]Undersize packets    : 0
161809.641: [16:18:09]Oversize packets     : 0
161809.641: [16:18:09]collisions           : 0
161809.641: [16:18:09]Fragments            : 0
161809.641: [16:18:09]Jabbers              : 0
161809.641: [16:18:09]CRC alignment errors : 0
161809.641: [16:18:09]AlignmentErrors      : 0
161809.641: [16:18:09]FCSErrors            : 0
161809.641: [16:18:09]dropped packet events (due to lack of resources): 0
161809.641: [16:18:09]packets received of length (in octets):
161809.641: [16:18:09]  64 : 0
161809.641: [16:18:09]  65-127 : 0
161809.641: [16:18:09]  128-255 : 0
161809.641: [16:18:09]  256-511 : 0
161809.641: [16:18:09]  512-1023 : 0
161809.641: [16:18:09]  1024-1518 : 0
161809.717: [16:18:09]Interface : GigabitEthernet 1/0/3
161809.728: [16:18:09]Packet increment in last sampling interval(6410 milliseconds):
161809.728: [16:18:09]InOctets             : 0
161809.728: [16:18:09]InPkts               : 0 (Unicast: 0%, Multicast: 0%, Broadcast: 0%)
161809.728: [16:18:09]InUcastPkts          : 0
161809.728: [16:18:09]InMulticastPkts      : 0
161809.728: [16:18:09]InBroadcastPkts      : 0
161809.728: [16:18:09]OutOctets            : 11993
161809.728: [16:18:09]OutPkts              : 170 (Unicast: 0%, Multicast: 96%, Broadcast: 4%)
161809.728: [16:18:09]OutUcastPkts         : 0
161809.729: [16:18:09]OutMulticastPkts     : 164
161809.729: [16:18:09]OutBroadcastPkts     : 6
161809.729: [16:18:09]
161809.729: [16:18:09]Interface : GigabitEthernet 1/0/4
161809.729: [16:18:09] 10 seconds input rate  :0 bits/sec, 0 packets/sec
161809.729: [16:18:09] 10 seconds output rate :15101 bits/sec, 26 packets/sec
161809.729: [16:18:09]Rxload               : 0%
161809.729: [16:18:09]InOctets             : 0
161809.729: [16:18:09]InPkts               : 0 (Unicast: 0%, Multicast: 0%, Broadcast: 0%)
161809.729: [16:18:09]InUcastPkts          : 0
161809.729: [16:18:09]InMulticastPkts      : 0
161809.729: [16:18:09]InBroadcastPkts      : 0
161809.729: [16:18:09]Txload               : 0%
161809.729: [16:18:09]OutOctets            : 49888435931
161810.887: [16:18:10]OutPkts              : 697614543 (Unicast: 0%, Multicast: 95%, Broadcast: 5%)
161810.906: [16:18:10]OutUcastPkts         : 68189
161810.906: [16:18:10]OutMulticastPkts     : 661784606
161810.906: [16:18:10]OutBroadcastPkts     : 35761748
161810.906: [16:18:10]Undersize packets    : 0
161810.906: [16:18:10]Oversize packets     : 0
161810.906: [16:18:10]collisions           : 0
161810.906: [16:18:10]Fragments            : 0
161810.906: [16:18:10]Jabbers              : 0
161810.906: [16:18:10]CRC alignment errors : 0
161810.906: [16:18:10]AlignmentErrors      : 0
161810.906: [16:18:10]FCSErrors            : 0
161810.906: [16:18:10]dropped packet events (due to lack of resources): 0
161810.906: [16:18:10]packets received of length (in octets):
161810.906: [16:18:10]  64 : 0
161810.906: [16:18:10]  65-127 : 0
161810.906: [16:18:10]  128-255 : 0
161810.906: [16:18:10]  256-511 : 0
161810.906: [16:18:10]  512-1023 : 0
161810.906: [16:18:10]  1024-1518 : 0
161810.907: [16:18:10]Interface : GigabitEthernet 1/0/4
161810.907: [16:18:10]Packet increment in last sampling interval(6411 milliseconds):
161810.907: [16:18:10]InOctets             : 0
161810.907: [16:18:10]InPkts               : 0 (Unicast: 0%, Multicast: 0%, Broadcast: 0%)
161811.650: [16:18:11]InUcastPkts          : 0
161811.663: [16:18:11]InMulticastPkts      : 0
161811.663: [16:18:11]InBroadcastPkts      : 0
161811.663: [16:18:11]OutOctets            : 11993
161811.679: [16:18:11]OutPkts              : 170 (Unicast: 0%, Multicast: 96%, Broadcast: 4%)
161811.679: [16:18:11]OutUcastPkts         : 0
161811.680: [16:18:11]OutMulticastPkts     : 164
161811.680: [16:18:11]OutBroadcastPkts     : 6
161811.680: [16:18:11]
161811.680: [16:18:11]Interface : GigabitEthernet 1/0/5
161811.680: [16:18:11] 10 seconds input rate  :0 bits/sec, 0 packets/sec
161811.680: [16:18:11] 10 seconds output rate :15113 bits/sec, 26 packets/sec
161811.680: [16:18:11]Rxload               : 0%
161811.680: [16:18:11]InOctets             : 0
161811.680: [16:18:11]InPkts               : 0 (Unicast: 0%, Multicast: 0%, Broadcast: 0%)
161811.680: [16:18:11]InUcastPkts          : 0
161811.681: [16:18:11]InMulticastPkts      : 0
161811.681: [16:18:11]InBroadcastPkts      : 0
161811.681: [16:18:11]Txload               : 0%
161811.681: [16:18:11]OutOctets            : 49888442541
161811.681: [16:18:11]OutPkts              : 697614630 (Unicast: 0%, Multicast: 95%, Broadcast: 5%)
161811.681: [16:18:11]OutUcastPkts         : 68189
161811.681: [16:18:11]OutMulticastPkts     : 661784690
161811.681: [16:18:11]OutBroadcastPkts     : 35761751
161812.113: [16:18:12]Undersize packets    : 0
161812.130: [16:18:12]Oversize packets     : 0
161812.130: [16:18:12]collisions           : 0
161812.130: [16:18:12]Fragments            : 0
161812.130: [16:18:12]Jabbers              : 0
161812.130: [16:18:12]CRC alignment errors : 0
161812.131: [16:18:12]AlignmentErrors      : 0
161812.131: [16:18:12]FCSErrors            : 0
161812.131: [16:18:12]dropped packet events (due to lack of resources): 0
161812.131: [16:18:12]packets received of length (in octets):
161812.131: [16:18:12]  64 : 0
161812.131: [16:18:12]  65-127 : 0
161812.131: [16:18:12]  128-255 : 0
161812.131: [16:18:12]  256-511 : 0
161812.131: [16:18:12]  512-1023 : 0
161812.131: [16:18:12]  1024-1518 : 0
161812.131: [16:18:12]Interface : GigabitEthernet 1/0/5
161812.132: [16:18:12]Packet increment in last sampling interval(3205 milliseconds):
161812.132: [16:18:12]InOctets             : 0
161812.132: [16:18:12]InPkts               : 0 (Unicast: 0%, Multicast: 0%, Broadcast: 0%)
161812.132: [16:18:12]InUcastPkts          : 0
161812.132: [16:18:12]InMulticastPkts      : 0
161812.132: [16:18:12]InBroadcastPkts      : 0
161812.132: [16:18:12]OutOctets            : 6309
161812.380: [16:18:12]OutPkts              : 86 (Unicast: 0%, Multicast: 97%, Broadcast: 3%)
161812.396: [16:18:12]OutUcastPkts         : 0
161812.396: [16:18:12]OutMulticastPkts     : 83
161812.396: [16:18:12]OutBroadcastPkts     : 3
161812.396: [16:18:12]
161812.396: [16:18:12]Interface : GigabitEthernet 1/0/6
161812.396: [16:18:12] 10 seconds input rate  :0 bits/sec, 0 packets/sec
161812.396: [16:18:12] 10 seconds output rate :15118 bits/sec, 26 packets/sec
161812.396: [16:18:12]Rxload               : 0%
161812.396: [16:18:12]InOctets             : 0
161812.396: [16:18:12]InPkts               : 0 (Unicast: 0%, Multicast: 0%, Broadcast: 0%)
161812.396: [16:18:12]InUcastPkts          : 0
161812.396: [16:18:12]InMulticastPkts      : 0
161812.396: [16:18:12]InBroadcastPkts      : 0
161812.397: [16:18:12]Txload               : 0%
161812.397: [16:18:12]OutOctets            : 49888442240
161812.397: [16:18:12]OutPkts              : 697614629 (Unicast: 0%, Multicast: 95%, Broadcast: 5%)
161812.397: [16:18:12]OutUcastPkts         : 68189
161812.397: [16:18:12]OutMulticastPkts     : 661784689
161812.397: [16:18:12]OutBroadcastPkts     : 35761751
161812.397: [16:18:12]Undersize packets    : 0
161812.397: [16:18:12]Oversize packets     : 0
161812.397: [16:18:12]collisions           : 0
161812.398: [16:18:12]Fragments            : 0
161812.784: [16:18:12]Jabbers              : 0
161812.803: [16:18:12]CRC alignment errors : 0
161812.803: [16:18:12]AlignmentErrors      : 0
161812.803: [16:18:12]FCSErrors            : 0
161812.803: [16:18:12]dropped packet events (due to lack of resources): 0
161812.803: [16:18:12]packets received of length (in octets):
161812.803: [16:18:12]  64 : 0
161812.803: [16:18:12]  65-127 : 0
161812.803: [16:18:12]  128-255 : 0
161812.803: [16:18:12]  256-511 : 0
161812.803: [16:18:12]  512-1023 : 0
161812.803: [16:18:12]  1024-1518 : 0
161812.803: [16:18:12]Interface : GigabitEthernet 1/0/6
161812.804: [16:18:12]Packet increment in last sampling interval(3203 milliseconds):
161812.804: [16:18:12]InOctets             : 0
161812.804: [16:18:12]InPkts               : 0 (Unicast: 0%, Multicast: 0%, Broadcast: 0%)
161812.804: [16:18:12]InUcastPkts          : 0
161812.804: [16:18:12]InMulticastPkts      : 0
161812.804: [16:18:12]InBroadcastPkts      : 0
161812.804: [16:18:12]OutOctets            : 6309
161812.804: [16:18:12]OutPkts              : 86 (Unicast: 0%, Multicast: 97%, Broadcast: 3%)
161812.804: [16:18:12]OutUcastPkts         : 0
161812.804: [16:18:12]OutMulticastPkts     : 83
161812.804: [16:18:12]OutBroadcastPkts     : 3
161813.056: [16:18:13]          
161813.080: [16:18:13]Interface : GigabitEthernet 1/0/7
161813.080: [16:18:13] 10 seconds input rate  :834239 bits/sec, 205 packets/sec
161813.080: [16:18:13] 10 seconds output rate :1974061 bits/sec, 295 packets/sec
161813.080: [16:18:13]Rxload               : 0%
161813.080: [16:18:13]InOctets             : 1136183440420
161813.081: [16:18:13]InPkts               : 2164075273 (Unicast: 100%, Multicast: 0%, Broadcast: 0%)
161813.081: [16:18:13]InUcastPkts          : 2161956488
161813.081: [16:18:13]InMulticastPkts      : 1363191
161813.081: [16:18:13]InBroadcastPkts      : 755594
161813.081: [16:18:13]Txload               : 0%
161813.081: [16:18:13]OutOctets            : 1322166320113
161813.081: [16:18:13]OutPkts              : 2084699145 (Unicast: 95%, Multicast: 3%, Broadcast: 2%)
161813.081: [16:18:13]OutUcastPkts         : 1988455603
161813.081: [16:18:13]OutMulticastPkts     : 59844917
161813.081: [16:18:13]OutBroadcastPkts     : 36398625
161813.082: [16:18:13]Undersize packets    : 0
161813.082: [16:18:13]Oversize packets     : 0
161813.082: [16:18:13]collisions           : 0
161813.082: [16:18:13]Fragments            : 0
161813.082: [16:18:13]Jabbers              : 0
161813.082: [16:18:13]CRC alignment errors : 0
161813.082: [16:18:13]AlignmentErrors      : 0
161813.082: [16:18:13]FCSErrors            : 0
161813.237: [16:18:13]dropped packet events (due to lack of resources): 0
161813.247: [16:18:13]packets received of length (in octets):
161813.247: [16:18:13]  64 : 130611756
161813.247: [16:18:13]  65-127 : 989631198
161813.247: [16:18:13]  128-255 : 199443749
161813.247: [16:18:13]  256-511 : 134345714
161813.247: [16:18:13]  512-1023 : 98943642
161813.247: [16:18:13]  1024-1518 : 200994513
161813.247: [16:18:13]Interface : GigabitEthernet 1/0/7
161813.248: [16:18:13]Packet increment in last sampling interval(3206 milliseconds):
161813.248: [16:18:13]InOctets             : 75846
161813.248: [16:18:13]InPkts               : 104 (Unicast: 100%, Multicast: 0%, Broadcast: 0%)
161813.248: [16:18:13]InUcastPkts          : 104
161813.248: [16:18:13]InMulticastPkts      : 0
161813.248: [16:18:13]InBroadcastPkts      : 0
161813.248: [16:18:13]OutOctets            : 20350
161813.248: [16:18:13]OutPkts              : 62 (Unicast: 92%, Multicast: 6%, Broadcast: 2%)
161813.248: [16:18:13]OutUcastPkts         : 57
161813.248: [16:18:13]OutMulticastPkts     : 4
161813.248: [16:18:13]OutBroadcastPkts     : 1
161813.248: [16:18:13]
161813.248: [16:18:13]Interface : GigabitEthernet 1/0/8
161813.249: [16:18:13] 10 seconds input rate  :28974 bits/sec, 7 packets/sec
161813.249: [16:18:13] 10 seconds output rate :10303 bits/sec, 6 packets/sec
161813.392: [16:18:13]Rxload               : 0%
161813.413: [16:18:13]InOctets             : 13597547797522
161813.413: [16:18:13]InPkts               : 14692815294 (Unicast: 100%, Multicast: 0%, Broadcast: 0%)
161813.413: [16:18:13]InUcastPkts          : 14691325364
161813.413: [16:18:13]InMulticastPkts      : 1439273
161813.413: [16:18:13]InBroadcastPkts      : 50657
161813.413: [16:18:13]Txload               : 0%
161813.414: [16:18:13]OutOctets            : 2017550924443
161813.414: [16:18:13]OutPkts              : 2571067847 (Unicast: 97%, Multicast: 2%, Broadcast: 1%)
161813.414: [16:18:13]OutUcastPkts         : 2484913657
161813.414: [16:18:13]OutMulticastPkts     : 54121999
161813.414: [16:18:13]OutBroadcastPkts     : 32032191
161813.414: [16:18:13]Undersize packets    : 0
161813.414: [16:18:13]Oversize packets     : 0
161813.414: [16:18:13]collisions           : 0
161813.414: [16:18:13]Fragments            : 0
161813.414: [16:18:13]Jabbers              : 0
161813.414: [16:18:13]CRC alignment errors : 0
161813.414: [16:18:13]AlignmentErrors      : 0
161813.415: [16:18:13]FCSErrors            : 0
161813.415: [16:18:13]dropped packet events (due to lack of resources): 0
161813.415: [16:18:13]packets received of length (in octets):
161813.415: [16:18:13]  64 : 510599107
161813.415: [16:18:13]  65-127 : 1153482547
161813.577: [16:18:13]  128-255 : 2254174880
161813.599: [16:18:13]  256-511 : 349513297
161813.599: [16:18:13]  512-1023 : 3191929522
161813.599: [16:18:13]  1024-1518 : 2318263151
161813.600: [16:18:13]Interface : GigabitEthernet 1/0/8
161813.600: [16:18:13]Packet increment in last sampling interval(3206 milliseconds):
161813.600: [16:18:13]InOctets             : 10267
161813.600: [16:18:13]InPkts               : 18 (Unicast: 100%, Multicast: 0%, Broadcast: 0%)
161813.600: [16:18:13]InUcastPkts          : 18
161813.600: [16:18:13]InMulticastPkts      : 0
161813.600: [16:18:13]InBroadcastPkts      : 0
161813.600: [16:18:13]OutOctets            : 2146
161813.600: [16:18:13]OutPkts              : 18 (Unicast: 50%, Multicast: 39%, Broadcast: 11%)
161813.600: [16:18:13]OutUcastPkts         : 9
161813.601: [16:18:13]OutMulticastPkts     : 7
161813.601: [16:18:13]OutBroadcastPkts     : 2
161813.601: [16:18:13]
161813.601: [16:18:13]Interface : GigabitEthernet 1/0/9
161813.601: [16:18:13] 10 seconds input rate  :159 bits/sec, 0 packets/sec
161813.601: [16:18:13] 10 seconds output rate :79 bits/sec, 0 packets/sec
161813.601: [16:18:13]Rxload               : 0%
161813.601: [16:18:13]InOctets             : 837617034509
161813.601: [16:18:13]InPkts               : 672260509 (Unicast: 99%, Multicast: 0%, Broadcast: 0%)
161813.601: [16:18:13]InUcastPkts          : 669772695
161813.784: [16:18:13]InMulticastPkts      : 2095215
161813.784: [16:18:13]InBroadcastPkts      : 19
161813.784: [16:18:13]Txload               : 0%
161813.785: [16:18:13]OutOctets            : 94716058893
161813.785: [16:18:13]OutPkts              : 266644774 (Unicast: 98%, Multicast: 1%, Broadcast: 1%)
161813.785: [16:18:13]OutUcastPkts         : 260727906
161813.785: [16:18:13]OutMulticastPkts     : 3566025
161813.785: [16:18:13]OutBroadcastPkts     : 2350843
161813.785: [16:18:13]Undersize packets    : 0
161813.785: [16:18:13]Oversize packets     : 0
161813.785: [16:18:13]collisions           : 0
161813.785: [16:18:13]Fragments            : 11474
161813.785: [16:18:13]Jabbers              : 8
161813.786: [16:18:13]CRC alignment errors : 392580
161813.786: [16:18:13]AlignmentErrors      : 0
161813.786: [16:18:13]FCSErrors            : 392580
161813.786: [16:18:13]dropped packet events (due to lack of resources): 0
161813.786: [16:18:13]packets received of length (in octets):
161813.786: [16:18:13]  64 : 13835889
161813.786: [16:18:13]  65-127 : 88029337
161813.786: [16:18:13]  128-255 : 11801358
161813.786: [16:18:13]  256-511 : 11876072
161813.786: [16:18:13]  512-1023 : 6110270
161813.787: [16:18:13]  1024-1518 : 32848598
161813.983: [16:18:13]Interface : GigabitEthernet 1/0/9
161813.991: [16:18:13]Packet increment in last sampling interval(3208 milliseconds):
161813.991: [16:18:13]InOctets             : 0
161813.991: [16:18:13]InPkts               : 0 (Unicast: 0%, Multicast: 0%, Broadcast: 0%)
161813.991: [16:18:13]InUcastPkts          : 0
161813.991: [16:18:13]InMulticastPkts      : 0
161813.991: [16:18:13]InBroadcastPkts      : 0
161813.991: [16:18:13]OutOctets            : 0
161813.991: [16:18:13]OutPkts              : 0 (Unicast: 0%, Multicast: 0%, Broadcast: 0%)
161813.991: [16:18:13]OutUcastPkts         : 0
161813.992: [16:18:13]OutMulticastPkts     : 0
161813.992: [16:18:13]OutBroadcastPkts     : 0
161813.992: [16:18:13]
161813.992: [16:18:13]Interface : GigabitEthernet 1/0/10
161813.992: [16:18:13] 10 seconds input rate  :79 bits/sec, 0 packets/sec
161813.992: [16:18:13] 10 seconds output rate :1166 bits/sec, 1 packets/sec
161813.992: [16:18:13]Rxload               : 0%
161813.992: [16:18:13]InOctets             : 174633728
161813.992: [16:18:13]InPkts               : 1364326 (Unicast: 0%, Multicast: 100%, Broadcast: 0%)
161813.992: [16:18:13]InUcastPkts          : 0
161813.992: [16:18:13]InMulticastPkts      : 1364326
161813.992: [16:18:13]InBroadcastPkts      : 0
161813.992: [16:18:13]Txload               : 0%
161813.992: [16:18:13]OutOctets            : 7716074482
161814.146: [16:18:14]OutPkts              : 68336054 (Unicast: 0%, Multicast: 45%, Broadcast: 55%)
161814.159: [16:18:14]OutUcastPkts         : 35171
161814.159: [16:18:14]OutMulticastPkts     : 31046555
161814.159: [16:18:14]OutBroadcastPkts     : 37254328
161814.159: [16:18:14]Undersize packets    : 0
161814.159: [16:18:14]Oversize packets     : 0
161814.159: [16:18:14]collisions           : 0
161814.159: [16:18:14]Fragments            : 0
161814.159: [16:18:14]Jabbers              : 0
161814.159: [16:18:14]CRC alignment errors : 0
161814.159: [16:18:14]AlignmentErrors      : 0
161814.159: [16:18:14]FCSErrors            : 0
161814.160: [16:18:14]dropped packet events (due to lack of resources): 0
161814.160: [16:18:14]packets received of length (in octets):
161814.160: [16:18:14]  64 : 0
161814.160: [16:18:14]  65-127 : 0
161814.160: [16:18:14]  128-255 : 1364326
161814.160: [16:18:14]  256-511 : 0
161814.160: [16:18:14]  512-1023 : 0
161814.160: [16:18:14]  1024-1518 : 0
161814.160: [16:18:14]Interface : GigabitEthernet 1/0/10
161814.160: [16:18:14]Packet increment in last sampling interval(3203 milliseconds):
161814.160: [16:18:14]InOctets             : 0
161814.160: [16:18:14]InPkts               : 0 (Unicast: 0%, Multicast: 0%, Broadcast: 0%)
161814.374: [16:18:14]InUcastPkts          : 0
161814.386: [16:18:14]InMulticastPkts      : 0
161814.386: [16:18:14]InBroadcastPkts      : 0
161814.386: [16:18:14]OutOctets            : 678
161814.386: [16:18:14]OutPkts              : 6 (Unicast: 0%, Multicast: 67%, Broadcast: 33%)
161814.386: [16:18:14]OutUcastPkts         : 0
161814.386: [16:18:14]OutMulticastPkts     : 4
161814.386: [16:18:14]OutBroadcastPkts     : 2
161814.386: [16:18:14]
161814.386: [16:18:14]Interface : GigabitEthernet 1/0/11
161814.386: [16:18:14] 10 seconds input rate  :1467500 bits/sec, 234 packets/sec
161814.386: [16:18:14] 10 seconds output rate :533564 bits/sec, 130 packets/sec
161814.386: [16:18:14]Rxload               : 0%
161814.386: [16:18:14]InOctets             : 2407299631200
161814.387: [16:18:14]InPkts               : 3727852305 (Unicast: 100%, Multicast: 0%, Broadcast: 0%)
161814.387: [16:18:14]InUcastPkts          : 3725134607
161814.387: [16:18:14]InMulticastPkts      : 2182284
161814.387: [16:18:14]InBroadcastPkts      : 535414
161814.387: [16:18:14]Txload               : 0%
161814.387: [16:18:14]OutOctets            : 934046012905
161814.387: [16:18:14]OutPkts              : 1704610028 (Unicast: 94%, Multicast: 4%, Broadcast: 2%)
161814.387: [16:18:14]OutUcastPkts         : 1597604138
161814.387: [16:18:14]OutMulticastPkts     : 70293701
161814.387: [16:18:14]OutBroadcastPkts     : 36712189
161814.567: [16:18:14]Undersize packets    : 0
161814.585: [16:18:14]Oversize packets     : 0
161814.585: [16:18:14]collisions           : 0
161814.585: [16:18:14]Fragments            : 0
161814.585: [16:18:14]Jabbers              : 0
161814.585: [16:18:14]CRC alignment errors : 0
161814.585: [16:18:14]AlignmentErrors      : 0
161814.585: [16:18:14]FCSErrors            : 0
161814.585: [16:18:14]dropped packet events (due to lack of resources): 0
161814.585: [16:18:14]packets received of length (in octets):
161814.586: [16:18:14]  64 : 284349995
161814.586: [16:18:14]  65-127 : 1375315829
161814.586: [16:18:14]  128-255 : 488261229
161814.586: [16:18:14]  256-511 : 29487785
161814.586: [16:18:14]  512-1023 : 208697588
161814.586: [16:18:14]  1024-1518 : 166283260
161814.586: [16:18:14]Interface : GigabitEthernet 1/0/11
161814.586: [16:18:14]Packet increment in last sampling interval(3204 milliseconds):
161814.586: [16:18:14]InOctets             : 15563
161814.586: [16:18:14]InPkts               : 100 (Unicast: 100%, Multicast: 0%, Broadcast: 0%)
161814.586: [16:18:14]InUcastPkts          : 100
161814.586: [16:18:14]InMulticastPkts      : 0
161814.586: [16:18:14]InBroadcastPkts      : 0
161814.586: [16:18:14]OutOctets            : 4629
161814.799: [16:18:14]OutPkts              : 25 (Unicast: 64%, Multicast: 28%, Broadcast: 8%)
161814.800: [16:18:14]OutUcastPkts         : 16
161814.800: [16:18:14]OutMulticastPkts     : 7
161814.812: [16:18:14]OutBroadcastPkts     : 2
161814.812: [16:18:14]
161814.812: [16:18:14]Interface : GigabitEthernet 1/0/13
161814.812: [16:18:14] 10 seconds input rate  :216476 bits/sec, 109 packets/sec
161814.812: [16:18:14] 10 seconds output rate :450694 bits/sec, 85 packets/sec
161814.812: [16:18:14]Rxload               : 0%
161814.812: [16:18:14]InOctets             : 1106009892744
161814.812: [16:18:14]InPkts               : 3716138629 (Unicast: 100%, Multicast: 0%, Broadcast: 0%)
161814.812: [16:18:14]InUcastPkts          : 3714826762
161814.812: [16:18:14]InMulticastPkts      : 1311867
161814.812: [16:18:14]InBroadcastPkts      : 0
161814.812: [16:18:14]Txload               : 0%
161814.813: [16:18:14]OutOctets            : 48323898459609
161814.813: [16:18:14]OutPkts              : 33984863194 (Unicast: 100%, Multicast: 0%, Broadcast: 0%)
161814.813: [16:18:14]OutUcastPkts         : 33916562314
161814.813: [16:18:14]OutMulticastPkts     : 31046551
161814.813: [16:18:14]OutBroadcastPkts     : 37254329
161814.813: [16:18:14]Undersize packets    : 0
161814.813: [16:18:14]Oversize packets     : 0
161814.813: [16:18:14]collisions           : 0
161814.813: [16:18:14]Fragments            : 0
161815.042: [16:18:15]Jabbers              : 0
161815.056: [16:18:15]CRC alignment errors : 0
161815.056: [16:18:15]AlignmentErrors      : 0
161815.056: [16:18:15]FCSErrors            : 0
161815.056: [16:18:15]dropped packet events (due to lack of resources): 0
161815.056: [16:18:15]packets received of length (in octets):
161815.056: [16:18:15]  64 : 3270798
161815.056: [16:18:15]  65-127 : 2965230000
161815.056: [16:18:15]  128-255 : 143881538
161815.057: [16:18:15]  256-511 : 44780755
161815.057: [16:18:15]  512-1023 : 33121704
161815.057: [16:18:15]  1024-1518 : 147891910
161815.057: [16:18:15]Interface : GigabitEthernet 1/0/13
161815.057: [16:18:15]Packet increment in last sampling interval(3205 milliseconds):
161815.057: [16:18:15]InOctets             : 109992
161815.057: [16:18:15]InPkts               : 399 (Unicast: 100%, Multicast: 0%, Broadcast: 0%)
161815.057: [16:18:15]InUcastPkts          : 398
161815.057: [16:18:15]InMulticastPkts      : 1
161815.057: [16:18:15]InBroadcastPkts      : 0
161815.057: [16:18:15]OutOctets            : 153023
161815.057: [16:18:15]OutPkts              : 248 (Unicast: 97%, Multicast: 2%, Broadcast: 1%)
161815.057: [16:18:15]OutUcastPkts         : 242
161815.057: [16:18:15]OutMulticastPkts     : 4
161815.057: [16:18:15]OutBroadcastPkts     : 2
161815.296: [16:18:15]          
161815.311: [16:18:15]Interface : GigabitEthernet 1/0/14
161815.312: [16:18:15] 10 seconds input rate  :171253 bits/sec, 61 packets/sec
161815.312: [16:18:15] 10 seconds output rate :61426 bits/sec, 33 packets/sec
161815.312: [16:18:15]Rxload               : 0%
161815.312: [16:18:15]InOctets             : 782951474543
161815.312: [16:18:15]InPkts               : 1531610684 (Unicast: 100%, Multicast: 0%, Broadcast: 0%)
161815.312: [16:18:15]InUcastPkts          : 1530298812
161815.312: [16:18:15]InMulticastPkts      : 1311872
161815.312: [16:18:15]InBroadcastPkts      : 0
161815.312: [16:18:15]Txload               : 0%
161815.312: [16:18:15]OutOctets            : 227103965660
161815.313: [16:18:15]OutPkts              : 883511328 (Unicast: 92%, Multicast: 4%, Broadcast: 4%)
161815.313: [16:18:15]OutUcastPkts         : 815263469
161815.313: [16:18:15]OutMulticastPkts     : 31035505
161815.313: [16:18:15]OutBroadcastPkts     : 37212354
161815.313: [16:18:15]Undersize packets    : 0
161815.313: [16:18:15]Oversize packets     : 0
161815.313: [16:18:15]collisions           : 0
161815.313: [16:18:15]Fragments            : 0
161815.313: [16:18:15]Jabbers              : 0
161815.313: [16:18:15]CRC alignment errors : 0
161815.313: [16:18:15]AlignmentErrors      : 0
161815.313: [16:18:15]FCSErrors            : 0
161815.559: [16:18:15]dropped packet events (due to lack of resources): 0
161815.576: [16:18:15]packets received of length (in octets):
161815.576: [16:18:15]  64 : 8674199
161815.576: [16:18:15]  65-127 : 974746703
161815.581: [16:18:15]  128-255 : 18857569
161815.581: [16:18:15]  256-511 : 67637298
161815.581: [16:18:15]  512-1023 : 13662725
161815.581: [16:18:15]  1024-1518 : 91891952
161815.582: [16:18:15]Interface : GigabitEthernet 1/0/14
161815.582: [16:18:15]Packet increment in last sampling interval(3204 milliseconds):
161815.582: [16:18:15]InOctets             : 92674
161815.582: [16:18:15]InPkts               : 146 (Unicast: 100%, Multicast: 0%, Broadcast: 0%)
161815.582: [16:18:15]InUcastPkts          : 146
161815.582: [16:18:15]InMulticastPkts      : 0
161815.582: [16:18:15]InBroadcastPkts      : 0
161815.582: [16:18:15]OutOctets            : 4136
161815.582: [16:18:15]OutPkts              : 35 (Unicast: 86%, Multicast: 8%, Broadcast: 6%)
161815.582: [16:18:15]OutUcastPkts         : 30
161815.582: [16:18:15]OutMulticastPkts     : 3
161815.582: [16:18:15]OutBroadcastPkts     : 2
161815.582: [16:18:15]
161815.583: [16:18:15]Interface : GigabitEthernet 1/0/15
161815.583: [16:18:15] 10 seconds input rate  :955799 bits/sec, 210 packets/sec
161815.583: [16:18:15] 10 seconds output rate :133249 bits/sec, 29 packets/sec
161815.812: [16:18:15]Rxload               : 0%
161815.835: [16:18:15]InOctets             : 1251936832051
161815.861: [16:18:15]InPkts               : 2790675311 (Unicast: 100%, Multicast: 0%, Broadcast: 0%)
161815.861: [16:18:15]InUcastPkts          : 2782513085
161815.861: [16:18:15]InMulticastPkts      : 1935454
161815.861: [16:18:15]InBroadcastPkts      : 6226772
161815.861: [16:18:15]Txload               : 0%
161815.862: [16:18:15]OutOctets            : 1841452551538
161815.862: [16:18:15]OutPkts              : 2249680088 (Unicast: 96%, Multicast: 3%, Broadcast: 1%)
161815.862: [16:18:15]OutUcastPkts         : 2149294917
161815.862: [16:18:15]OutMulticastPkts     : 69715372
161815.862: [16:18:15]OutBroadcastPkts     : 30669799
161815.862: [16:18:15]Undersize packets    : 0
161815.862: [16:18:15]Oversize packets     : 0
161815.862: [16:18:15]collisions           : 0
161815.862: [16:18:15]Fragments            : 0
161815.862: [16:18:15]Jabbers              : 0
161815.862: [16:18:15]CRC alignment errors : 0
161815.862: [16:18:15]AlignmentErrors      : 0
161815.862: [16:18:15]FCSErrors            : 0
161815.863: [16:18:15]dropped packet events (due to lack of resources): 0
161815.863: [16:18:15]packets received of length (in octets):
161815.863: [16:18:15]  64 : 59744388
161815.863: [16:18:15]  65-127 : 1404206948
161816.035: [16:18:16]  128-255 : 336292876
161816.036: [16:18:16]  256-511 : 81948576
161816.036: [16:18:16]  512-1023 : 318066179
161816.036: [16:18:16]  1024-1518 : 456320353
161816.036: [16:18:16]Interface : GigabitEthernet 1/0/15
161816.036: [16:18:16]Packet increment in last sampling interval(3211 milliseconds):
161816.036: [16:18:16]InOctets             : 85136
161816.036: [16:18:16]InPkts               : 417 (Unicast: 100%, Multicast: 0%, Broadcast: 0%)
161816.036: [16:18:16]InUcastPkts          : 416
161816.037: [16:18:16]InMulticastPkts      : 1
161816.037: [16:18:16]InBroadcastPkts      : 0
161816.037: [16:18:16]OutOctets            : 70649
161816.037: [16:18:16]OutPkts              : 73 (Unicast: 89%, Multicast: 10%, Broadcast: 1%)
161816.037: [16:18:16]OutUcastPkts         : 65
161816.037: [16:18:16]OutMulticastPkts     : 7
161816.037: [16:18:16]OutBroadcastPkts     : 1
161816.037: [16:18:16]
161816.037: [16:18:16]Interface : GigabitEthernet 1/0/16
161816.037: [16:18:16] 10 seconds input rate  :130375 bits/sec, 11 packets/sec
161816.037: [16:18:16] 10 seconds output rate :1610 bits/sec, 1 packets/sec
161816.038: [16:18:16]Rxload               : 0%
161816.038: [16:18:16]InOctets             : 1420964561941
161816.038: [16:18:16]InPkts               : 1080744264 (Unicast: 100%, Multicast: 0%, Broadcast: 0%)
161816.038: [16:18:16]InUcastPkts          : 1079409749
161816.252: [16:18:16]InMulticastPkts      : 1333823
161816.268: [16:18:16]InBroadcastPkts      : 692
161816.268: [16:18:16]Txload               : 0%
161816.268: [16:18:16]OutOctets            : 55949865218
161816.268: [16:18:16]OutPkts              : 217148161 (Unicast: 69%, Multicast: 14%, Broadcast: 17%)
161816.268: [16:18:16]OutUcastPkts         : 148858988
161816.268: [16:18:16]OutMulticastPkts     : 31035678
161816.268: [16:18:16]OutBroadcastPkts     : 37253495
161816.268: [16:18:16]Undersize packets    : 0
161816.268: [16:18:16]Oversize packets     : 0
161816.268: [16:18:16]collisions           : 0
161816.268: [16:18:16]Fragments            : 0
161816.268: [16:18:16]Jabbers              : 0
161816.268: [16:18:16]CRC alignment errors : 0
161816.268: [16:18:16]AlignmentErrors      : 0
161816.268: [16:18:16]FCSErrors            : 0
161816.269: [16:18:16]dropped packet events (due to lack of resources): 0
161816.269: [16:18:16]packets received of length (in octets):
161816.269: [16:18:16]  64 : 5423544
161816.269: [16:18:16]  65-127 : 65420135
161816.269: [16:18:16]  128-255 : 45615766
161816.278: [16:18:16]  256-511 : 7288587
161816.278: [16:18:16]  512-1023 : 8663929
161816.278: [16:18:16]  1024-1518 : 660965794
161816.786: [16:18:16]Interface : GigabitEthernet 1/0/16
161816.801: [16:18:16]Packet increment in last sampling interval(6398 milliseconds):
161816.801: [16:18:16]InOctets             : 111470
161816.801: [16:18:16]InPkts               : 81 (Unicast: 100%, Multicast: 0%, Broadcast: 0%)
161816.801: [16:18:16]InUcastPkts          : 81
161816.801: [16:18:16]InMulticastPkts      : 0
161816.801: [16:18:16]InBroadcastPkts      : 0
161816.801: [16:18:16]OutOctets            : 1350
161816.802: [16:18:16]OutPkts              : 13 (Unicast: 31%, Multicast: 61%, Broadcast: 8%)
161816.802: [16:18:16]OutUcastPkts         : 4
161816.802: [16:18:16]OutMulticastPkts     : 8
161816.802: [16:18:16]OutBroadcastPkts     : 1
161816.802: [16:18:16]
161816.802: [16:18:16]Interface : GigabitEthernet 1/0/17
161816.802: [16:18:16] 10 seconds input rate  :0 bits/sec, 0 packets/sec
161816.802: [16:18:16] 10 seconds output rate :2330 bits/sec, 1 packets/sec
161816.802: [16:18:16]Rxload               : 0%
161816.802: [16:18:16]InOctets             : 47339654
161816.802: [16:18:16]InPkts               : 360634 (Unicast: 5%, Multicast: 94%, Broadcast: 0%)
161816.802: [16:18:16]InUcastPkts          : 19278
161816.802: [16:18:16]InMulticastPkts      : 340720
161816.803: [16:18:16]InBroadcastPkts      : 0
161816.803: [16:18:16]Txload               : 0%
161816.803: [16:18:16]OutOctets            : 4700320400
161817.041: [16:18:17]OutPkts              : 35886473 (Unicast: 0%, Multicast: 87%, Broadcast: 13%)
161817.057: [16:18:17]OutUcastPkts         : 19810
161817.057: [16:18:17]OutMulticastPkts     : 31140767
161817.057: [16:18:17]OutBroadcastPkts     : 4725896
161817.057: [16:18:17]Undersize packets    : 0
161817.057: [16:18:17]Oversize packets     : 0
161817.057: [16:18:17]collisions           : 0
161817.057: [16:18:17]Fragments            : 0
161817.057: [16:18:17]Jabbers              : 0
161817.057: [16:18:17]CRC alignment errors : 0
161817.057: [16:18:17]AlignmentErrors      : 0
161817.057: [16:18:17]FCSErrors            : 0
161817.058: [16:18:17]dropped packet events (due to lack of resources): 0
161817.058: [16:18:17]packets received of length (in octets):
161817.058: [16:18:17]  64 : 12847
161817.058: [16:18:17]  65-127 : 341237
161817.058: [16:18:17]  128-255 : 296
161817.058: [16:18:17]  256-511 : 264
161817.058: [16:18:17]  512-1023 : 1113
161817.058: [16:18:17]  1024-1518 : 4877
161817.058: [16:18:17]Interface : GigabitEthernet 1/0/17
161817.058: [16:18:17]Packet increment in last sampling interval(6395 milliseconds):
161817.058: [16:18:17]InOctets             : 0
161817.058: [16:18:17]InPkts               : 0 (Unicast: 0%, Multicast: 0%, Broadcast: 0%)
161817.276: [16:18:17]InUcastPkts          : 0
161817.290: [16:18:17]InMulticastPkts      : 0
161817.290: [16:18:17]InBroadcastPkts      : 0
161817.290: [16:18:17]OutOctets            : 2452
161817.291: [16:18:17]OutPkts              : 10 (Unicast: 0%, Multicast: 100%, Broadcast: 0%)
161817.291: [16:18:17]OutUcastPkts         : 0
161817.291: [16:18:17]OutMulticastPkts     : 10
161817.291: [16:18:17]OutBroadcastPkts     : 0
161817.291: [16:18:17]
161817.291: [16:18:17]Interface : GigabitEthernet 1/0/18
161817.291: [16:18:17] 10 seconds input rate  :0 bits/sec, 0 packets/sec
161817.291: [16:18:17] 10 seconds output rate :2330 bits/sec, 1 packets/sec
161817.291: [16:18:17]Rxload               : 0%
161817.291: [16:18:17]InOctets             : 44203101
161817.309: [16:18:17]InPkts               : 381147 (Unicast: 10%, Multicast: 89%, Broadcast: 0%)
161817.309: [16:18:17]InUcastPkts          : 40222
161817.309: [16:18:17]InMulticastPkts      : 340760
161817.309: [16:18:17]InBroadcastPkts      : 0
161817.309: [16:18:17]Txload               : 0%
161817.309: [16:18:17]OutOctets            : 4701015281
161817.309: [16:18:17]OutPkts              : 35909385 (Unicast: 0%, Multicast: 87%, Broadcast: 13%)
161817.309: [16:18:17]OutUcastPkts         : 41384
161817.309: [16:18:17]OutMulticastPkts     : 31142054
161817.309: [16:18:17]OutBroadcastPkts     : 4725947
161817.522: [16:18:17]Undersize packets    : 0
161817.539: [16:18:17]Oversize packets     : 0
161817.539: [16:18:17]collisions           : 0
161817.539: [16:18:17]Fragments            : 0
161817.539: [16:18:17]Jabbers              : 0
161817.539: [16:18:17]CRC alignment errors : 0
161817.539: [16:18:17]AlignmentErrors      : 0
161817.539: [16:18:17]FCSErrors            : 0
161817.539: [16:18:17]dropped packet events (due to lack of resources): 0
161817.539: [16:18:17]packets received of length (in octets):
161817.539: [16:18:17]  64 : 33032
161817.539: [16:18:17]  65-127 : 344138
161817.540: [16:18:17]  128-255 : 31
161817.540: [16:18:17]  256-511 : 1931
161817.540: [16:18:17]  512-1023 : 181
161817.540: [16:18:17]  1024-1518 : 1834
161817.540: [16:18:17]Interface : GigabitEthernet 1/0/18
161817.540: [16:18:17]Packet increment in last sampling interval(6393 milliseconds):
161817.540: [16:18:17]InOctets             : 0
161817.540: [16:18:17]InPkts               : 0 (Unicast: 0%, Multicast: 0%, Broadcast: 0%)
161817.540: [16:18:17]InUcastPkts          : 0
161817.540: [16:18:17]InMulticastPkts      : 0
161817.541: [16:18:17]InBroadcastPkts      : 0
161817.541: [16:18:17]OutOctets            : 2452
161817.794: [16:18:17]OutPkts              : 10 (Unicast: 0%, Multicast: 100%, Broadcast: 0%)
161817.801: [16:18:17]OutUcastPkts         : 0
161817.801: [16:18:17]OutMulticastPkts     : 10
161817.801: [16:18:17]OutBroadcastPkts     : 0
161817.801: [16:18:17]
161817.801: [16:18:17]Interface : GigabitEthernet 1/0/19
161817.801: [16:18:17] 10 seconds input rate  :0 bits/sec, 0 packets/sec
161817.801: [16:18:17] 10 seconds output rate :2331 bits/sec, 1 packets/sec
161817.801: [16:18:17]Rxload               : 0%
161817.801: [16:18:17]InOctets             : 44928483
161817.802: [16:18:17]InPkts               : 383181 (Unicast: 11%, Multicast: 88%, Broadcast: 0%)
161817.802: [16:18:17]InUcastPkts          : 42245
161817.802: [16:18:17]InMulticastPkts      : 340760
161817.802: [16:18:17]InBroadcastPkts      : 0
161817.802: [16:18:17]Txload               : 0%
161817.802: [16:18:17]OutOctets            : 4701368494
161817.812: [16:18:17]OutPkts              : 35910940 (Unicast: 0%, Multicast: 87%, Broadcast: 13%)
161817.812: [16:18:17]OutUcastPkts         : 42953
161817.812: [16:18:17]OutMulticastPkts     : 31142044
161817.813: [16:18:17]OutBroadcastPkts     : 4725943
161817.813: [16:18:17]Undersize packets    : 0
161817.813: [16:18:17]Oversize packets     : 0
161817.813: [16:18:17]collisions           : 0
161817.813: [16:18:17]Fragments            : 0
161817.975: [16:18:17]Jabbers              : 0
161817.992: [16:18:17]CRC alignment errors : 0
161817.992: [16:18:17]AlignmentErrors      : 0
161817.992: [16:18:17]FCSErrors            : 0
161817.992: [16:18:17]dropped packet events (due to lack of resources): 0
161817.993: [16:18:17]packets received of length (in octets):
161817.993: [16:18:17]  64 : 33667
161817.993: [16:18:17]  65-127 : 344653
161817.993: [16:18:17]  128-255 : 34
161817.993: [16:18:17]  256-511 : 2333
161817.993: [16:18:17]  512-1023 : 345
161817.993: [16:18:17]  1024-1518 : 2149
161817.993: [16:18:17]Interface : GigabitEthernet 1/0/19
161817.993: [16:18:17]Packet increment in last sampling interval(6389 milliseconds):
161817.993: [16:18:17]InOctets             : 0
161817.993: [16:18:17]InPkts               : 0 (Unicast: 0%, Multicast: 0%, Broadcast: 0%)
161817.993: [16:18:17]InUcastPkts          : 0
161817.993: [16:18:17]InMulticastPkts      : 0
161817.994: [16:18:17]InBroadcastPkts      : 0
161817.994: [16:18:17]OutOctets            : 2452
161817.994: [16:18:17]OutPkts              : 10 (Unicast: 0%, Multicast: 100%, Broadcast: 0%)
161817.994: [16:18:17]OutUcastPkts         : 0
161817.994: [16:18:17]OutMulticastPkts     : 10
161817.994: [16:18:17]OutBroadcastPkts     : 0
161818.164: [16:18:18]          
161818.183: [16:18:18]Interface : GigabitEthernet 1/0/20
161818.183: [16:18:18] 10 seconds input rate  :0 bits/sec, 0 packets/sec
161818.183: [16:18:18] 10 seconds output rate :2331 bits/sec, 1 packets/sec
161818.183: [16:18:18]Rxload               : 0%
161818.183: [16:18:18]InOctets             : 44247073
161818.184: [16:18:18]InPkts               : 381086 (Unicast: 10%, Multicast: 89%, Broadcast: 0%)
161818.184: [16:18:18]InUcastPkts          : 40213
161818.184: [16:18:18]InMulticastPkts      : 340733
161818.184: [16:18:18]InBroadcastPkts      : 0
161818.184: [16:18:18]Txload               : 0%
161818.184: [16:18:18]OutOctets            : 4701081431
161818.184: [16:18:18]OutPkts              : 35909891 (Unicast: 0%, Multicast: 87%, Broadcast: 13%)
161818.184: [16:18:18]OutUcastPkts         : 41864
161818.184: [16:18:18]OutMulticastPkts     : 31142080
161818.184: [16:18:18]OutBroadcastPkts     : 4725947
161818.184: [16:18:18]Undersize packets    : 0
161818.184: [16:18:18]Oversize packets     : 0
161818.184: [16:18:18]collisions           : 0
161818.185: [16:18:18]Fragments            : 0
161818.185: [16:18:18]Jabbers              : 0
161818.185: [16:18:18]CRC alignment errors : 0
161818.185: [16:18:18]AlignmentErrors      : 0
161818.185: [16:18:18]FCSErrors            : 0
161819.288: [16:18:19]dropped packet events (due to lack of resources): 0
161819.305: [16:18:19]packets received of length (in octets):
161819.306: [16:18:19]  64 : 32870
161819.306: [16:18:19]  65-127 : 344126
161819.306: [16:18:19]  128-255 : 119
161819.306: [16:18:19]  256-511 : 1919
161819.306: [16:18:19]  512-1023 : 177
161819.306: [16:18:19]  1024-1518 : 1875
161819.306: [16:18:19]Interface : GigabitEthernet 1/0/20
161819.306: [16:18:19]Packet increment in last sampling interval(6389 milliseconds):
161819.306: [16:18:19]InOctets             : 0
161819.306: [16:18:19]InPkts               : 0 (Unicast: 0%, Multicast: 0%, Broadcast: 0%)
161819.306: [16:18:19]InUcastPkts          : 0
161819.306: [16:18:19]InMulticastPkts      : 0
161819.307: [16:18:19]InBroadcastPkts      : 0
161819.307: [16:18:19]OutOctets            : 2452
161819.307: [16:18:19]OutPkts              : 10 (Unicast: 0%, Multicast: 100%, Broadcast: 0%)
161819.307: [16:18:19]OutUcastPkts         : 0
161819.307: [16:18:19]OutMulticastPkts     : 10
161819.307: [16:18:19]OutBroadcastPkts     : 0
161819.307: [16:18:19]
161819.307: [16:18:19]Interface : GigabitEthernet 1/0/21
161819.307: [16:18:19] 10 seconds input rate  :0 bits/sec, 0 packets/sec
161819.307: [16:18:19] 10 seconds output rate :2331 bits/sec, 1 packets/sec
161819.501: [16:18:19]Rxload               : 0%
161819.519: [16:18:19]InOctets             : 42507981
161819.519: [16:18:19]InPkts               : 375319 (Unicast: 9%, Multicast: 90%, Broadcast: 0%)
161819.519: [16:18:19]InUcastPkts          : 34569
161819.519: [16:18:19]InMulticastPkts      : 340732
161819.519: [16:18:19]InBroadcastPkts      : 0
161819.519: [16:18:19]Txload               : 0%
161819.519: [16:18:19]OutOctets            : 4699979663
161819.519: [16:18:19]OutPkts              : 35904404 (Unicast: 0%, Multicast: 87%, Broadcast: 13%)
161819.519: [16:18:19]OutUcastPkts         : 36377
161819.520: [16:18:19]OutMulticastPkts     : 31142080
161819.520: [16:18:19]OutBroadcastPkts     : 4725947
161819.520: [16:18:19]Undersize packets    : 0
161819.520: [16:18:19]Oversize packets     : 0
161819.520: [16:18:19]collisions           : 0
161819.520: [16:18:19]Fragments            : 0
161819.520: [16:18:19]Jabbers              : 0
161819.520: [16:18:19]CRC alignment errors : 0
161819.520: [16:18:19]AlignmentErrors      : 0
161819.520: [16:18:19]FCSErrors            : 0
161819.520: [16:18:19]dropped packet events (due to lack of resources): 0
161819.520: [16:18:19]packets received of length (in octets):
161819.520: [16:18:19]  64 : 30586
161819.520: [16:18:19]  65-127 : 342636
161819.722: [16:18:19]  128-255 : 50
161819.733: [16:18:19]  256-511 : 1013
161819.733: [16:18:19]  512-1023 : 45
161819.733: [16:18:19]  1024-1518 : 989
161819.733: [16:18:19]Interface : GigabitEthernet 1/0/21
161819.733: [16:18:19]Packet increment in last sampling interval(6389 milliseconds):
161819.733: [16:18:19]InOctets             : 0
161819.733: [16:18:19]InPkts               : 0 (Unicast: 0%, Multicast: 0%, Broadcast: 0%)
161819.733: [16:18:19]InUcastPkts          : 0
161819.733: [16:18:19]InMulticastPkts      : 0
161819.733: [16:18:19]InBroadcastPkts      : 0
161819.733: [16:18:19]OutOctets            : 2452
161819.733: [16:18:19]OutPkts              : 10 (Unicast: 0%, Multicast: 100%, Broadcast: 0%)
161819.734: [16:18:19]OutUcastPkts         : 0
161819.734: [16:18:19]OutMulticastPkts     : 10
161819.734: [16:18:19]OutBroadcastPkts     : 0
161819.734: [16:18:19]
161819.734: [16:18:19]Interface : GigabitEthernet 1/0/22
161819.734: [16:18:19] 10 seconds input rate  :0 bits/sec, 0 packets/sec
161819.734: [16:18:19] 10 seconds output rate :2331 bits/sec, 1 packets/sec
161819.734: [16:18:19]Rxload               : 0%
161819.734: [16:18:19]InOctets             : 43456388
161819.734: [16:18:19]InPkts               : 378125 (Unicast: 9%, Multicast: 90%, Broadcast: 0%)
161819.734: [16:18:19]InUcastPkts          : 37359
161819.939: [16:18:19]InMulticastPkts      : 340696
161819.939: [16:18:19]InBroadcastPkts      : 0
161819.939: [16:18:19]Txload               : 0%
161819.939: [16:18:19]OutOctets            : 4700448596
161819.939: [16:18:19]OutPkts              : 35906443 (Unicast: 0%, Multicast: 87%, Broadcast: 13%)
161819.939: [16:18:19]OutUcastPkts         : 38391
161819.939: [16:18:19]OutMulticastPkts     : 31142109
161819.939: [16:18:19]OutBroadcastPkts     : 4725943
161819.940: [16:18:19]Undersize packets    : 0
161819.940: [16:18:19]Oversize packets     : 0
161819.940: [16:18:19]collisions           : 0
161819.940: [16:18:19]Fragments            : 0
161819.940: [16:18:19]Jabbers              : 0
161819.940: [16:18:19]CRC alignment errors : 0
161819.940: [16:18:19]AlignmentErrors      : 0
161819.940: [16:18:19]FCSErrors            : 0
161819.940: [16:18:19]dropped packet events (due to lack of resources): 0
161819.940: [16:18:19]packets received of length (in octets):
161819.940: [16:18:19]  64 : 31576
161819.941: [16:18:19]  65-127 : 343284
161819.941: [16:18:19]  128-255 : 55
161819.941: [16:18:19]  256-511 : 1593
161819.941: [16:18:19]  512-1023 : 183
161819.941: [16:18:19]  1024-1518 : 1434
161820.114: [16:18:20]Interface : GigabitEthernet 1/0/22
161820.114: [16:18:20]Packet increment in last sampling interval(6389 milliseconds):
161820.114: [16:18:20]InOctets             : 0
161820.114: [16:18:20]InPkts               : 0 (Unicast: 0%, Multicast: 0%, Broadcast: 0%)
161820.114: [16:18:20]InUcastPkts          : 0
161820.114: [16:18:20]InMulticastPkts      : 0
161820.114: [16:18:20]InBroadcastPkts      : 0
161820.114: [16:18:20]OutOctets            : 2452
161820.115: [16:18:20]OutPkts              : 10 (Unicast: 0%, Multicast: 100%, Broadcast: 0%)
161820.115: [16:18:20]OutUcastPkts         : 0
161820.115: [16:18:20]OutMulticastPkts     : 10
161820.115: [16:18:20]OutBroadcastPkts     : 0
161820.115: [16:18:20]
161820.115: [16:18:20]Interface : GigabitEthernet 1/0/23
161820.115: [16:18:20] 10 seconds input rate  :31 bits/sec, 0 packets/sec
161820.115: [16:18:20] 10 seconds output rate :1956 bits/sec, 1 packets/sec
161820.115: [16:18:20]Rxload               : 0%
161820.115: [16:18:20]InOctets             : 136945209
161820.115: [16:18:20]InPkts               : 646303 (Unicast: 5%, Multicast: 94%, Broadcast: 0%)
161820.115: [16:18:20]InUcastPkts          : 32563
161820.115: [16:18:20]InMulticastPkts      : 613642
161820.115: [16:18:20]InBroadcastPkts      : 0
161820.115: [16:18:20]Txload               : 0%
161820.115: [16:18:20]OutOctets            : 4607117330
161820.317: [16:18:20]OutPkts              : 35628707 (Unicast: 0%, Multicast: 87%, Broadcast: 13%)
161820.337: [16:18:20]OutUcastPkts         : 33590
161820.337: [16:18:20]OutMulticastPkts     : 30869170
161820.337: [16:18:20]OutBroadcastPkts     : 4725947
161820.337: [16:18:20]Undersize packets    : 0
161820.337: [16:18:20]Oversize packets     : 0
161820.337: [16:18:20]collisions           : 0
161820.337: [16:18:20]Fragments            : 0
161820.337: [16:18:20]Jabbers              : 0
161820.337: [16:18:20]CRC alignment errors : 0
161820.337: [16:18:20]AlignmentErrors      : 0
161820.337: [16:18:20]FCSErrors            : 0
161820.337: [16:18:20]dropped packet events (due to lack of resources): 0
161820.337: [16:18:20]packets received of length (in octets):
161820.337: [16:18:20]  64 : 28555
161820.337: [16:18:20]  65-127 : 341486
161820.337: [16:18:20]  128-255 : 482
161820.338: [16:18:20]  256-511 : 273188
161820.338: [16:18:20]  512-1023 : 155
161820.338: [16:18:20]  1024-1518 : 2437
161820.338: [16:18:20]Interface : GigabitEthernet 1/0/23
161820.338: [16:18:20]Packet increment in last sampling interval(6389 milliseconds):
161820.338: [16:18:20]InOctets             : 0
161820.338: [16:18:20]InPkts               : 0 (Unicast: 0%, Multicast: 0%, Broadcast: 0%)
161820.525: [16:18:20]InUcastPkts          : 0
161820.525: [16:18:20]InMulticastPkts      : 0
161820.525: [16:18:20]InBroadcastPkts      : 0
161820.525: [16:18:20]OutOctets            : 2452
161820.525: [16:18:20]OutPkts              : 10 (Unicast: 0%, Multicast: 100%, Broadcast: 0%)
161820.525: [16:18:20]OutUcastPkts         : 0
161820.525: [16:18:20]OutMulticastPkts     : 10
161820.526: [16:18:20]OutBroadcastPkts     : 0
161820.526: [16:18:20]
161820.526: [16:18:20]Interface : GigabitEthernet 1/0/24
161820.526: [16:18:20] 10 seconds input rate  :0 bits/sec, 0 packets/sec
161820.526: [16:18:20] 10 seconds output rate :1924 bits/sec, 1 packets/sec
161820.526: [16:18:20]Rxload               : 0%
161820.526: [16:18:20]InOctets             : 43782425
161820.526: [16:18:20]InPkts               : 369661 (Unicast: 7%, Multicast: 92%, Broadcast: 0%)
161820.526: [16:18:20]InUcastPkts          : 28895
161820.527: [16:18:20]InMulticastPkts      : 340764
161820.527: [16:18:20]InBroadcastPkts      : 0
161820.527: [16:18:20]Txload               : 0%
161820.527: [16:18:20]OutOctets            : 4695856365
161820.527: [16:18:20]OutPkts              : 35899354 (Unicast: 0%, Multicast: 87%, Broadcast: 13%)
161820.527: [16:18:20]OutUcastPkts         : 31359
161820.527: [16:18:20]OutMulticastPkts     : 31142048
161820.527: [16:18:20]OutBroadcastPkts     : 4725947
161823.912: [16:18:23]Undersize packets    : 0
161823.913: [16:18:23]Oversize packets     : 0
161823.913: [16:18:23]collisions           : 0
161823.913: [16:18:23]Fragments            : 0
161823.913: [16:18:23]Jabbers              : 0
161823.913: [16:18:23]CRC alignment errors : 0
161823.913: [16:18:23]AlignmentErrors      : 0
161823.913: [16:18:23]FCSErrors            : 0
161823.913: [16:18:23]dropped packet events (due to lack of resources): 0
161823.913: [16:18:23]packets received of length (in octets):
161823.913: [16:18:23]  64 : 28600
161823.913: [16:18:23]  65-127 : 340955
161823.914: [16:18:23]  128-255 : 95
161823.914: [16:18:23]  256-511 : 5
161823.914: [16:18:23]  512-1023 : 5
161823.914: [16:18:23]  1024-1518 : 1
161823.914: [16:18:23]Interface : GigabitEthernet 1/0/24
161823.914: [16:18:23]Packet increment in last sampling interval(6390 milliseconds):
161823.914: [16:18:23]InOctets             : 0
161823.914: [16:18:23]InPkts               : 0 (Unicast: 0%, Multicast: 0%, Broadcast: 0%)
161823.914: [16:18:23]InUcastPkts          : 0
161823.914: [16:18:23]InMulticastPkts      : 0
161823.915: [16:18:23]InBroadcastPkts      : 0
161823.915: [16:18:23]OutOctets            : 2452
161824.907: [16:18:24]OutPkts              : 10 (Unicast: 0%, Multicast: 100%, Broadcast: 0%)
161824.919: [16:18:24]OutUcastPkts         : 0
161824.919: [16:18:24]OutMulticastPkts     : 10
161824.919: [16:18:24]OutBroadcastPkts     : 0
161824.919: [16:18:24]
161824.919: [16:18:24]Interface : GigabitEthernet 1/0/25
161824.919: [16:18:24] 10 seconds input rate  :90 bits/sec, 0 packets/sec
161824.919: [16:18:24] 10 seconds output rate :579 bits/sec, 0 packets/sec
161824.919: [16:18:24]Rxload               : 0%
161824.920: [16:18:24]InOctets             : 364006998
161824.920: [16:18:24]InPkts               : 1403134 (Unicast: 3%, Multicast: 97%, Broadcast: 0%)
161824.920: [16:18:24]InUcastPkts          : 38929
161824.920: [16:18:24]InMulticastPkts      : 1364201
161824.920: [16:18:24]InBroadcastPkts      : 4
161824.920: [16:18:24]Txload               : 0%
161824.920: [16:18:24]OutOctets            : 2946684422
161824.920: [16:18:24]OutPkts              : 22081688 (Unicast: 0%, Multicast: 99%, Broadcast: 1%)
161824.920: [16:18:24]OutUcastPkts         : 38933
161824.920: [16:18:24]OutMulticastPkts     : 21847499
161824.920: [16:18:24]OutBroadcastPkts     : 195256
161824.920: [16:18:24]Undersize packets    : 0
161824.920: [16:18:24]Oversize packets     : 0
161824.921: [16:18:24]collisions           : 0
161824.921: [16:18:24]Fragments            : 0
161825.597: [16:18:25]Jabbers              : 0
161825.613: [16:18:25]CRC alignment errors : 0
161825.613: [16:18:25]AlignmentErrors      : 0
161825.613: [16:18:25]FCSErrors            : 0
161825.613: [16:18:25]dropped packet events (due to lack of resources): 0
161825.613: [16:18:25]packets received of length (in octets):
161825.613: [16:18:25]  64 : 38914
161825.613: [16:18:25]  65-127 : 0
161825.613: [16:18:25]  128-255 : 19
161825.613: [16:18:25]  256-511 : 1364201
161825.613: [16:18:25]  512-1023 : 0
161825.613: [16:18:25]  1024-1518 : 0
161825.613: [16:18:25]Interface : GigabitEthernet 1/0/25
161825.613: [16:18:25]Packet increment in last sampling interval(3166 milliseconds):
161825.613: [16:18:25]InOctets             : 0
161825.614: [16:18:25]InPkts               : 0 (Unicast: 0%, Multicast: 0%, Broadcast: 0%)
161825.614: [16:18:25]InUcastPkts          : 0
161825.614: [16:18:25]InMulticastPkts      : 0
161825.614: [16:18:25]InBroadcastPkts      : 0
161825.614: [16:18:25]OutOctets            : 123
161825.614: [16:18:25]OutPkts              : 1 (Unicast: 0%, Multicast: 100%, Broadcast: 0%)
161825.614: [16:18:25]OutUcastPkts         : 0
161825.614: [16:18:25]OutMulticastPkts     : 1
161825.614: [16:18:25]OutBroadcastPkts     : 0
161825.922: [16:18:25]          
161825.922: [16:18:25]Interface : GigabitEthernet 1/0/26
161825.922: [16:18:25] 10 seconds input rate  :0 bits/sec, 0 packets/sec
161825.922: [16:18:25] 10 seconds output rate :834 bits/sec, 0 packets/sec
161825.922: [16:18:25]Rxload               : 0%
161825.922: [16:18:25]InOctets             : 178005318
161825.922: [16:18:25]InPkts               : 660497 (Unicast: 41%, Multicast: 51%, Broadcast: 0%)
161825.922: [16:18:25]InUcastPkts          : 275496
161825.922: [16:18:25]InMulticastPkts      : 340753
161825.922: [16:18:25]InBroadcastPkts      : 0
161825.922: [16:18:25]Txload               : 0%
161825.923: [16:18:25]OutOctets            : 4768264884
161825.923: [16:18:25]OutPkts              : 36134618 (Unicast: 1%, Multicast: 86%, Broadcast: 13%)
161825.923: [16:18:25]OutUcastPkts         : 266603
161825.923: [16:18:25]OutMulticastPkts     : 31142068
161825.923: [16:18:25]OutBroadcastPkts     : 4725947
161825.923: [16:18:25]Undersize packets    : 0
161825.923: [16:18:25]Oversize packets     : 0
161825.923: [16:18:25]collisions           : 0
161825.923: [16:18:25]Fragments            : 0
161825.923: [16:18:25]Jabbers              : 0
161825.923: [16:18:25]CRC alignment errors : 0
161825.923: [16:18:25]AlignmentErrors      : 0
161825.923: [16:18:25]FCSErrors            : 0
161826.137: [16:18:26]dropped packet events (due to lack of resources): 0
161826.138: [16:18:26]packets received of length (in octets):
161826.138: [16:18:26]  64 : 174872
161826.138: [16:18:26]  65-127 : 375582
161826.138: [16:18:26]  128-255 : 20560
161826.138: [16:18:26]  256-511 : 2870
161826.138: [16:18:26]  512-1023 : 11767
161826.138: [16:18:26]  1024-1518 : 74846
161826.138: [16:18:26]Interface : GigabitEthernet 1/0/26
161826.138: [16:18:26]Packet increment in last sampling interval(6375 milliseconds):
161826.138: [16:18:26]InOctets             : 0
161826.138: [16:18:26]InPkts               : 0 (Unicast: 0%, Multicast: 0%, Broadcast: 0%)
161826.138: [16:18:26]InUcastPkts          : 0
161826.138: [16:18:26]InMulticastPkts      : 0
161826.139: [16:18:26]InBroadcastPkts      : 0
161826.139: [16:18:26]OutOctets            : 720
161826.139: [16:18:26]OutPkts              : 6 (Unicast: 0%, Multicast: 100%, Broadcast: 0%)
161826.139: [16:18:26]OutUcastPkts         : 0
161826.139: [16:18:26]OutMulticastPkts     : 6
161826.139: [16:18:26]OutBroadcastPkts     : 0
161826.139: [16:18:26]
161826.139: [16:18:26]Interface : GigabitEthernet 1/0/27
161826.139: [16:18:26] 10 seconds input rate  :91 bits/sec, 0 packets/sec
161826.139: [16:18:26] 10 seconds output rate :744 bits/sec, 0 packets/sec
161828.322: [16:18:28]Rxload               : 0%
161828.338: [16:18:28]InOctets             : 49796398
161828.338: [16:18:28]InPkts               : 373764 (Unicast: 8%, Multicast: 91%, Broadcast: 0%)
161828.338: [16:18:28]InUcastPkts          : 32963
161828.339: [16:18:28]InMulticastPkts      : 340693
161828.339: [16:18:28]InBroadcastPkts      : 0
161828.339: [16:18:28]Txload               : 0%
161828.339: [16:18:28]OutOctets            : 4699431464
161828.339: [16:18:28]OutPkts              : 35902893 (Unicast: 0%, Multicast: 87%, Broadcast: 13%)
161828.339: [16:18:28]OutUcastPkts         : 34819
161828.339: [16:18:28]OutMulticastPkts     : 31142127
161828.339: [16:18:28]OutBroadcastPkts     : 4725947
161828.339: [16:18:28]Undersize packets    : 0
161828.339: [16:18:28]Oversize packets     : 0
161828.339: [16:18:28]collisions           : 0
161828.339: [16:18:28]Fragments            : 0
161828.340: [16:18:28]Jabbers              : 0
161828.340: [16:18:28]CRC alignment errors : 0
161828.340: [16:18:28]AlignmentErrors      : 0
161828.340: [16:18:28]FCSErrors            : 0
161828.340: [16:18:28]dropped packet events (due to lack of resources): 0
161828.340: [16:18:28]packets received of length (in octets):
161828.340: [16:18:28]  64 : 24724
161828.340: [16:18:28]  65-127 : 341785
161829.288: [16:18:29]  128-255 : 780
161829.311: [16:18:29]  256-511 : 352
161829.311: [16:18:29]  512-1023 : 313
161829.311: [16:18:29]  1024-1518 : 5810
161829.311: [16:18:29]Interface : GigabitEthernet 1/0/27
161829.311: [16:18:29]Packet increment in last sampling interval(6376 milliseconds):
161829.311: [16:18:29]InOctets             : 114
161829.312: [16:18:29]InPkts               : 1 (Unicast: 0%, Multicast: 100%, Broadcast: 0%)
161829.312: [16:18:29]InUcastPkts          : 0
161829.312: [16:18:29]InMulticastPkts      : 1
161829.312: [16:18:29]InBroadcastPkts      : 0
161829.312: [16:18:29]OutOctets            : 606
161829.312: [16:18:29]OutPkts              : 5 (Unicast: 0%, Multicast: 100%, Broadcast: 0%)
161829.312: [16:18:29]OutUcastPkts         : 0
161829.312: [16:18:29]OutMulticastPkts     : 5
161829.312: [16:18:29]OutBroadcastPkts     : 0
161829.312: [16:18:29]
161829.312: [16:18:29]Interface : GigabitEthernet 1/0/28
161829.312: [16:18:29] 10 seconds input rate  :0 bits/sec, 0 packets/sec
161829.312: [16:18:29] 10 seconds output rate :835 bits/sec, 0 packets/sec
161829.312: [16:18:29]Rxload               : 0%
161829.313: [16:18:29]InOctets             : 154391059
161829.313: [16:18:29]InPkts               : 482798 (Unicast: 28%, Multicast: 70%, Broadcast: 0%)
161829.313: [16:18:29]InUcastPkts          : 139329
161829.647: [16:18:29]InMulticastPkts      : 340673
161829.664: [16:18:29]InBroadcastPkts      : 0
161829.664: [16:18:29]Txload               : 0%
161829.664: [16:18:29]OutOctets            : 4708652984
161829.664: [16:18:29]OutPkts              : 35974740 (Unicast: 0%, Multicast: 87%, Broadcast: 13%)
161829.664: [16:18:29]OutUcastPkts         : 106654
161829.664: [16:18:29]OutMulticastPkts     : 31142143
161829.665: [16:18:29]OutBroadcastPkts     : 4725943
161829.665: [16:18:29]Undersize packets    : 0
161829.665: [16:18:29]Oversize packets     : 0
161829.665: [16:18:29]collisions           : 0
161829.665: [16:18:29]Fragments            : 0
161829.665: [16:18:29]Jabbers              : 0
161829.665: [16:18:29]CRC alignment errors : 0
161829.665: [16:18:29]AlignmentErrors      : 0
161829.665: [16:18:29]FCSErrors            : 0
161829.665: [16:18:29]dropped packet events (due to lack of resources): 0
161829.665: [16:18:29]packets received of length (in octets):
161829.665: [16:18:29]  64 : 44070
161829.665: [16:18:29]  65-127 : 347043
161829.665: [16:18:29]  128-255 : 14238
161829.665: [16:18:29]  256-511 : 5954
161829.665: [16:18:29]  512-1023 : 1599
161829.666: [16:18:29]  1024-1518 : 69894
161830.226: [16:18:30]Interface : GigabitEthernet 1/0/28
161830.226: [16:18:30]Packet increment in last sampling interval(6378 milliseconds):
161830.226: [16:18:30]InOctets             : 0
161830.226: [16:18:30]InPkts               : 0 (Unicast: 0%, Multicast: 0%, Broadcast: 0%)
161830.226: [16:18:30]InUcastPkts          : 0
161830.226: [16:18:30]InMulticastPkts      : 0
161830.226: [16:18:30]InBroadcastPkts      : 0
161830.226: [16:18:30]OutOctets            : 720
161830.227: [16:18:30]OutPkts              : 6 (Unicast: 0%, Multicast: 100%, Broadcast: 0%)
161830.227: [16:18:30]OutUcastPkts         : 0
161830.227: [16:18:30]OutMulticastPkts     : 6
161830.227: [16:18:30]OutBroadcastPkts     : 0
161830.227: [16:18:30]
161830.227: [16:18:30]Interface : GigabitEthernet 1/0/29
161830.227: [16:18:30] 10 seconds input rate  :223452 bits/sec, 146 packets/sec
161830.227: [16:18:30] 10 seconds output rate :513148 bits/sec, 201 packets/sec
161830.227: [16:18:30]Rxload               : 0%
161830.227: [16:18:30]InOctets             : 1202042879169
161830.227: [16:18:30]InPkts               : 5659471292 (Unicast: 99%, Multicast: 1%, Broadcast: 0%)
161830.228: [16:18:30]InUcastPkts          : 5617231917
161830.228: [16:18:30]InMulticastPkts      : 42239372
161830.228: [16:18:30]InBroadcastPkts      : 3
161830.228: [16:18:30]Txload               : 0%
161830.228: [16:18:30]OutOctets            : 1959816302260
161831.038: [16:18:31]OutPkts              : 7115554644 (Unicast: 100%, Multicast: 0%, Broadcast: 0%)
161831.053: [16:18:31]OutUcastPkts         : 7087880324
161831.053: [16:18:31]OutMulticastPkts     : 2838840
161831.053: [16:18:31]OutBroadcastPkts     : 24835480
161831.053: [16:18:31]Undersize packets    : 0
161831.053: [16:18:31]Oversize packets     : 0
161831.053: [16:18:31]collisions           : 0
161831.053: [16:18:31]Fragments            : 0
161831.053: [16:18:31]Jabbers              : 0
161831.053: [16:18:31]CRC alignment errors : 0
161831.054: [16:18:31]AlignmentErrors      : 0
161831.054: [16:18:31]FCSErrors            : 0
161831.054: [16:18:31]dropped packet events (due to lack of resources): 0
161831.054: [16:18:31]packets received of length (in octets):
161831.059: [16:18:31]  64 : 149746665
161831.059: [16:18:31]  65-127 : 3079133952
161831.059: [16:18:31]  128-255 : 1833587602
161831.059: [16:18:31]  256-511 : 139575340
161831.059: [16:18:31]  512-1023 : 67411507
161831.059: [16:18:31]  1024-1518 : 390016226
161831.059: [16:18:31]Interface : GigabitEthernet 1/0/29
161831.059: [16:18:31]Packet increment in last sampling interval(6381 milliseconds):
161831.059: [16:18:31]InOctets             : 164575
161831.059: [16:18:31]InPkts               : 862 (Unicast: 99%, Multicast: 0%, Broadcast: 0%)
161831.785: [16:18:31]InUcastPkts          : 856
161831.796: [16:18:31]InMulticastPkts      : 7
161831.796: [16:18:31]InBroadcastPkts      : 0
161831.796: [16:18:31]OutOctets            : 479873
161831.796: [16:18:31]OutPkts              : 1243 (Unicast: 100%, Multicast: 0%, Broadcast: 0%)
161831.796: [16:18:31]OutUcastPkts         : 1238
161831.796: [16:18:31]OutMulticastPkts     : 3
161831.796: [16:18:31]OutBroadcastPkts     : 2
161831.796: [16:18:31]
161831.796: [16:18:31]Interface : GigabitEthernet 1/0/30
161831.797: [16:18:31] 10 seconds input rate  :238533 bits/sec, 139 packets/sec
161831.797: [16:18:31] 10 seconds output rate :726230 bits/sec, 218 packets/sec
161831.797: [16:18:31]Rxload               : 0%
161831.797: [16:18:31]InOctets             : 1637529186060
161831.797: [16:18:31]InPkts               : 6795683202 (Unicast: 100%, Multicast: 0%, Broadcast: 0%)
161831.797: [16:18:31]InUcastPkts          : 6794371138
161831.797: [16:18:31]InMulticastPkts      : 1312064
161831.797: [16:18:31]InBroadcastPkts      : 0
161831.797: [16:18:31]Txload               : 0%
161831.797: [16:18:31]OutOctets            : 3126737426637
161831.797: [16:18:31]OutPkts              : 9146504410 (Unicast: 100%, Multicast: 0%, Broadcast: 0%)
161831.797: [16:18:31]OutUcastPkts         : 9118821169
161831.797: [16:18:31]OutMulticastPkts     : 2849672
161831.797: [16:18:31]OutBroadcastPkts     : 24833569
161832.450: [16:18:32]Undersize packets    : 0
161832.468: [16:18:32]Oversize packets     : 0
161832.468: [16:18:32]collisions           : 0
161832.468: [16:18:32]Fragments            : 0
161832.468: [16:18:32]Jabbers              : 0
161832.468: [16:18:32]CRC alignment errors : 0
161832.468: [16:18:32]AlignmentErrors      : 0
161832.468: [16:18:32]FCSErrors            : 0
161832.469: [16:18:32]dropped packet events (due to lack of resources): 0
161832.469: [16:18:32]packets received of length (in octets):
161832.469: [16:18:32]  64 : 93019454
161832.469: [16:18:32]  65-127 : 3627698307
161832.469: [16:18:32]  128-255 : 2266757392
161832.469: [16:18:32]  256-511 : 127492568
161832.469: [16:18:32]  512-1023 : 111498655
161832.469: [16:18:32]  1024-1518 : 569216826
161832.469: [16:18:32]Interface : GigabitEthernet 1/0/30
161832.469: [16:18:32]Packet increment in last sampling interval(6422 milliseconds):
161832.469: [16:18:32]InOctets             : 184743
161832.469: [16:18:32]InPkts               : 834 (Unicast: 100%, Multicast: 0%, Broadcast: 0%)
161832.470: [16:18:32]InUcastPkts          : 833
161832.470: [16:18:32]InMulticastPkts      : 1
161832.470: [16:18:32]InBroadcastPkts      : 0
161832.470: [16:18:32]OutOctets            : 679690
161833.772: [16:18:33]OutPkts              : 1407 (Unicast: 100%, Multicast: 0%, Broadcast: 0%)
161833.792: [16:18:33]OutUcastPkts         : 1407
161833.792: [16:18:33]OutMulticastPkts     : 0
161833.792: [16:18:33]OutBroadcastPkts     : 0
161833.792: [16:18:33]
161833.792: [16:18:33]Interface : GigabitEthernet 1/0/31
161833.792: [16:18:33] 10 seconds input rate  :49716 bits/sec, 42 packets/sec
161833.792: [16:18:33] 10 seconds output rate :47406 bits/sec, 35 packets/sec
161833.792: [16:18:33]Rxload               : 0%
161833.792: [16:18:33]InOctets             : 1870933111926
161833.793: [16:18:33]InPkts               : 2729251785 (Unicast: 100%, Multicast: 0%, Broadcast: 0%)
161833.793: [16:18:33]InUcastPkts          : 2727899986
161833.793: [16:18:33]InMulticastPkts      : 1310556
161833.793: [16:18:33]InBroadcastPkts      : 41243
161833.793: [16:18:33]Txload               : 0%
161833.793: [16:18:33]OutOctets            : 329891285352
161833.793: [16:18:33]OutPkts              : 2529105287 (Unicast: 99%, Multicast: 0%, Broadcast: 1%)
161833.793: [16:18:33]OutUcastPkts         : 2501539098
161833.793: [16:18:33]OutMulticastPkts     : 2879100
161833.793: [16:18:33]OutBroadcastPkts     : 24687089
161833.793: [16:18:33]Undersize packets    : 0
161833.794: [16:18:33]Oversize packets     : 0
161833.794: [16:18:33]collisions           : 0
161833.794: [16:18:33]Fragments            : 0
161834.643: [16:18:34]Jabbers              : 0
161834.660: [16:18:34]CRC alignment errors : 0
161834.660: [16:18:34]AlignmentErrors      : 0
161834.660: [16:18:34]FCSErrors            : 0
161834.660: [16:18:34]dropped packet events (due to lack of resources): 0
161834.660: [16:18:34]packets received of length (in octets):
161834.660: [16:18:34]  64 : 822689050
161834.660: [16:18:34]  65-127 : 415319580
161834.660: [16:18:34]  128-255 : 252426265
161834.661: [16:18:34]  256-511 : 73522938
161834.661: [16:18:34]  512-1023 : 27514070
161834.661: [16:18:34]  1024-1518 : 1137779882
161834.661: [16:18:34]Interface : GigabitEthernet 1/0/31
161834.661: [16:18:34]Packet increment in last sampling interval(6423 milliseconds):
161834.661: [16:18:34]InOctets             : 44916
161834.661: [16:18:34]InPkts               : 308 (Unicast: 100%, Multicast: 0%, Broadcast: 0%)
161834.661: [16:18:34]InUcastPkts          : 308
161834.661: [16:18:34]InMulticastPkts      : 0
161834.661: [16:18:34]InBroadcastPkts      : 0
161834.661: [16:18:34]OutOctets            : 41819
161834.661: [16:18:34]OutPkts              : 260 (Unicast: 100%, Multicast: 0%, Broadcast: 0%)
161834.661: [16:18:34]OutUcastPkts         : 260
161834.661: [16:18:34]OutMulticastPkts     : 0
161834.661: [16:18:34]OutBroadcastPkts     : 0
161834.917: [16:18:34]          
161834.917: [16:18:34]Interface : GigabitEthernet 1/0/32
161834.917: [16:18:34] 10 seconds input rate  :147871 bits/sec, 37 packets/sec
161834.917: [16:18:34] 10 seconds output rate :17248 bits/sec, 13 packets/sec
161834.917: [16:18:34]Rxload               : 0%
161834.917: [16:18:34]InOctets             : 763577015767
161834.917: [16:18:34]InPkts               : 827888470 (Unicast: 100%, Multicast: 0%, Broadcast: 0%)
161834.917: [16:18:34]InUcastPkts          : 826564551
161834.917: [16:18:34]InMulticastPkts      : 1322861
161834.917: [16:18:34]InBroadcastPkts      : 1058
161834.917: [16:18:34]Txload               : 0%
161834.917: [16:18:34]OutOctets            : 114581922863
161834.918: [16:18:34]OutPkts              : 313823534 (Unicast: 91%, Multicast: 1%, Broadcast: 8%)
161834.918: [16:18:34]OutUcastPkts         : 286139020
161834.918: [16:18:34]OutMulticastPkts     : 2849672
161834.918: [16:18:34]OutBroadcastPkts     : 24834842
161834.918: [16:18:34]Undersize packets    : 0
161834.918: [16:18:34]Oversize packets     : 0
161834.918: [16:18:34]collisions           : 0
161834.918: [16:18:34]Fragments            : 0
161834.918: [16:18:34]Jabbers              : 0
161834.918: [16:18:34]CRC alignment errors : 0
161834.918: [16:18:34]AlignmentErrors      : 0
161834.918: [16:18:34]FCSErrors            : 0
161835.081: [16:18:35]dropped packet events (due to lack of resources): 0
161835.125: [16:18:35]packets received of length (in octets):
161835.125: [16:18:35]  64 : 3635820
161835.125: [16:18:35]  65-127 : 163456271
161835.125: [16:18:35]  128-255 : 150752378
161835.125: [16:18:35]  256-511 : 28203774
161835.125: [16:18:35]  512-1023 : 4625040
161835.125: [16:18:35]  1024-1518 : 477215187
161835.125: [16:18:35]Interface : GigabitEthernet 1/0/32
161835.125: [16:18:35]Packet increment in last sampling interval(6419 milliseconds):
161835.125: [16:18:35]InOctets             : 137486
161835.126: [16:18:35]InPkts               : 247 (Unicast: 100%, Multicast: 0%, Broadcast: 0%)
161835.126: [16:18:35]InUcastPkts          : 247
161835.126: [16:18:35]InMulticastPkts      : 0
161835.126: [16:18:35]InBroadcastPkts      : 0
161835.126: [16:18:35]OutOctets            : 11948
161835.126: [16:18:35]OutPkts              : 79 (Unicast: 100%, Multicast: 0%, Broadcast: 0%)
161835.126: [16:18:35]OutUcastPkts         : 79
161835.126: [16:18:35]OutMulticastPkts     : 0
161835.126: [16:18:35]OutBroadcastPkts     : 0
161835.126: [16:18:35]
161835.126: [16:18:35]Interface : GigabitEthernet 1/0/33
161835.127: [16:18:35] 10 seconds input rate  :311995 bits/sec, 205 packets/sec
161835.127: [16:18:35] 10 seconds output rate :484768 bits/sec, 245 packets/sec
161835.558: [16:18:35]Rxload               : 0%
161835.575: [16:18:35]InOctets             : 1438772344921
161835.575: [16:18:35]InPkts               : 7057469053 (Unicast: 100%, Multicast: 0%, Broadcast: 0%)
161835.575: [16:18:35]InUcastPkts          : 7056157185
161835.575: [16:18:35]InMulticastPkts      : 1311868
161835.575: [16:18:35]InBroadcastPkts      : 0
161835.575: [16:18:35]Txload               : 0%
161835.575: [16:18:35]OutOctets            : 1628193126397
161835.575: [16:18:35]OutPkts              : 7953445009 (Unicast: 100%, Multicast: 0%, Broadcast: 0%)
161835.575: [16:18:35]OutUcastPkts         : 7925759601
161835.575: [16:18:35]OutMulticastPkts     : 2849672
161835.575: [16:18:35]OutBroadcastPkts     : 24835736
161835.575: [16:18:35]Undersize packets    : 0
161835.576: [16:18:35]Oversize packets     : 0
161835.576: [16:18:35]collisions           : 0
161835.576: [16:18:35]Fragments            : 0
161835.576: [16:18:35]Jabbers              : 0
161835.576: [16:18:35]CRC alignment errors : 0
161835.576: [16:18:35]AlignmentErrors      : 0
161835.576: [16:18:35]FCSErrors            : 0
161835.576: [16:18:35]dropped packet events (due to lack of resources): 0
161835.576: [16:18:35]packets received of length (in octets):
161835.576: [16:18:35]  64 : 93357977
161835.576: [16:18:35]  65-127 : 3790225290
161836.063: [16:18:36]  128-255 : 2469987508
161836.080: [16:18:36]  256-511 : 166300323
161836.080: [16:18:36]  512-1023 : 162386244
161836.080: [16:18:36]  1024-1518 : 375211711
161836.080: [16:18:36]Interface : GigabitEthernet 1/0/33
161836.080: [16:18:36]Packet increment in last sampling interval(6420 milliseconds):
161836.080: [16:18:36]InOctets             : 241190
161836.081: [16:18:36]InPkts               : 1217 (Unicast: 100%, Multicast: 0%, Broadcast: 0%)
161836.081: [16:18:36]InUcastPkts          : 1217
161836.081: [16:18:36]InMulticastPkts      : 0
161836.081: [16:18:36]InBroadcastPkts      : 0
161836.081: [16:18:36]OutOctets            : 362340
161836.081: [16:18:36]OutPkts              : 1455 (Unicast: 100%, Multicast: 0%, Broadcast: 0%)
161836.081: [16:18:36]OutUcastPkts         : 1455
161836.081: [16:18:36]OutMulticastPkts     : 0
161836.081: [16:18:36]OutBroadcastPkts     : 0
161836.081: [16:18:36]
161836.081: [16:18:36]Interface : GigabitEthernet 1/0/34
161836.081: [16:18:36] 10 seconds input rate  :130331 bits/sec, 24 packets/sec
161836.081: [16:18:36] 10 seconds output rate :64054 bits/sec, 54 packets/sec
161836.081: [16:18:36]Rxload               : 0%
161836.082: [16:18:36]InOctets             : 551005212730
161836.082: [16:18:36]InPkts               : 997330575 (Unicast: 100%, Multicast: 0%, Broadcast: 0%)
161836.082: [16:18:36]InUcastPkts          : 996018702
161836.136: [16:18:36]InMulticastPkts      : 1311873
161836.149: [16:18:36]InBroadcastPkts      : 0
161836.149: [16:18:36]Txload               : 0%
161836.149: [16:18:36]OutOctets            : 266485123455
161836.149: [16:18:36]OutPkts              : 1333197419 (Unicast: 98%, Multicast: 0%, Broadcast: 2%)
161836.149: [16:18:36]OutUcastPkts         : 1305553345
161836.149: [16:18:36]OutMulticastPkts     : 2849678
161836.149: [16:18:36]OutBroadcastPkts     : 24794396
161836.149: [16:18:36]Undersize packets    : 0
161836.149: [16:18:36]Oversize packets     : 0
161836.149: [16:18:36]collisions           : 0
161836.149: [16:18:36]Fragments            : 0
161836.150: [16:18:36]Jabbers              : 0
161836.150: [16:18:36]CRC alignment errors : 0
161836.150: [16:18:36]AlignmentErrors      : 0
161836.150: [16:18:36]FCSErrors            : 0
161836.150: [16:18:36]dropped packet events (due to lack of resources): 0
161836.150: [16:18:36]packets received of length (in octets):
161836.150: [16:18:36]  64 : 5532303
161836.150: [16:18:36]  65-127 : 609536531
161836.150: [16:18:36]  128-255 : 14496646
161836.150: [16:18:36]  256-511 : 22286726
161836.150: [16:18:36]  512-1023 : 11305474
161836.150: [16:18:36]  1024-1518 : 334172895
161836.219: [16:18:36]Interface : GigabitEthernet 1/0/34
161836.229: [16:18:36]Packet increment in last sampling interval(3190 milliseconds):
161836.229: [16:18:36]InOctets             : 51354
161836.230: [16:18:36]InPkts               : 72 (Unicast: 100%, Multicast: 0%, Broadcast: 0%)
161836.230: [16:18:36]InUcastPkts          : 72
161836.230: [16:18:36]InMulticastPkts      : 0
161836.230: [16:18:36]InBroadcastPkts      : 0
161836.230: [16:18:36]OutOctets            : 23040
161836.230: [16:18:36]OutPkts              : 173 (Unicast: 99%, Multicast: 1%, Broadcast: 0%)
161836.230: [16:18:36]OutUcastPkts         : 172
161836.230: [16:18:36]OutMulticastPkts     : 1
161836.230: [16:18:36]OutBroadcastPkts     : 0
161836.230: [16:18:36]
161836.230: [16:18:36]Interface : GigabitEthernet 1/0/45
161836.230: [16:18:36] 10 seconds input rate  :557 bits/sec, 0 packets/sec
161836.231: [16:18:36] 10 seconds output rate :842 bits/sec, 0 packets/sec
161836.231: [16:18:36]Rxload               : 0%
161836.231: [16:18:36]InOctets             : 14625720566
161836.231: [16:18:36]InPkts               : 41274768 (Unicast: 53%, Multicast: 38%, Broadcast: 9%)
161836.231: [16:18:36]InUcastPkts          : 21784881
161836.231: [16:18:36]InMulticastPkts      : 15751248
161836.231: [16:18:36]InBroadcastPkts      : 3738639
161836.231: [16:18:36]Txload               : 0%
161836.231: [16:18:36]OutOctets            : 43803752717
161836.292: [16:18:36]OutPkts              : 68939966 (Unicast: 54%, Multicast: 45%, Broadcast: 1%)
161836.303: [16:18:36]OutUcastPkts         : 37222858
161836.303: [16:18:36]OutMulticastPkts     : 30729783
161836.303: [16:18:36]OutBroadcastPkts     : 987325
161836.303: [16:18:36]Undersize packets    : 0
161836.303: [16:18:36]Oversize packets     : 0
161836.303: [16:18:36]collisions           : 0
161836.303: [16:18:36]Fragments            : 0
161836.303: [16:18:36]Jabbers              : 0
161836.303: [16:18:36]CRC alignment errors : 0
161836.303: [16:18:36]AlignmentErrors      : 0
161836.303: [16:18:36]FCSErrors            : 0
161836.303: [16:18:36]dropped packet events (due to lack of resources): 0
161836.303: [16:18:36]packets received of length (in octets):
161836.303: [16:18:36]  64 : 10386450
161836.303: [16:18:36]  65-127 : 7722529
161836.304: [16:18:36]  128-255 : 15745756
161836.304: [16:18:36]  256-511 : 482105
161836.304: [16:18:36]  512-1023 : 193571
161836.304: [16:18:36]  1024-1518 : 6744357
161836.304: [16:18:36]Interface : GigabitEthernet 1/0/45
161836.304: [16:18:36]Packet increment in last sampling interval(3189 milliseconds):
161836.304: [16:18:36]InOctets             : 163
161836.304: [16:18:36]InPkts               : 1 (Unicast: 0%, Multicast: 100%, Broadcast: 0%)
161836.383: [16:18:36]InUcastPkts          : 0
161836.401: [16:18:36]InMulticastPkts      : 1
161836.401: [16:18:36]InBroadcastPkts      : 0
161836.401: [16:18:36]OutOctets            : 540
161836.401: [16:18:36]OutPkts              : 3 (Unicast: 0%, Multicast: 100%, Broadcast: 0%)
161836.401: [16:18:36]OutUcastPkts         : 0
161836.401: [16:18:36]OutMulticastPkts     : 3
161836.401: [16:18:36]OutBroadcastPkts     : 0
161836.401: [16:18:36]
161836.401: [16:18:36]Interface : GigabitEthernet 1/0/46
161836.401: [16:18:36] 10 seconds input rate  :0 bits/sec, 0 packets/sec
161836.401: [16:18:36] 10 seconds output rate :541 bits/sec, 0 packets/sec
161836.401: [16:18:36]Rxload               : 0%
161836.402: [16:18:36]InOctets             : 6885055
161836.402: [16:18:36]InPkts               : 89459 (Unicast: 100%, Multicast: 0%, Broadcast: 0%)
161836.402: [16:18:36]InUcastPkts          : 89452
161836.402: [16:18:36]InMulticastPkts      : 7
161836.402: [16:18:36]InBroadcastPkts      : 0
161836.402: [16:18:36]Txload               : 0%
161836.402: [16:18:36]OutOctets            : 2945691718
161836.402: [16:18:36]OutPkts              : 22053740 (Unicast: 0%, Multicast: 99%, Broadcast: 1%)
161836.402: [16:18:36]OutUcastPkts         : 10977
161836.402: [16:18:36]OutMulticastPkts     : 21847506
161836.402: [16:18:36]OutBroadcastPkts     : 195257
161836.464: [16:18:36]Undersize packets    : 0
161836.475: [16:18:36]Oversize packets     : 0
161836.475: [16:18:36]collisions           : 0
161836.475: [16:18:36]Fragments            : 0
161836.475: [16:18:36]Jabbers              : 0
161836.475: [16:18:36]CRC alignment errors : 0
161836.475: [16:18:36]AlignmentErrors      : 0
161836.475: [16:18:36]FCSErrors            : 0
161836.475: [16:18:36]dropped packet events (due to lack of resources): 0
161836.475: [16:18:36]packets received of length (in octets):
161836.475: [16:18:36]  64 : 78611
161836.475: [16:18:36]  65-127 : 74
161836.476: [16:18:36]  128-255 : 10724
161836.476: [16:18:36]  256-511 : 38
161836.476: [16:18:36]  512-1023 : 8
161836.476: [16:18:36]  1024-1518 : 4
161836.476: [16:18:36]Interface : GigabitEthernet 1/0/46
161836.476: [16:18:36]Packet increment in last sampling interval(3192 milliseconds):
161836.476: [16:18:36]InOctets             : 0
161836.476: [16:18:36]InPkts               : 0 (Unicast: 0%, Multicast: 0%, Broadcast: 0%)
161836.476: [16:18:36]InUcastPkts          : 0
161836.476: [16:18:36]InMulticastPkts      : 0
161836.476: [16:18:36]InBroadcastPkts      : 0
161836.476: [16:18:36]OutOctets            : 246
161836.561: [16:18:36]OutPkts              : 2 (Unicast: 0%, Multicast: 100%, Broadcast: 0%)
161836.573: [16:18:36]OutUcastPkts         : 0
161836.573: [16:18:36]OutMulticastPkts     : 2
161836.573: [16:18:36]OutBroadcastPkts     : 0
161836.573: [16:18:36]
161836.573: [16:18:36]Interface : GigabitEthernet 1/0/47
161836.574: [16:18:36] 10 seconds input rate  :31 bits/sec, 0 packets/sec
161836.574: [16:18:36] 10 seconds output rate :510 bits/sec, 0 packets/sec
161836.574: [16:18:36]Rxload               : 0%
161836.574: [16:18:36]InOctets             : 5211200
161836.574: [16:18:36]InPkts               : 77918 (Unicast: 86%, Multicast: 14%, Broadcast: 0%)
161836.574: [16:18:36]InUcastPkts          : 66929
161836.574: [16:18:36]InMulticastPkts      : 10989
161836.574: [16:18:36]InBroadcastPkts      : 0
161836.574: [16:18:36]Txload               : 0%
161836.574: [16:18:36]OutOctets            : 2943540378
161836.574: [16:18:36]OutPkts              : 22033536 (Unicast: 0%, Multicast: 99%, Broadcast: 1%)
161836.575: [16:18:36]OutUcastPkts         : 1760
161836.585: [16:18:36]OutMulticastPkts     : 21836519
161836.585: [16:18:36]OutBroadcastPkts     : 195257
161836.585: [16:18:36]Undersize packets    : 0
161836.585: [16:18:36]Oversize packets     : 0
161836.585: [16:18:36]collisions           : 0
161836.585: [16:18:36]Fragments            : 0
161836.627: [16:18:36]Jabbers              : 0
161836.639: [16:18:36]CRC alignment errors : 0
161836.639: [16:18:36]AlignmentErrors      : 0
161836.639: [16:18:36]FCSErrors            : 0
161836.640: [16:18:36]dropped packet events (due to lack of resources): 0
161836.640: [16:18:36]packets received of length (in octets):
161836.640: [16:18:36]  64 : 65073
161836.640: [16:18:36]  65-127 : 11975
161836.640: [16:18:36]  128-255 : 787
161836.640: [16:18:36]  256-511 : 74
161836.640: [16:18:36]  512-1023 : 7
161836.640: [16:18:36]  1024-1518 : 2
161836.640: [16:18:36]Interface : GigabitEthernet 1/0/47
161836.640: [16:18:36]Packet increment in last sampling interval(3194 milliseconds):
161836.640: [16:18:36]InOctets             : 0
161836.640: [16:18:36]InPkts               : 0 (Unicast: 0%, Multicast: 0%, Broadcast: 0%)
161836.640: [16:18:36]InUcastPkts          : 0
161836.640: [16:18:36]InMulticastPkts      : 0
161836.640: [16:18:36]InBroadcastPkts      : 0
161836.640: [16:18:36]OutOctets            : 246
161836.641: [16:18:36]OutPkts              : 2 (Unicast: 0%, Multicast: 100%, Broadcast: 0%)
161836.641: [16:18:36]OutUcastPkts         : 0
161836.641: [16:18:36]OutMulticastPkts     : 2
161836.641: [16:18:36]OutBroadcastPkts     : 0
161836.721: [16:18:36]          
161836.737: [16:18:36]Interface : GigabitEthernet 1/0/48
161836.737: [16:18:36] 10 seconds input rate  :0 bits/sec, 0 packets/sec
161836.737: [16:18:36] 10 seconds output rate :541 bits/sec, 0 packets/sec
161836.737: [16:18:36]Rxload               : 0%
161836.737: [16:18:36]InOctets             : 4355315
161836.737: [16:18:36]InPkts               : 66244 (Unicast: 83%, Multicast: 17%, Broadcast: 0%)
161836.737: [16:18:36]InUcastPkts          : 55265
161836.737: [16:18:36]InMulticastPkts      : 10979
161836.737: [16:18:36]InBroadcastPkts      : 0
161836.737: [16:18:36]Txload               : 0%
161836.737: [16:18:36]OutOctets            : 2943387267
161836.737: [16:18:36]OutPkts              : 22031848 (Unicast: 0%, Multicast: 99%, Broadcast: 1%)
161836.737: [16:18:36]OutUcastPkts         : 63
161836.737: [16:18:36]OutMulticastPkts     : 21836528
161836.737: [16:18:36]OutBroadcastPkts     : 195257
161836.738: [16:18:36]Undersize packets    : 0
161836.738: [16:18:36]Oversize packets     : 0
161836.738: [16:18:36]collisions           : 0
161836.738: [16:18:36]Fragments            : 0
161836.738: [16:18:36]Jabbers              : 0
161836.738: [16:18:36]CRC alignment errors : 0
161836.738: [16:18:36]AlignmentErrors      : 0
161836.738: [16:18:36]FCSErrors            : 0
161836.849: [16:18:36]dropped packet events (due to lack of resources): 0
161836.849: [16:18:36]packets received of length (in octets):
161836.849: [16:18:36]  64 : 55216
161836.849: [16:18:36]  65-127 : 11005
161836.850: [16:18:36]  128-255 : 20
161836.850: [16:18:36]  256-511 : 0
161836.850: [16:18:36]  512-1023 : 1
161836.850: [16:18:36]  1024-1518 : 2
161836.850: [16:18:36]Interface : GigabitEthernet 1/0/48
161836.850: [16:18:36]Packet increment in last sampling interval(3195 milliseconds):
161836.850: [16:18:36]InOctets             : 0
161836.850: [16:18:36]InPkts               : 0 (Unicast: 0%, Multicast: 0%, Broadcast: 0%)
161836.850: [16:18:36]InUcastPkts          : 0
161836.850: [16:18:36]InMulticastPkts      : 0
161836.851: [16:18:36]InBroadcastPkts      : 0
161836.851: [16:18:36]OutOctets            : 246
161836.851: [16:18:36]OutPkts              : 2 (Unicast: 0%, Multicast: 100%, Broadcast: 0%)
161836.851: [16:18:36]OutUcastPkts         : 0
161836.851: [16:18:36]OutMulticastPkts     : 2
161836.851: [16:18:36]OutBroadcastPkts     : 0
161836.851: [16:18:36]
161836.851: [16:18:36]Interface : GigabitEthernet 2/0/1
161836.851: [16:18:36] 10 seconds input rate  :0 bits/sec, 0 packets/sec
161836.851: [16:18:36] 10 seconds output rate :15792 bits/sec, 26 packets/sec
161836.882: [16:18:36]Rxload               : 0%
161836.904: [16:18:36]InOctets             : 11120223
161836.904: [16:18:36]InPkts               : 169545 (Unicast: 100%, Multicast: 0%, Broadcast: 0%)
161836.904: [16:18:36]InUcastPkts          : 169543
161836.904: [16:18:36]InMulticastPkts      : 1
161836.904: [16:18:36]InBroadcastPkts      : 1
161836.904: [16:18:36]Txload               : 0%
161836.904: [16:18:36]OutOctets            : 58394325646
161836.904: [16:18:36]OutPkts              : 795499334 (Unicast: 0%, Multicast: 93%, Broadcast: 7%)
161836.904: [16:18:36]OutUcastPkts         : 81171
161836.904: [16:18:36]OutMulticastPkts     : 742807167
161836.904: [16:18:36]OutBroadcastPkts     : 52610996
161836.904: [16:18:36]Undersize packets    : 0
161836.904: [16:18:36]Oversize packets     : 0
161836.904: [16:18:36]collisions           : 0
161836.904: [16:18:36]Fragments            : 0
161836.905: [16:18:36]Jabbers              : 0
161836.905: [16:18:36]CRC alignment errors : 0
161836.905: [16:18:36]AlignmentErrors      : 0
161836.905: [16:18:36]FCSErrors            : 0
161836.905: [16:18:36]dropped packet events (due to lack of resources): 0
161836.905: [16:18:36]packets received of length (in octets):
161836.905: [16:18:36]  64 : 168000
161836.905: [16:18:36]  65-127 : 632
161836.980: [16:18:36]  128-255 : 569
161836.998: [16:18:36]  256-511 : 177
161836.998: [16:18:36]  512-1023 : 83
161836.998: [16:18:36]  1024-1518 : 84
161836.998: [16:18:36]Interface : GigabitEthernet 2/0/1
161836.998: [16:18:36]Packet increment in last sampling interval(6431 milliseconds):
161836.998: [16:18:36]InOctets             : 0
161836.999: [16:18:36]InPkts               : 0 (Unicast: 0%, Multicast: 0%, Broadcast: 0%)
161836.999: [16:18:36]InUcastPkts          : 0
161836.999: [16:18:36]InMulticastPkts      : 0
161836.999: [16:18:36]InBroadcastPkts      : 0
161836.999: [16:18:36]OutOctets            : 13080
161836.999: [16:18:36]OutPkts              : 171 (Unicast: 0%, Multicast: 100%, Broadcast: 0%)
161836.999: [16:18:36]OutUcastPkts         : 0
161836.999: [16:18:36]OutMulticastPkts     : 171
161836.999: [16:18:36]OutBroadcastPkts     : 0
161836.999: [16:18:36]
161836.999: [16:18:36]Interface : GigabitEthernet 2/0/2
161836.999: [16:18:36] 10 seconds input rate  :160 bits/sec, 0 packets/sec
161836.999: [16:18:36] 10 seconds output rate :15630 bits/sec, 26 packets/sec
161836.999: [16:18:36]Rxload               : 0%
161837.000: [16:18:37]InOctets             : 5579464264
161837.000: [16:18:37]InPkts               : 21133638 (Unicast: 23%, Multicast: 0%, Broadcast: 77%)
161837.000: [16:18:37]InUcastPkts          : 4847986
161837.060: [16:18:37]InMulticastPkts      : 1
161837.077: [16:18:37]InBroadcastPkts      : 16285651
161837.077: [16:18:37]Txload               : 0%
161837.077: [16:18:37]OutOctets            : 58174610032
161837.077: [16:18:37]OutPkts              : 782200043 (Unicast: 0%, Multicast: 95%, Broadcast: 5%)
161837.077: [16:18:37]OutUcastPkts         : 3067535
161837.077: [16:18:37]OutMulticastPkts     : 742807167
161837.077: [16:18:37]OutBroadcastPkts     : 36325341
161837.077: [16:18:37]Undersize packets    : 0
161837.077: [16:18:37]Oversize packets     : 0
161837.077: [16:18:37]collisions           : 0
161837.077: [16:18:37]Fragments            : 0
161837.077: [16:18:37]Jabbers              : 0
161837.077: [16:18:37]CRC alignment errors : 0
161837.077: [16:18:37]AlignmentErrors      : 0
161837.077: [16:18:37]FCSErrors            : 0
161837.077: [16:18:37]dropped packet events (due to lack of resources): 0
161837.077: [16:18:37]packets received of length (in octets):
161837.077: [16:18:37]  64 : 16992210
161837.077: [16:18:37]  65-127 : 515436
161837.077: [16:18:37]  128-255 : 441657
161837.077: [16:18:37]  256-511 : 239331
161837.077: [16:18:37]  512-1023 : 156877
161837.077: [16:18:37]  1024-1518 : 2788127
161837.150: [16:18:37]Interface : GigabitEthernet 2/0/2
161837.159: [16:18:37]Packet increment in last sampling interval(6431 milliseconds):
161837.168: [16:18:37]InOctets             : 0
161837.168: [16:18:37]InPkts               : 0 (Unicast: 0%, Multicast: 0%, Broadcast: 0%)
161837.168: [16:18:37]InUcastPkts          : 0
161837.168: [16:18:37]InMulticastPkts      : 0
161837.168: [16:18:37]InBroadcastPkts      : 0
161837.168: [16:18:37]OutOctets            : 13080
161837.168: [16:18:37]OutPkts              : 171 (Unicast: 0%, Multicast: 100%, Broadcast: 0%)
161837.168: [16:18:37]OutUcastPkts         : 0
161837.168: [16:18:37]OutMulticastPkts     : 171
161837.168: [16:18:37]OutBroadcastPkts     : 0
161837.168: [16:18:37]
161837.168: [16:18:37]Interface : GigabitEthernet 2/0/3
161837.169: [16:18:37] 10 seconds input rate  :0 bits/sec, 0 packets/sec
161837.169: [16:18:37] 10 seconds output rate :15788 bits/sec, 26 packets/sec
161837.169: [16:18:37]Rxload               : 0%
161837.169: [16:18:37]InOctets             : 10926063
161837.169: [16:18:37]InPkts               : 168709 (Unicast: 100%, Multicast: 0%, Broadcast: 0%)
161837.169: [16:18:37]InUcastPkts          : 168707
161837.169: [16:18:37]InMulticastPkts      : 1
161837.169: [16:18:37]InBroadcastPkts      : 1
161837.169: [16:18:37]Txload               : 0%
161837.169: [16:18:37]OutOctets            : 58394232252
161837.218: [16:18:37]OutPkts              : 795498491 (Unicast: 0%, Multicast: 93%, Broadcast: 7%)
161837.232: [16:18:37]OutUcastPkts         : 80328
161837.247: [16:18:37]OutMulticastPkts     : 742807167
161837.247: [16:18:37]OutBroadcastPkts     : 52610996
161837.247: [16:18:37]Undersize packets    : 0
161837.247: [16:18:37]Oversize packets     : 0
161837.247: [16:18:37]collisions           : 0
161837.247: [16:18:37]Fragments            : 0
161837.247: [16:18:37]Jabbers              : 0
161837.247: [16:18:37]CRC alignment errors : 0
161837.247: [16:18:37]AlignmentErrors      : 0
161837.247: [16:18:37]FCSErrors            : 0
161837.247: [16:18:37]dropped packet events (due to lack of resources): 0
161837.247: [16:18:37]packets received of length (in octets):
161837.247: [16:18:37]  64 : 167955
161837.247: [16:18:37]  65-127 : 394
161837.247: [16:18:37]  128-255 : 193
161837.247: [16:18:37]  256-511 : 59
161837.247: [16:18:37]  512-1023 : 52
161837.247: [16:18:37]  1024-1518 : 56
161837.247: [16:18:37]Interface : GigabitEthernet 2/0/3
161837.247: [16:18:37]Packet increment in last sampling interval(6432 milliseconds):
161837.247: [16:18:37]InOctets             : 0
161837.247: [16:18:37]InPkts               : 0 (Unicast: 0%, Multicast: 0%, Broadcast: 0%)
161837.297: [16:18:37]InUcastPkts          : 0
161837.306: [16:18:37]InMulticastPkts      : 0
161837.307: [16:18:37]InBroadcastPkts      : 0
161837.318: [16:18:37]OutOctets            : 13080
161837.318: [16:18:37]OutPkts              : 171 (Unicast: 0%, Multicast: 100%, Broadcast: 0%)
161837.318: [16:18:37]OutUcastPkts         : 0
161837.318: [16:18:37]OutMulticastPkts     : 171
161837.318: [16:18:37]OutBroadcastPkts     : 0
161837.318: [16:18:37]
161837.318: [16:18:37]Interface : GigabitEthernet 2/0/4
161837.318: [16:18:37] 10 seconds input rate  :0 bits/sec, 0 packets/sec
161837.318: [16:18:37] 10 seconds output rate :15789 bits/sec, 26 packets/sec
161837.318: [16:18:37]Rxload               : 0%
161837.318: [16:18:37]InOctets             : 10917984
161837.319: [16:18:37]InPkts               : 168663 (Unicast: 100%, Multicast: 0%, Broadcast: 0%)
161837.319: [16:18:37]InUcastPkts          : 168661
161837.319: [16:18:37]InMulticastPkts      : 1
161837.319: [16:18:37]InBroadcastPkts      : 1
161837.319: [16:18:37]Txload               : 0%
161837.319: [16:18:37]OutOctets            : 58394227317
161837.319: [16:18:37]OutPkts              : 795498444 (Unicast: 0%, Multicast: 93%, Broadcast: 7%)
161837.319: [16:18:37]OutUcastPkts         : 80287
161837.319: [16:18:37]OutMulticastPkts     : 742807166
161837.319: [16:18:37]OutBroadcastPkts     : 52610991
161837.391: [16:18:37]Undersize packets    : 0
161837.404: [16:18:37]Oversize packets     : 0
161837.404: [16:18:37]collisions           : 0
161837.404: [16:18:37]Fragments            : 0
161837.404: [16:18:37]Jabbers              : 0
161837.404: [16:18:37]CRC alignment errors : 0
161837.404: [16:18:37]AlignmentErrors      : 0
161837.404: [16:18:37]FCSErrors            : 0
161837.404: [16:18:37]dropped packet events (due to lack of resources): 0
161837.404: [16:18:37]packets received of length (in octets):
161837.404: [16:18:37]  64 : 167953
161837.404: [16:18:37]  65-127 : 427
161837.405: [16:18:37]  128-255 : 111
161837.405: [16:18:37]  256-511 : 61
161837.405: [16:18:37]  512-1023 : 56
161837.405: [16:18:37]  1024-1518 : 55
161837.405: [16:18:37]Interface : GigabitEthernet 2/0/4
161837.405: [16:18:37]Packet increment in last sampling interval(6432 milliseconds):
161837.405: [16:18:37]InOctets             : 0
161837.405: [16:18:37]InPkts               : 0 (Unicast: 0%, Multicast: 0%, Broadcast: 0%)
161837.405: [16:18:37]InUcastPkts          : 0
161837.405: [16:18:37]InMulticastPkts      : 0
161837.405: [16:18:37]InBroadcastPkts      : 0
161837.405: [16:18:37]OutOctets            : 13080
161837.482: [16:18:37]OutPkts              : 171 (Unicast: 0%, Multicast: 100%, Broadcast: 0%)
161837.502: [16:18:37]OutUcastPkts         : 0
161837.502: [16:18:37]OutMulticastPkts     : 171
161837.502: [16:18:37]OutBroadcastPkts     : 0
161837.502: [16:18:37]
161837.502: [16:18:37]Interface : GigabitEthernet 2/0/5
161837.502: [16:18:37] 10 seconds input rate  :0 bits/sec, 0 packets/sec
161837.502: [16:18:37] 10 seconds output rate :15790 bits/sec, 26 packets/sec
161837.502: [16:18:37]Rxload               : 0%
161837.502: [16:18:37]InOctets             : 10750812
161837.502: [16:18:37]InPkts               : 164604 (Unicast: 100%, Multicast: 0%, Broadcast: 0%)
161837.503: [16:18:37]InUcastPkts          : 164554
161837.503: [16:18:37]InMulticastPkts      : 25
161837.503: [16:18:37]InBroadcastPkts      : 25
161837.503: [16:18:37]Txload               : 0%
161837.503: [16:18:37]OutOctets            : 58394048500
161837.503: [16:18:37]OutPkts              : 795495431 (Unicast: 0%, Multicast: 93%, Broadcast: 7%)
161837.503: [16:18:37]OutUcastPkts         : 80927
161837.503: [16:18:37]OutMulticastPkts     : 742804784
161837.503: [16:18:37]OutBroadcastPkts     : 52609720
161837.503: [16:18:37]Undersize packets    : 0
161837.503: [16:18:37]Oversize packets     : 0
161837.503: [16:18:37]collisions           : 0
161837.503: [16:18:37]Fragments            : 0
161837.554: [16:18:37]Jabbers              : 0
161837.563: [16:18:37]CRC alignment errors : 0
161837.563: [16:18:37]AlignmentErrors      : 0
161837.563: [16:18:37]FCSErrors            : 0
161837.563: [16:18:37]dropped packet events (due to lack of resources): 0
161837.563: [16:18:37]packets received of length (in octets):
161837.564: [16:18:37]  64 : 162501
161837.564: [16:18:37]  65-127 : 1405
161837.564: [16:18:37]  128-255 : 466
161837.564: [16:18:37]  256-511 : 91
161837.564: [16:18:37]  512-1023 : 73
161837.564: [16:18:37]  1024-1518 : 68
161837.564: [16:18:37]Interface : GigabitEthernet 2/0/5
161837.564: [16:18:37]Packet increment in last sampling interval(6434 milliseconds):
161837.564: [16:18:37]InOctets             : 0
161837.564: [16:18:37]InPkts               : 0 (Unicast: 0%, Multicast: 0%, Broadcast: 0%)
161837.564: [16:18:37]InUcastPkts          : 0
161837.564: [16:18:37]InMulticastPkts      : 0
161837.564: [16:18:37]InBroadcastPkts      : 0
161837.564: [16:18:37]OutOctets            : 13080
161837.564: [16:18:37]OutPkts              : 171 (Unicast: 0%, Multicast: 100%, Broadcast: 0%)
161837.564: [16:18:37]OutUcastPkts         : 0
161837.564: [16:18:37]OutMulticastPkts     : 171
161837.565: [16:18:37]OutBroadcastPkts     : 0
161837.635: [16:18:37]          
161837.645: [16:18:37]Interface : GigabitEthernet 2/0/6
161837.645: [16:18:37] 10 seconds input rate  :0 bits/sec, 0 packets/sec
161837.645: [16:18:37] 10 seconds output rate :15794 bits/sec, 26 packets/sec
161837.645: [16:18:37]Rxload               : 0%
161837.645: [16:18:37]InOctets             : 10918106
161837.645: [16:18:37]InPkts               : 168729 (Unicast: 100%, Multicast: 0%, Broadcast: 0%)
161837.645: [16:18:37]InUcastPkts          : 168727
161837.645: [16:18:37]InMulticastPkts      : 1
161837.645: [16:18:37]InBroadcastPkts      : 1
161837.646: [16:18:37]Txload               : 0%
161837.646: [16:18:37]OutOctets            : 58394221474
161837.646: [16:18:37]OutPkts              : 795498484 (Unicast: 0%, Multicast: 93%, Broadcast: 7%)
161837.646: [16:18:37]OutUcastPkts         : 80321
161837.646: [16:18:37]OutMulticastPkts     : 742807167
161837.646: [16:18:37]OutBroadcastPkts     : 52610996
161837.646: [16:18:37]Undersize packets    : 0
161837.646: [16:18:37]Oversize packets     : 0
161837.646: [16:18:37]collisions           : 0
161837.646: [16:18:37]Fragments            : 0
161837.646: [16:18:37]Jabbers              : 0
161837.646: [16:18:37]CRC alignment errors : 0
161837.646: [16:18:37]AlignmentErrors      : 0
161837.646: [16:18:37]FCSErrors            : 0
161837.718: [16:18:37]dropped packet events (due to lack of resources): 0
161837.733: [16:18:37]packets received of length (in octets):
161837.733: [16:18:37]  64 : 168059
161837.733: [16:18:37]  65-127 : 397
161837.733: [16:18:37]  128-255 : 105
161837.733: [16:18:37]  256-511 : 60
161837.733: [16:18:37]  512-1023 : 55
161837.733: [16:18:37]  1024-1518 : 53
161837.733: [16:18:37]Interface : GigabitEthernet 2/0/6
161837.733: [16:18:37]Packet increment in last sampling interval(6434 milliseconds):
161837.733: [16:18:37]InOctets             : 0
161837.733: [16:18:37]InPkts               : 0 (Unicast: 0%, Multicast: 0%, Broadcast: 0%)
161837.733: [16:18:37]InUcastPkts          : 0
161837.733: [16:18:37]InMulticastPkts      : 0
161837.733: [16:18:37]InBroadcastPkts      : 0
161837.734: [16:18:37]OutOctets            : 13080
161837.734: [16:18:37]OutPkts              : 171 (Unicast: 0%, Multicast: 100%, Broadcast: 0%)
161837.734: [16:18:37]OutUcastPkts         : 0
161837.734: [16:18:37]OutMulticastPkts     : 171
161837.734: [16:18:37]OutBroadcastPkts     : 0
161837.734: [16:18:37]
161837.734: [16:18:37]Interface : GigabitEthernet 2/0/7
161837.734: [16:18:37] 10 seconds input rate  :129335 bits/sec, 61 packets/sec
161837.734: [16:18:37] 10 seconds output rate :177422 bits/sec, 102 packets/sec
161837.811: [16:18:37]Rxload               : 0%
161837.821: [16:18:37]InOctets             : 3924874497491
161837.821: [16:18:37]InPkts               : 8092904373 (Unicast: 100%, Multicast: 0%, Broadcast: 0%)
161837.821: [16:18:37]InUcastPkts          : 8076187085
161837.821: [16:18:37]InMulticastPkts      : 14813805
161837.821: [16:18:37]InBroadcastPkts      : 1903483
161837.821: [16:18:37]Txload               : 0%
161837.821: [16:18:37]OutOctets            : 4574766284624
161837.821: [16:18:37]OutPkts              : 10868304873 (Unicast: 91%, Multicast: 8%, Broadcast: 1%)
161837.821: [16:18:37]OutUcastPkts         : 9887303759
161837.821: [16:18:37]OutMulticastPkts     : 854554907
161837.821: [16:18:37]OutBroadcastPkts     : 126446207
161837.821: [16:18:37]Undersize packets    : 0
161837.821: [16:18:37]Oversize packets     : 0
161837.822: [16:18:37]collisions           : 0
161837.822: [16:18:37]Fragments            : 0
161837.822: [16:18:37]Jabbers              : 0
161837.822: [16:18:37]CRC alignment errors : 0
161837.822: [16:18:37]AlignmentErrors      : 0
161837.822: [16:18:37]FCSErrors            : 0
161837.822: [16:18:37]dropped packet events (due to lack of resources): 0
161837.822: [16:18:37]packets received of length (in octets):
161837.822: [16:18:37]  64 : 248927370
161837.822: [16:18:37]  65-127 : 4198346500
161837.898: [16:18:37]  128-255 : 979862967
161837.898: [16:18:37]  256-511 : 246016416
161837.898: [16:18:37]  512-1023 : 422158679
161837.898: [16:18:37]  1024-1518 : 437523368
161837.898: [16:18:37]Interface : GigabitEthernet 2/0/7
161837.898: [16:18:37]Packet increment in last sampling interval(6435 milliseconds):
161837.898: [16:18:37]InOctets             : 101406
161837.899: [16:18:37]InPkts               : 402 (Unicast: 98%, Multicast: 2%, Broadcast: 0%)
161837.899: [16:18:37]InUcastPkts          : 395
161837.899: [16:18:37]InMulticastPkts      : 7
161837.899: [16:18:37]InBroadcastPkts      : 0
161837.899: [16:18:37]OutOctets            : 171798
161837.899: [16:18:37]OutPkts              : 671 (Unicast: 72%, Multicast: 26%, Broadcast: 2%)
161837.899: [16:18:37]OutUcastPkts         : 484
161837.899: [16:18:37]OutMulticastPkts     : 177
161837.899: [16:18:37]OutBroadcastPkts     : 10
161837.899: [16:18:37]
161837.899: [16:18:37]Interface : GigabitEthernet 2/0/8
161837.899: [16:18:37] 10 seconds input rate  :125905 bits/sec, 32 packets/sec
161837.899: [16:18:37] 10 seconds output rate :90300 bits/sec, 64 packets/sec
161837.899: [16:18:37]Rxload               : 0%
161837.899: [16:18:37]InOctets             : 13786200418580
161837.899: [16:18:37]InPkts               : 17732400722 (Unicast: 99%, Multicast: 1%, Broadcast: 0%)
161837.899: [16:18:37]InUcastPkts          : 17622429400
161837.975: [16:18:37]InMulticastPkts      : 97656765
161837.995: [16:18:37]InBroadcastPkts      : 12314557
161837.995: [16:18:37]Txload               : 0%
161837.995: [16:18:37]OutOctets            : 32347488516776
161837.995: [16:18:37]OutPkts              : 36146512483 (Unicast: 97%, Multicast: 3%, Broadcast: 0%)
161837.995: [16:18:37]OutUcastPkts         : 35182531659
161837.995: [16:18:37]OutMulticastPkts     : 845243434
161837.995: [16:18:37]OutBroadcastPkts     : 118737390
161837.995: [16:18:37]Undersize packets    : 0
161837.995: [16:18:37]Oversize packets     : 0
161837.995: [16:18:37]collisions           : 0
161837.995: [16:18:37]Fragments            : 0
161837.995: [16:18:37]Jabbers              : 0
161837.995: [16:18:37]CRC alignment errors : 0
161837.995: [16:18:37]AlignmentErrors      : 0
161837.995: [16:18:37]FCSErrors            : 0
161837.996: [16:18:37]dropped packet events (due to lack of resources): 0
161837.996: [16:18:37]packets received of length (in octets):
161837.996: [16:18:37]  64 : 538551654
161837.996: [16:18:37]  65-127 : 2468887834
161837.996: [16:18:37]  128-255 : 3769922218
161837.996: [16:18:37]  256-511 : 398805420
161837.996: [16:18:37]  512-1023 : 3558955781
161837.996: [16:18:37]  1024-1518 : 4491025005
161838.054: [16:18:38]Interface : GigabitEthernet 2/0/8
161838.073: [16:18:38]Packet increment in last sampling interval(6436 milliseconds):
161838.073: [16:18:38]InOctets             : 51371
161838.073: [16:18:38]InPkts               : 151 (Unicast: 100%, Multicast: 0%, Broadcast: 0%)
161838.073: [16:18:38]InUcastPkts          : 151
161838.073: [16:18:38]InMulticastPkts      : 0
161838.073: [16:18:38]InBroadcastPkts      : 0
161838.073: [16:18:38]OutOctets            : 60762
161838.073: [16:18:38]OutPkts              : 375 (Unicast: 50%, Multicast: 47%, Broadcast: 3%)
161838.073: [16:18:38]OutUcastPkts         : 188
161838.073: [16:18:38]OutMulticastPkts     : 177
161838.073: [16:18:38]OutBroadcastPkts     : 10
161838.073: [16:18:38]
161838.073: [16:18:38]Interface : GigabitEthernet 2/0/9
161838.073: [16:18:38] 10 seconds input rate  :5277731 bits/sec, 537 packets/sec
161838.073: [16:18:38] 10 seconds output rate :265886 bits/sec, 183 packets/sec
161838.073: [16:18:38]Rxload               : 0%
161838.073: [16:18:38]InOctets             : 11381841247671
161838.073: [16:18:38]InPkts               : 13010426818 (Unicast: 100%, Multicast: 0%, Broadcast: 0%)
161838.074: [16:18:38]InUcastPkts          : 13007084296
161838.074: [16:18:38]InMulticastPkts      : 3324444
161838.074: [16:18:38]InBroadcastPkts      : 18078
161838.074: [16:18:38]Txload               : 0%
161838.074: [16:18:38]OutOctets            : 58002280104929
161838.143: [16:18:38]OutPkts              : 42000466227 (Unicast: 98%, Multicast: 2%, Broadcast: 0%)
161838.155: [16:18:38]OutUcastPkts         : 41018225847
161838.155: [16:18:38]OutMulticastPkts     : 816378722
161838.155: [16:18:38]OutBroadcastPkts     : 165861658
161838.155: [16:18:38]Undersize packets    : 0
161838.155: [16:18:38]Oversize packets     : 0
161838.155: [16:18:38]collisions           : 0
161838.155: [16:18:38]Fragments            : 0
161838.155: [16:18:38]Jabbers              : 0
161838.155: [16:18:38]CRC alignment errors : 0
161838.156: [16:18:38]AlignmentErrors      : 0
161838.156: [16:18:38]FCSErrors            : 0
161838.156: [16:18:38]dropped packet events (due to lack of resources): 0
161838.156: [16:18:38]packets received of length (in octets):
161838.156: [16:18:38]  64 : 247222064
161838.156: [16:18:38]  65-127 : 5053863871
161838.156: [16:18:38]  128-255 : 381689352
161838.156: [16:18:38]  256-511 : 239112821
161838.156: [16:18:38]  512-1023 : 65430805
161838.156: [16:18:38]  1024-1518 : 765998809
161838.156: [16:18:38]Interface : GigabitEthernet 2/0/9
161838.156: [16:18:38]Packet increment in last sampling interval(6437 milliseconds):
161838.156: [16:18:38]InOctets             : 1954744
161838.156: [16:18:38]InPkts               : 2399 (Unicast: 100%, Multicast: 0%, Broadcast: 0%)
161838.224: [16:18:38]InUcastPkts          : 2399
161838.238: [16:18:38]InMulticastPkts      : 0
161838.238: [16:18:38]InBroadcastPkts      : 0
161838.238: [16:18:38]OutOctets            : 310587
161838.238: [16:18:38]OutPkts              : 1420 (Unicast: 87%, Multicast: 12%, Broadcast: 1%)
161838.238: [16:18:38]OutUcastPkts         : 1230
161838.238: [16:18:38]OutMulticastPkts     : 179
161838.238: [16:18:38]OutBroadcastPkts     : 11
161838.238: [16:18:38]
161838.238: [16:18:38]Interface : GigabitEthernet 2/0/10
161838.238: [16:18:38] 10 seconds input rate  :63 bits/sec, 0 packets/sec
161838.239: [16:18:38] 10 seconds output rate :16668 bits/sec, 27 packets/sec
161838.239: [16:18:38]Rxload               : 0%
161838.239: [16:18:38]InOctets             : 70766280180
161838.239: [16:18:38]InPkts               : 93864923 (Unicast: 96%, Multicast: 4%, Broadcast: 0%)
161838.239: [16:18:38]InUcastPkts          : 90481731
161838.239: [16:18:38]InMulticastPkts      : 3382885
161838.239: [16:18:38]InBroadcastPkts      : 307
161838.239: [16:18:38]Txload               : 0%
161838.239: [16:18:38]OutOctets            : 108572779188
161838.239: [16:18:38]OutPkts              : 981268417 (Unicast: 9%, Multicast: 78%, Broadcast: 13%)
161838.239: [16:18:38]OutUcastPkts         : 84208069
161838.239: [16:18:38]OutMulticastPkts     : 769741924
161838.239: [16:18:38]OutBroadcastPkts     : 127318424
161838.304: [16:18:38]Undersize packets    : 0
161838.323: [16:18:38]Oversize packets     : 0
161838.323: [16:18:38]collisions           : 0
161838.323: [16:18:38]Fragments            : 0
161838.323: [16:18:38]Jabbers              : 0
161838.323: [16:18:38]CRC alignment errors : 0
161838.323: [16:18:38]AlignmentErrors      : 0
161838.324: [16:18:38]FCSErrors            : 0
161838.324: [16:18:38]dropped packet events (due to lack of resources): 0
161838.324: [16:18:38]packets received of length (in octets):
161838.324: [16:18:38]  64 : 4620431
161838.324: [16:18:38]  65-127 : 35944903
161838.324: [16:18:38]  128-255 : 5247549
161838.324: [16:18:38]  256-511 : 1647543
161838.324: [16:18:38]  512-1023 : 2365884
161838.324: [16:18:38]  1024-1518 : 10207896
161838.324: [16:18:38]Interface : GigabitEthernet 2/0/10
161838.324: [16:18:38]Packet increment in last sampling interval(6436 milliseconds):
161838.324: [16:18:38]InOctets             : 128
161838.324: [16:18:38]InPkts               : 1 (Unicast: 0%, Multicast: 100%, Broadcast: 0%)
161838.324: [16:18:38]InUcastPkts          : 0
161838.324: [16:18:38]InMulticastPkts      : 1
161838.324: [16:18:38]InBroadcastPkts      : 0
161838.324: [16:18:38]OutOctets            : 14159
161838.395: [16:18:38]OutPkts              : 180 (Unicast: 0%, Multicast: 94%, Broadcast: 6%)
161838.415: [16:18:38]OutUcastPkts         : 0
161838.415: [16:18:38]OutMulticastPkts     : 170
161838.415: [16:18:38]OutBroadcastPkts     : 10
161838.415: [16:18:38]
161838.415: [16:18:38]Interface : GigabitEthernet 2/0/11
161838.415: [16:18:38] 10 seconds input rate  :27295 bits/sec, 28 packets/sec
161838.415: [16:18:38] 10 seconds output rate :108284 bits/sec, 99 packets/sec
161838.415: [16:18:38]Rxload               : 0%
161838.415: [16:18:38]InOctets             : 1284957150841
161838.415: [16:18:38]InPkts               : 2983004567 (Unicast: 100%, Multicast: 0%, Broadcast: 0%)
161838.415: [16:18:38]InUcastPkts          : 2978768664
161838.415: [16:18:38]InMulticastPkts      : 3906469
161838.415: [16:18:38]InBroadcastPkts      : 329434
161838.415: [16:18:38]Txload               : 0%
161838.415: [16:18:38]OutOctets            : 3793917120975
161838.415: [16:18:38]OutPkts              : 6541157578 (Unicast: 85%, Multicast: 13%, Broadcast: 2%)
161838.415: [16:18:38]OutUcastPkts         : 5559446951
161838.415: [16:18:38]OutMulticastPkts     : 854812944
161838.415: [16:18:38]OutBroadcastPkts     : 126897683
161838.416: [16:18:38]Undersize packets    : 0
161838.416: [16:18:38]Oversize packets     : 0
161838.416: [16:18:38]collisions           : 0
161838.416: [16:18:38]Fragments            : 0
161838.476: [16:18:38]Jabbers              : 0
161838.486: [16:18:38]CRC alignment errors : 0
161838.486: [16:18:38]AlignmentErrors      : 0
161838.486: [16:18:38]FCSErrors            : 0
161838.486: [16:18:38]dropped packet events (due to lack of resources): 0
161838.486: [16:18:38]packets received of length (in octets):
161838.486: [16:18:38]  64 : 328975126
161838.486: [16:18:38]  65-127 : 1432095120
161838.486: [16:18:38]  128-255 : 405115807
161838.486: [16:18:38]  256-511 : 30759291
161838.486: [16:18:38]  512-1023 : 133113435
161838.486: [16:18:38]  1024-1518 : 132991116
161838.486: [16:18:38]Interface : GigabitEthernet 2/0/11
161838.486: [16:18:38]Packet increment in last sampling interval(6435 milliseconds):
161838.486: [16:18:38]InOctets             : 26972
161838.487: [16:18:38]InPkts               : 225 (Unicast: 100%, Multicast: 0%, Broadcast: 0%)
161838.487: [16:18:38]InUcastPkts          : 224
161838.487: [16:18:38]InMulticastPkts      : 1
161838.487: [16:18:38]InBroadcastPkts      : 0
161838.487: [16:18:38]OutOctets            : 97879
161838.487: [16:18:38]OutPkts              : 657 (Unicast: 72%, Multicast: 27%, Broadcast: 1%)
161838.487: [16:18:38]OutUcastPkts         : 471
161838.487: [16:18:38]OutMulticastPkts     : 176
161838.487: [16:18:38]OutBroadcastPkts     : 10
161838.557: [16:18:38]          
161838.574: [16:18:38]Interface : GigabitEthernet 2/0/13
161838.574: [16:18:38] 10 seconds input rate  :378971 bits/sec, 353 packets/sec
161838.575: [16:18:38] 10 seconds output rate :39554143 bits/sec, 3343 packets/sec
161838.575: [16:18:38]Rxload               : 0%
161838.575: [16:18:38]InOctets             : 13272769718020
161838.575: [16:18:38]InPkts               : 27125262421 (Unicast: 99%, Multicast: 0%, Broadcast: 0%)
161838.575: [16:18:38]InUcastPkts          : 27121752843
161838.575: [16:18:38]InMulticastPkts      : 3346283
161838.575: [16:18:38]InBroadcastPkts      : 163293
161838.575: [16:18:38]Txload               : 3%
161838.575: [16:18:38]OutOctets            : 156023446708128
161838.575: [16:18:38]OutPkts              : 107507825408 (Unicast: 99%, Multicast: 0%, Broadcast: 0%)
161838.575: [16:18:38]OutUcastPkts         : 106611205949
161838.575: [16:18:38]OutMulticastPkts     : 769486416
161838.576: [16:18:38]OutBroadcastPkts     : 127133039
161838.576: [16:18:38]Undersize packets    : 0
161838.576: [16:18:38]Oversize packets     : 0
161838.576: [16:18:38]collisions           : 0
161838.576: [16:18:38]Fragments            : 0
161838.586: [16:18:38]Jabbers              : 0
161838.586: [16:18:38]CRC alignment errors : 0
161838.586: [16:18:38]AlignmentErrors      : 0
161838.587: [16:18:38]FCSErrors            : 0
161839.065: [16:18:39]dropped packet events (due to lack of resources): 0
161839.065: [16:18:39]packets received of length (in octets):
161839.065: [16:18:39]  64 : 85678584
161839.065: [16:18:39]  65-127 : 17744052983
161839.065: [16:18:39]  128-255 : 1943183072
161839.065: [16:18:39]  256-511 : 335286049
161839.065: [16:18:39]  512-1023 : 27056742
161839.065: [16:18:39]  1024-1518 : 408762467
161839.066: [16:18:39]Interface : GigabitEthernet 2/0/13
161839.066: [16:18:39]Packet increment in last sampling interval(6435 milliseconds):
161839.066: [16:18:39]InOctets             : 304353
161839.066: [16:18:39]InPkts               : 2291 (Unicast: 99%, Multicast: 0%, Broadcast: 0%)
161839.066: [16:18:39]InUcastPkts          : 2289
161839.066: [16:18:39]InMulticastPkts      : 0
161839.066: [16:18:39]InBroadcastPkts      : 0
161839.066: [16:18:39]OutOctets            : 31458347
161839.066: [16:18:39]OutPkts              : 21235 (Unicast: 99%, Multicast: 0%, Broadcast: 0%)
161839.066: [16:18:39]OutUcastPkts         : 21051
161839.066: [16:18:39]OutMulticastPkts     : 170
161839.066: [16:18:39]OutBroadcastPkts     : 10
161839.066: [16:18:39]
161839.066: [16:18:39]Interface : GigabitEthernet 2/0/14
161839.066: [16:18:39] 10 seconds input rate  :37932353 bits/sec, 3130 packets/sec
161839.066: [16:18:39] 10 seconds output rate :330619 bits/sec, 319 packets/sec
161839.327: [16:18:39]Rxload               : 3%
161839.343: [16:18:39]InOctets             : 99367485849085
161839.343: [16:18:39]InPkts               : 66226845834 (Unicast: 99%, Multicast: 0%, Broadcast: 0%)
161839.343: [16:18:39]InUcastPkts          : 66223223086
161839.343: [16:18:39]InMulticastPkts      : 3314052
161839.343: [16:18:39]InBroadcastPkts      : 308691
161839.343: [16:18:39]Txload               : 0%
161839.343: [16:18:39]OutOctets            : 1144580962608
161839.343: [16:18:39]OutPkts              : 7611668209 (Unicast: 88%, Multicast: 10%, Broadcast: 2%)
161839.343: [16:18:39]OutUcastPkts         : 6714878065
161839.343: [16:18:39]OutMulticastPkts     : 769486746
161839.343: [16:18:39]OutBroadcastPkts     : 127303398
161839.343: [16:18:39]Undersize packets    : 0
161839.343: [16:18:39]Oversize packets     : 0
161839.344: [16:18:39]collisions           : 0
161839.344: [16:18:39]Fragments            : 0
161839.344: [16:18:39]Jabbers              : 0
161839.344: [16:18:39]CRC alignment errors : 0
161839.344: [16:18:39]AlignmentErrors      : 0
161839.344: [16:18:39]FCSErrors            : 0
161839.344: [16:18:39]dropped packet events (due to lack of resources): 0
161839.344: [16:18:39]packets received of length (in octets):
161839.344: [16:18:39]  64 : 91069355
161839.344: [16:18:39]  65-127 : 344082288
161839.602: [16:18:39]  128-255 : 464140006
161839.603: [16:18:39]  256-511 : 68272932
161839.603: [16:18:39]  512-1023 : 33836982
161839.603: [16:18:39]  1024-1518 : 720162378
161839.603: [16:18:39]Interface : GigabitEthernet 2/0/14
161839.603: [16:18:39]Packet increment in last sampling interval(6436 milliseconds):
161839.603: [16:18:39]InOctets             : 30556732
161839.604: [16:18:39]InPkts               : 20169 (Unicast: 99%, Multicast: 0%, Broadcast: 0%)
161839.604: [16:18:39]InUcastPkts          : 20164
161839.604: [16:18:39]InMulticastPkts      : 0
161839.604: [16:18:39]InBroadcastPkts      : 0
161839.604: [16:18:39]OutOctets            : 260033
161839.604: [16:18:39]OutPkts              : 2052 (Unicast: 91%, Multicast: 8%, Broadcast: 1%)
161839.604: [16:18:39]OutUcastPkts         : 1873
161839.605: [16:18:39]OutMulticastPkts     : 169
161839.605: [16:18:39]OutBroadcastPkts     : 10
161839.605: [16:18:39]
161839.605: [16:18:39]Interface : GigabitEthernet 2/0/15
161839.605: [16:18:39] 10 seconds input rate  :181501 bits/sec, 115 packets/sec
161839.605: [16:18:39] 10 seconds output rate :332086 bits/sec, 240 packets/sec
161839.605: [16:18:39]Rxload               : 0%
161839.605: [16:18:39]InOctets             : 3489597737923
161839.605: [16:18:39]InPkts               : 8147566533 (Unicast: 100%, Multicast: 0%, Broadcast: 0%)
161839.605: [16:18:39]InUcastPkts          : 8141056709
162325.849: [16:23:25][202603100-192.168.8.88-负一楼-接入交换机-16:23:25]
162326.241: [16:23:26]
162326.241: [16:23:26]User Access Verification
162326.241: [16:23:26]
162326.270: [16:23:26]Password:
162326.290: [16:23:26]Password:
162326.304: [16:23:26]
162326.342: [16:23:26]Last login: Mar 24 2026 16:45:35 from 192.168.6.173 through telnet.
162332.503: [16:23:32]Ruijie>ping 172.16.101.47 
162332.527: [16:23:32]Sending 5, 100-byte ICMP Echoes to 172.16.101.47, timeout is 2 seconds:
162332.540: [16:23:32]  < press Ctrl+C to break >
162333.057: [16:23:33]!!!!!
162333.088: [16:23:33]Success rate is 100 percent (5/5), round-trip min/avg/max = 1/1/1 ms.
162601.222: [16:26:01]Ruijie>show lldp    
162602.051: [16:26:02]Ruijie>show lldp ?
162602.067: [16:26:02]% Unrecognized command.
162602.083: [16:26:02]
162604.222: [16:26:04]Ruijie>show ne   
162604.987: [16:26:04]Ruijie>show netconf 
162605.158: [16:26:05]Ruijie>show netconf 
163613.018: [16:36:13][202603100-192.168.8.88-负一楼-接入交换机-16:36:13]
163613.510: [16:36:13]
163613.510: [16:36:13]User Access Verification
163613.510: [16:36:13]
163613.544: [16:36:13]Password:
163613.563: [16:36:13]Password:
163613.584: [16:36:13]
163613.616: [16:36:13]Last login: Mar 24 2026 16:56:01 from 192.168.6.173 through telnet.
164405.739: [16:44:05]Ruijie>
164405.902: [16:44:05]Ruijie>
164412.677: [16:44:12]Ruijie>ping 172.16.101.47
164412.704: [16:44:12]Sending 5, 100-byte ICMP Echoes to 172.16.101.47, timeout is 2 seconds:
164412.711: [16:44:12]  < press Ctrl+C to break >
164416.005: [16:44:16].!!!!
164416.023: [16:44:16]Success rate is 80 percent (4/5), round-trip min/avg/max = 1/194/773 ms.
164418.492: [16:44:18]Ruijie>ping 172.16.101.47
164418.511: [16:44:18]Sending 5, 100-byte ICMP Echoes to 172.16.101.47, timeout is 2 seconds:
164418.535: [16:44:18]  < press Ctrl+C to break >
164419.062: [16:44:19]!!!!!
164419.081: [16:44:19]Success rate is 100 percent (5/5), round-trip min/avg/max = 1/1/4 ms.
164422.463: [16:44:22]Ruijie>ping 172.16.101.47
164422.493: [16:44:22]Sending 5, 100-byte ICMP Echoes to 172.16.101.47, timeout is 2 seconds:
164422.501: [16:44:22]  < press Ctrl+C to break >
164423.018: [16:44:23]!!!!!
164423.030: [16:44:23]Success rate is 100 percent (5/5), round-trip min/avg/max = 1/1/2 ms.
164425.403: [16:44:25]Ruijie>ping 172.16.101.47
164425.477: [16:44:25]Sending 5, 100-byte ICMP Echoes to 172.16.101.47, timeout is 2 seconds:
164425.487: [16:44:25]  < press Ctrl+C to break >
164426.004: [16:44:26]!!!!!
164426.015: [16:44:26]Success rate is 100 percent (5/5), round-trip min/avg/max = 1/1/3 ms.
164427.090: [16:44:27]Ruijie>ping 172.16.101.47
164427.114: [16:44:27]Sending 5, 100-byte ICMP Echoes to 172.16.101.47, timeout is 2 seconds:
164427.124: [16:44:27]  < press Ctrl+C to break >
164427.645: [16:44:27]!!!!!
164427.659: [16:44:27]Success rate is 100 percent (5/5), round-trip min/avg/max = 1/1/2 ms.
164429.692: [16:44:29]Ruijie>ping 172.16.101.47
164429.718: [16:44:29]Sending 5, 100-byte ICMP Echoes to 172.16.101.47, timeout is 2 seconds:
164429.730: [16:44:29]  < press Ctrl+C to break >
164430.242: [16:44:30]!!!!!
164430.254: [16:44:30]Success rate is 100 percent (5/5), round-trip min/avg/max = 1/1/1 ms.
164444.312: [16:44:44]Ruijie>ping 172.16.101.47
164444.359: [16:44:44]Sending 5, 100-byte ICMP Echoes to 172.16.101.47, timeout is 2 seconds:
164444.373: [16:44:44]  < press Ctrl+C to break >
164444.898: [16:44:44]!!!!!
164444.909: [16:44:44]Success rate is 100 percent (5/5), round-trip min/avg/max = 1/1/4 ms.
164451.366: [16:44:51]Ruijie>ping 172.16.101.47
164451.394: [16:44:51]Sending 5, 100-byte ICMP Echoes to 172.16.101.47, timeout is 2 seconds:
164451.404: [16:44:51]  < press Ctrl+C to break >
164451.940: [16:44:51]!!!!!
164451.954: [16:44:51]Success rate is 100 percent (5/5), round-trip min/avg/max = 1/1/2 ms.
172415.373: [17:24:15][202603100-192.168.8.88-负一楼-接入交换机-17:24:15]
172415.696: [17:24:15]
172415.696: [17:24:15]User Access Verification
172415.709: [17:24:15]
172415.735: [17:24:15]Password:
172415.736: [17:24:15]Password:
172415.749: [17:24:15]
172415.783: [17:24:15]Last login: Mar 24 2026 17:08:48 from 192.168.6.173 through telnet.
172420.620: [17:24:20]Ruijie>show run
172422.882: [17:24:22]Ruijie>show run=
172425.019: [17:24:25]Ruijie>ena      
172425.424: [17:24:25]Ruijie>enable 
172425.455: [17:24:25]
172429.709: [17:24:29]Password:
172433.014: [17:24:33]Password:
172435.127: [17:24:35]Ruijie#show run
172435.589: [17:24:35]Ruijie#show running-config 
172435.782: [17:24:35]
172435.795: [17:24:35]Building configuration...
172435.931: [17:24:35]Current configuration: 10337 bytes
172435.943: [17:24:35]
172435.956: [17:24:35]version S5300E_RGOS 12.5(4)B0701
172435.968: [17:24:35]!
172435.968: [17:24:35]spanning-tree
172435.968: [17:24:35]!
172435.968: [17:24:35]ip access-list extended 111
172435.968: [17:24:35] 10 permit icmp host 192.168.8.9 host 192.168.8.1 
172435.968: [17:24:35] 20 permit icmp host 192.168.8.1 host 192.168.8.9 
172435.968: [17:24:35] 30 permit ip any any 
172435.968: [17:24:35]!
172435.968: [17:24:35]ip access-list counter 111
172435.968: [17:24:35]!
172435.969: [17:24:35]username admin privilege 15 password 7 $10$18c$37VcH1cWmCNd$
172435.969: [17:24:35]username wyj privilege 15 password 7 $10$2a6$aZKJGN44bajg$
172435.969: [17:24:35]!
172435.969: [17:24:35]no cwmp
172435.969: [17:24:35]!
172435.969: [17:24:35]service dhcp
172435.969: [17:24:35]!
172435.969: [17:24:35]ip dhcp pool ip-vlan-101
172435.969: [17:24:35] lease 0 8 0 
172435.969: [17:24:35] network 172.16.101.0 255.255.255.0 172.16.101.130 172.16.101.149
172435.969: [17:24:35] dns-server 223.5.5.5 
172435.969: [17:24:35] default-router 172.16.101.1 
172435.969: [17:24:35]!
172436.396: [17:24:36]install switch 1 S5300-48GT4XS-E
172436.405: [17:24:36]install switch 2 S5300-48GT4XS-E
172436.405: [17:24:36]install 1/0 S5300-48GT4XS-E
172436.405: [17:24:36]install 2/0 S5300-48GT4XS-E
172436.405: [17:24:36]!
172436.405: [17:24:36]sysmac c470.abfc.a59a
172436.405: [17:24:36]!
172436.406: [17:24:36]enable service web-server http
172436.406: [17:24:36]enable service web-server https
172436.406: [17:24:36]webmaster level 0 username admin password 7 $10$07e$1c6ULhZJlG44$
172436.406: [17:24:36]webmaster level 1 username wyj password 7 $10$273$0B1/uNVwYhpE$
172436.406: [17:24:36]!
172436.406: [17:24:36]nfpp
172436.406: [17:24:36]!
172436.406: [17:24:36]password policy printable-character-check
172436.406: [17:24:36]no password policy min-size
172436.406: [17:24:36]no password policy strong
172436.406: [17:24:36]service password-encryption
172436.406: [17:24:36]!
172436.407: [17:24:36]redundancy
172436.407: [17:24:36]!
172436.407: [17:24:36]no enable service snmp-agent
172436.407: [17:24:36]ip ssh key-exchange dh_group_exchange_sha1 dh_group14_sha1 ecdh_sha2_nistp256 ecdh_sha2_nistp384 ecdh_sha2_nistp521
172436.407: [17:24:36]ip ssh cipher-mode ctr gcm
172436.602: [17:24:36]ip ssh hmac-algorithm sha2-256 sha2-512
172436.611: [17:24:36]!
172436.612: [17:24:36]login privilege log
172436.612: [17:24:36]enable secret 8 $1c$Ldjs8h23u4$,$>d*`r`nnb($8.>#z60<8#:(n~0|<h:p&lp|8,.$ 
172436.612: [17:24:36]enable password 7 $10$1c4$HJXAn0nlJJk0$
172436.612: [17:24:36]enable service ssh-server
172436.612: [17:24:36]enable service telnet-server
172436.612: [17:24:36]!
172436.612: [17:24:36]vlan range 1,100-101,208,300
172436.612: [17:24:36]!
172436.613: [17:24:36]interface GigabitEthernet 1/0/1
172436.613: [17:24:36] switchport access vlan 101
172436.613: [17:24:36]!
172436.613: [17:24:36]interface GigabitEthernet 1/0/2
172436.613: [17:24:36] switchport access vlan 101
172436.613: [17:24:36]!
172436.613: [17:24:36]interface GigabitEthernet 1/0/3
172436.613: [17:24:36] switchport access vlan 101
172436.613: [17:24:36]!
172436.613: [17:24:36]interface GigabitEthernet 1/0/4
172436.613: [17:24:36] switchport access vlan 101
172436.613: [17:24:36]!
172436.613: [17:24:36]interface GigabitEthernet 1/0/5
172436.613: [17:24:36] switchport access vlan 101
172436.793: [17:24:36]!         
172436.808: [17:24:36]interface GigabitEthernet 1/0/6
172436.808: [17:24:36] switchport access vlan 101
172436.808: [17:24:36]!
172436.808: [17:24:36]interface GigabitEthernet 1/0/7
172436.808: [17:24:36] port-group 1 mode active
172436.808: [17:24:36]!
172436.808: [17:24:36]interface GigabitEthernet 1/0/8
172436.808: [17:24:36] port-group 2 mode active
172436.808: [17:24:36]!
172436.808: [17:24:36]interface GigabitEthernet 1/0/9
172436.808: [17:24:36] port-group 3 mode active
172436.808: [17:24:36]!
172436.808: [17:24:36]interface GigabitEthernet 1/0/10
172436.808: [17:24:36] port-group 4 mode active
172436.808: [17:24:36]!
172436.808: [17:24:36]interface GigabitEthernet 1/0/11
172436.808: [17:24:36] port-group 5 mode active
172436.808: [17:24:36]!
172436.809: [17:24:36]interface GigabitEthernet 1/0/12
172436.809: [17:24:36] port-group 6 mode active
172436.809: [17:24:36]!
172436.809: [17:24:36]interface GigabitEthernet 1/0/13
172436.809: [17:24:36] port-group 7 mode active
172436.986: [17:24:36]!         
172437.004: [17:24:37]interface GigabitEthernet 1/0/14
172437.004: [17:24:37] port-group 8 mode active
172437.004: [17:24:37]!
172437.004: [17:24:37]interface GigabitEthernet 1/0/15
172437.004: [17:24:37] port-group 9 mode active
172437.004: [17:24:37]!
172437.004: [17:24:37]interface GigabitEthernet 1/0/16
172437.004: [17:24:37] port-group 10 mode active
172437.004: [17:24:37]!
172437.005: [17:24:37]interface GigabitEthernet 1/0/17
172437.005: [17:24:37] switchport access vlan 300
172437.005: [17:24:37]!
172437.005: [17:24:37]interface GigabitEthernet 1/0/18
172437.005: [17:24:37] switchport access vlan 300
172437.005: [17:24:37]!
172437.005: [17:24:37]interface GigabitEthernet 1/0/19
172437.005: [17:24:37] switchport access vlan 300
172437.005: [17:24:37]!
172437.005: [17:24:37]interface GigabitEthernet 1/0/20
172437.005: [17:24:37] switchport access vlan 300
172437.005: [17:24:37]!
172437.005: [17:24:37]interface GigabitEthernet 1/0/21
172437.005: [17:24:37] switchport access vlan 300
172437.169: [17:24:37]!         
172437.188: [17:24:37]interface GigabitEthernet 1/0/22
172437.188: [17:24:37] switchport access vlan 300
172437.188: [17:24:37]!
172437.188: [17:24:37]interface GigabitEthernet 1/0/23
172437.188: [17:24:37] switchport access vlan 300
172437.188: [17:24:37]!
172437.189: [17:24:37]interface GigabitEthernet 1/0/24
172437.189: [17:24:37] switchport access vlan 300
172437.189: [17:24:37]!
172437.189: [17:24:37]interface GigabitEthernet 1/0/25
172437.189: [17:24:37] switchport access vlan 100
172437.189: [17:24:37]!
172437.189: [17:24:37]interface GigabitEthernet 1/0/26
172437.189: [17:24:37] switchport access vlan 300
172437.189: [17:24:37]!
172437.189: [17:24:37]interface GigabitEthernet 1/0/27
172437.189: [17:24:37] switchport access vlan 300
172437.189: [17:24:37]!
172437.189: [17:24:37]interface GigabitEthernet 1/0/28
172437.189: [17:24:37] switchport access vlan 300
172437.189: [17:24:37]!
172437.189: [17:24:37]interface GigabitEthernet 1/0/29
172437.189: [17:24:37] port-group 20 mode active
172437.378: [17:24:37]!         
172437.398: [17:24:37]interface GigabitEthernet 1/0/30
172437.398: [17:24:37] port-group 21 mode active
172437.398: [17:24:37]!
172437.398: [17:24:37]interface GigabitEthernet 1/0/31
172437.398: [17:24:37] port-group 22 mode active
172437.398: [17:24:37]!
172437.398: [17:24:37]interface GigabitEthernet 1/0/32
172437.398: [17:24:37] port-group 23 mode active
172437.398: [17:24:37]!
172437.398: [17:24:37]interface GigabitEthernet 1/0/33
172437.398: [17:24:37] port-group 24 mode active
172437.398: [17:24:37]!
172437.399: [17:24:37]interface GigabitEthernet 1/0/34
172437.399: [17:24:37] port-group 25 mode active
172437.399: [17:24:37]!
172437.399: [17:24:37]interface GigabitEthernet 1/0/35
172437.399: [17:24:37] switchport access vlan 101
172437.399: [17:24:37]!
172437.399: [17:24:37]interface GigabitEthernet 1/0/36
172437.399: [17:24:37] switchport access vlan 101
172437.399: [17:24:37]!
172437.399: [17:24:37]interface GigabitEthernet 1/0/37
172437.399: [17:24:37]!
172437.572: [17:24:37]interface GigabitEthernet 1/0/38
172437.600: [17:24:37]!
172437.601: [17:24:37]interface GigabitEthernet 1/0/39
172437.601: [17:24:37]!
172437.601: [17:24:37]interface GigabitEthernet 1/0/40
172437.601: [17:24:37]!
172437.601: [17:24:37]interface GigabitEthernet 1/0/41
172437.601: [17:24:37]!
172437.601: [17:24:37]interface GigabitEthernet 1/0/42
172437.601: [17:24:37]!
172437.601: [17:24:37]interface GigabitEthernet 1/0/43
172437.601: [17:24:37]!
172437.601: [17:24:37]interface GigabitEthernet 1/0/44
172437.601: [17:24:37] switchport access vlan 100
172437.601: [17:24:37]!
172437.601: [17:24:37]interface GigabitEthernet 1/0/45
172437.601: [17:24:37] switchport access vlan 300
172437.601: [17:24:37]!
172437.601: [17:24:37]interface GigabitEthernet 1/0/46
172437.601: [17:24:37] switchport access vlan 100
172437.601: [17:24:37]!
172437.602: [17:24:37]interface GigabitEthernet 1/0/47
172437.602: [17:24:37] switchport access vlan 100
172437.602: [17:24:37]!
172437.758: [17:24:37]interface GigabitEthernet 1/0/48
172437.772: [17:24:37] switchport access vlan 100
172437.772: [17:24:37]!
172437.772: [17:24:37]interface GigabitEthernet 2/0/1
172437.772: [17:24:37] switchport access vlan 101
172437.772: [17:24:37]!
172437.772: [17:24:37]interface GigabitEthernet 2/0/2
172437.772: [17:24:37] switchport access vlan 101
172437.772: [17:24:37]!
172437.772: [17:24:37]interface GigabitEthernet 2/0/3
172437.772: [17:24:37] switchport access vlan 101
172437.772: [17:24:37]!
172437.772: [17:24:37]interface GigabitEthernet 2/0/4
172437.772: [17:24:37] switchport access vlan 101
172437.772: [17:24:37]!
172437.772: [17:24:37]interface GigabitEthernet 2/0/5
172437.772: [17:24:37] switchport access vlan 101
172437.772: [17:24:37]!
172437.772: [17:24:37]interface GigabitEthernet 2/0/6
172437.772: [17:24:37] switchport access vlan 101
172437.772: [17:24:37]!
172437.772: [17:24:37]interface GigabitEthernet 2/0/7
172437.772: [17:24:37] port-group 1 mode active
172437.772: [17:24:37]!
172437.942: [17:24:37]interface GigabitEthernet 2/0/8
172437.963: [17:24:37] port-group 2 mode active
172437.963: [17:24:37]!
172437.963: [17:24:37]interface GigabitEthernet 2/0/9
172437.963: [17:24:37] port-group 3 mode active
172437.963: [17:24:37]!
172437.963: [17:24:37]interface GigabitEthernet 2/0/10
172437.963: [17:24:37] port-group 4 mode active
172437.963: [17:24:37]!
172437.963: [17:24:37]interface GigabitEthernet 2/0/11
172437.963: [17:24:37] port-group 5 mode active
172437.963: [17:24:37]!
172437.963: [17:24:37]interface GigabitEthernet 2/0/12
172437.963: [17:24:37] port-group 6 mode active
172437.963: [17:24:37]!
172437.963: [17:24:37]interface GigabitEthernet 2/0/13
172437.963: [17:24:37] port-group 7 mode active
172437.963: [17:24:37]!
172437.964: [17:24:37]interface GigabitEthernet 2/0/14
172437.964: [17:24:37] port-group 8 mode active
172437.964: [17:24:37]!
172437.964: [17:24:37]interface GigabitEthernet 2/0/15
172437.964: [17:24:37] port-group 9 mode active
172437.964: [17:24:37]!
172438.381: [17:24:38]interface GigabitEthernet 2/0/16
172438.413: [17:24:38] port-group 10 mode active
172438.413: [17:24:38]!
172438.413: [17:24:38]interface GigabitEthernet 2/0/17
172438.413: [17:24:38] switchport access vlan 300
172438.413: [17:24:38]!
172438.413: [17:24:38]interface GigabitEthernet 2/0/18
172438.413: [17:24:38] switchport access vlan 300
172438.413: [17:24:38]!
172438.414: [17:24:38]interface GigabitEthernet 2/0/19
172438.414: [17:24:38] switchport access vlan 300
172438.414: [17:24:38]!
172438.414: [17:24:38]interface GigabitEthernet 2/0/20
172438.414: [17:24:38] switchport access vlan 300
172438.414: [17:24:38]!
172438.414: [17:24:38]interface GigabitEthernet 2/0/21
172438.414: [17:24:38] switchport access vlan 300
172438.414: [17:24:38]!
172438.414: [17:24:38]interface GigabitEthernet 2/0/22
172438.414: [17:24:38] switchport access vlan 300
172438.414: [17:24:38]!
172438.414: [17:24:38]interface GigabitEthernet 2/0/23
172438.414: [17:24:38] switchport access vlan 300
172438.414: [17:24:38]!
172438.435: [17:24:38]interface GigabitEthernet 2/0/24
172438.435: [17:24:38] switchport access vlan 300
172438.435: [17:24:38]!
172438.435: [17:24:38]interface GigabitEthernet 2/0/25
172438.435: [17:24:38] switchport access vlan 100
172438.435: [17:24:38]!
172438.435: [17:24:38]interface GigabitEthernet 2/0/26
172438.435: [17:24:38] switchport access vlan 300
172438.435: [17:24:38]!
172438.435: [17:24:38]interface GigabitEthernet 2/0/27
172438.435: [17:24:38] switchport access vlan 300
172438.435: [17:24:38]!
172438.435: [17:24:38]interface GigabitEthernet 2/0/28
172438.435: [17:24:38] switchport access vlan 300
172438.435: [17:24:38]!
172438.436: [17:24:38]interface GigabitEthernet 2/0/29
172438.436: [17:24:38] port-group 20 mode active
172438.436: [17:24:38]!
172438.436: [17:24:38]interface GigabitEthernet 2/0/30
172438.436: [17:24:38] port-group 21 mode active
172438.436: [17:24:38]!
172438.436: [17:24:38]interface GigabitEthernet 2/0/31
172438.436: [17:24:38] port-group 22 mode active
172438.436: [17:24:38]!
172438.546: [17:24:38]interface GigabitEthernet 2/0/32
172438.574: [17:24:38] port-group 23 mode active
172438.575: [17:24:38]!
172438.575: [17:24:38]interface GigabitEthernet 2/0/33
172438.575: [17:24:38] port-group 24 mode active
172438.575: [17:24:38]!
172438.575: [17:24:38]interface GigabitEthernet 2/0/34
172438.575: [17:24:38] port-group 25 mode active
172438.575: [17:24:38]!
172438.575: [17:24:38]interface GigabitEthernet 2/0/35
172438.575: [17:24:38] switchport mode trunk
172438.575: [17:24:38] switchport trunk allowed vlan only 2-99,101-299,301-4094
172438.575: [17:24:38]!
172438.575: [17:24:38]interface GigabitEthernet 2/0/36
172438.575: [17:24:38]!
172438.575: [17:24:38]interface GigabitEthernet 2/0/37
172438.575: [17:24:38] switchport access vlan 101
172438.575: [17:24:38]!
172438.575: [17:24:38]interface GigabitEthernet 2/0/38
172438.575: [17:24:38] switchport access vlan 101
172438.575: [17:24:38]!
172438.575: [17:24:38]interface GigabitEthernet 2/0/39
172438.576: [17:24:38] switchport access vlan 101
172438.576: [17:24:38]!
172438.775: [17:24:38]interface GigabitEthernet 2/0/40
172438.792: [17:24:38] switchport access vlan 101
172438.793: [17:24:38]!
172438.793: [17:24:38]interface GigabitEthernet 2/0/41
172438.793: [17:24:38] switchport access vlan 101
172438.793: [17:24:38]!
172438.793: [17:24:38]interface GigabitEthernet 2/0/42
172438.793: [17:24:38]!
172438.793: [17:24:38]interface GigabitEthernet 2/0/43
172438.793: [17:24:38]!
172438.793: [17:24:38]interface GigabitEthernet 2/0/44
172438.793: [17:24:38]!
172438.793: [17:24:38]interface GigabitEthernet 2/0/45
172438.793: [17:24:38]!
172438.793: [17:24:38]interface GigabitEthernet 2/0/46
172438.793: [17:24:38]!
172438.793: [17:24:38]interface GigabitEthernet 2/0/47
172438.793: [17:24:38] switchport access vlan 101
172438.793: [17:24:38]!
172438.793: [17:24:38]interface GigabitEthernet 2/0/48
172438.793: [17:24:38] no switchport
172438.793: [17:24:38] ip address 192.168.8.88 255.255.252.0
172438.793: [17:24:38]!
172438.793: [17:24:38]interface TenGigabitEthernet 1/0/49
172439.397: [17:24:39]!         
172439.416: [17:24:39]interface TenGigabitEthernet 1/0/50
172439.416: [17:24:39]!
172439.416: [17:24:39]interface TenGigabitEthernet 1/0/51
172439.416: [17:24:39] switchport access vlan 101
172439.416: [17:24:39]!
172439.416: [17:24:39]interface TenGigabitEthernet 1/0/52
172439.417: [17:24:39] switchport access vlan 101
172439.417: [17:24:39]!
172439.417: [17:24:39]interface TenGigabitEthernet 2/0/49
172439.417: [17:24:39]!
172439.417: [17:24:39]interface TenGigabitEthernet 2/0/50
172439.417: [17:24:39]!
172439.417: [17:24:39]interface TenGigabitEthernet 2/0/51
172439.417: [17:24:39] description this
172439.417: [17:24:39] switchport access vlan 101
172439.417: [17:24:39]!
172439.417: [17:24:39]interface TenGigabitEthernet 2/0/52
172439.417: [17:24:39] switchport access vlan 101
172439.417: [17:24:39]!
172439.417: [17:24:39]interface AggregatePort 1
172439.417: [17:24:39] switchport mode trunk
172439.418: [17:24:39] switchport trunk allowed vlan only 2-99,101-299,301-4094
172439.418: [17:24:39]!
172439.999: [17:24:39]interface AggregatePort 2
172440.015: [17:24:40] switchport mode trunk
172440.015: [17:24:40] switchport trunk allowed vlan only 2-99,101-299,301-4094
172440.015: [17:24:40]!
172440.016: [17:24:40]interface AggregatePort 3
172440.016: [17:24:40] switchport mode trunk
172440.016: [17:24:40] switchport trunk allowed vlan only 2-99,101-299,301-4094
172440.016: [17:24:40]!
172440.016: [17:24:40]interface AggregatePort 4
172440.016: [17:24:40] switchport mode trunk
172440.016: [17:24:40] switchport trunk allowed vlan only 2-99,101-299,301-4094
172440.016: [17:24:40]!
172440.016: [17:24:40]interface AggregatePort 5
172440.016: [17:24:40] switchport mode trunk
172440.017: [17:24:40] switchport trunk allowed vlan only 2-99,101-299,301-4094
172440.017: [17:24:40]!
172440.017: [17:24:40]interface AggregatePort 6
172440.017: [17:24:40] switchport mode trunk
172440.017: [17:24:40] switchport trunk allowed vlan only 2-99,101-299,301-4094
172440.017: [17:24:40]!
172440.017: [17:24:40]interface AggregatePort 7
172440.017: [17:24:40] switchport mode trunk
172440.017: [17:24:40] switchport trunk allowed vlan only 2-99,101-299,301-4094
172440.017: [17:24:40]!
172607.060: [17:26:07]interface AggregatePort 8
172607.079: [17:26:07] switchport mode trunk
172607.079: [17:26:07] switchport trunk allowed vlan only 2-99,101-299,301-4094
172607.079: [17:26:07]!
172607.079: [17:26:07]interface AggregatePort 9
172607.079: [17:26:07] switchport mode trunk
172607.079: [17:26:07] switchport trunk allowed vlan only 2-99,101-299,301-4094
172607.079: [17:26:07]!
172607.079: [17:26:07]interface AggregatePort 10
172607.079: [17:26:07] switchport mode trunk
172607.079: [17:26:07] switchport trunk allowed vlan only 2-99,101-299,301-4094
172607.080: [17:26:07]!
172607.080: [17:26:07]interface AggregatePort 20
172607.080: [17:26:07] switchport access vlan 101
172607.080: [17:26:07]!
172607.080: [17:26:07]interface AggregatePort 21
172607.080: [17:26:07] switchport access vlan 101
172607.080: [17:26:07]!
172607.080: [17:26:07]interface AggregatePort 22
172607.080: [17:26:07] switchport access vlan 101
172607.080: [17:26:07]!
172607.080: [17:26:07]interface AggregatePort 23
172607.080: [17:26:07] switchport access vlan 101
172607.080: [17:26:07]!
172607.503: [17:26:07]interface AggregatePort 24
172607.518: [17:26:07] switchport access vlan 101
172607.518: [17:26:07]!
172607.518: [17:26:07]interface AggregatePort 25
172607.518: [17:26:07] switchport access vlan 101
172607.518: [17:26:07]!
172607.518: [17:26:07]interface VLAN 1
172607.518: [17:26:07] description this
172607.518: [17:26:07]!
172607.518: [17:26:07]interface VLAN 100
172607.518: [17:26:07] ip address 172.16.100.1 255.255.255.0
172607.518: [17:26:07]!
172607.518: [17:26:07]interface VLAN 101
172607.518: [17:26:07] ip address 172.16.101.1 255.255.255.0
172607.518: [17:26:07]!
172607.518: [17:26:07]interface VLAN 208
172607.518: [17:26:07] ip address 172.16.208.1 255.255.240.0
172607.518: [17:26:07]!
172607.518: [17:26:07]interface VLAN 300
172607.518: [17:26:07] ip address 172.16.1.1 255.255.255.0
172607.518: [17:26:07]!
172607.518: [17:26:07]interface Mgmt 1/0
172607.518: [17:26:07] ip address mix dhcp
172607.518: [17:26:07] ip address mix 192.168.1.200 255.255.255.0
173612.514: [17:36:12][202603100-192.168.8.88-负一楼-接入交换机-17:36:12]
173612.825: [17:36:12]
173612.837: [17:36:12]User Access Verification
173612.837: [17:36:12]
173612.849: [17:36:12]Password:
173612.881: [17:36:12]Password:
173612.986: [17:36:12]
173613.023: [17:36:13]Last login: Mar 24 2026 17:56:51 from 192.168.6.173 through telnet.
174618.023: [17:46:18][202603100-192.168.8.88-负一楼-接入交换机-17:46:18]
174618.502: [17:46:18]
174618.502: [17:46:18]User Access Verification
174618.502: [17:46:18]
174618.540: [17:46:18]Password:
174618.541: [17:46:18]Password:
174618.556: [17:46:18]
174618.595: [17:46:18]Last login: Mar 24 2026 18:08:48 from 192.168.6.173 through telnet.
175623.509: [17:56:23][202603100-192.168.8.88-负一楼-接入交换机-17:56:23]
175623.822: [17:56:23]
175623.823: [17:56:23]User Access Verification
175623.823: [17:56:23]
175623.854: [17:56:23]Password:
175623.854: [17:56:23]Password:
175623.867: [17:56:23]
175623.914: [17:56:23]Last login: Mar 24 2026 18:18:53 from 192.168.6.173 through telnet.
180629.014: [18:06:29][202603100-192.168.8.88-负一楼-接入交换机-18:06:29]
180629.328: [18:06:29]
180629.328: [18:06:29]User Access Verification
180629.328: [18:06:29]
180629.357: [18:06:29]Password:
180629.379: [18:06:29]Password:
180629.484: [18:06:29]
180629.519: [18:06:29]Last login: Mar 24 2026 18:28:59 from 192.168.6.173 through telnet.
181634.005: [18:16:34][202603100-192.168.8.88-负一楼-接入交换机-18:16:34]
181634.341: [18:16:34]
181634.341: [18:16:34]User Access Verification
181634.341: [18:16:34]
181634.371: [18:16:34]Password:
181634.372: [18:16:34]Password:
181634.426: [18:16:34]
181634.480: [18:16:34]Last login: Mar 24 2026 18:39:04 from 192.168.6.173 through telnet.
182639.514: [18:26:39][202603100-192.168.8.88-负一楼-接入交换机-18:26:39]
182640.859: [18:26:40]
182640.860: [18:26:40]User Access Verification
182640.860: [18:26:40]
182640.881: [18:26:40]Password:
182640.902: [18:26:40]Password:
182640.915: [18:26:40]
182640.957: [18:26:40]Last login: Mar 24 2026 18:49:09 from 192.168.6.173 through telnet.
183646.023: [18:36:46][202603100-192.168.8.88-负一楼-接入交换机-18:36:46]
183646.345: [18:36:46]
183646.345: [18:36:46]User Access Verification
183646.345: [18:36:46]
183646.363: [18:36:46]Password:
183646.381: [18:36:46]Password:
183646.419: [18:36:46]
183646.496: [18:36:46]Last login: Mar 24 2026 18:59:16 from 192.168.6.173 through telnet.
184651.508: [18:46:51][202603100-192.168.8.88-负一楼-接入交换机-18:46:51]
184652.829: [18:46:52]
184652.829: [18:46:52]User Access Verification
184652.829: [18:46:52]
184652.867: [18:46:52]Password:
184652.867: [18:46:52]Password:
184652.879: [18:46:52]
184652.936: [18:46:52]Last login: Mar 24 2026 19:09:21 from 192.168.6.173 through telnet.
185658.002: [18:56:58][202603100-192.168.8.88-负一楼-接入交换机-18:56:58]
185658.315: [18:56:58]
185658.316: [18:56:58]User Access Verification
185658.324: [18:56:58]
185658.336: [18:56:58]Password:
185658.369: [18:56:58]Password:
185658.384: [18:56:58]
185658.428: [18:56:58]Last login: Mar 24 2026 19:19:28 from 192.168.6.173 through telnet.
190702.999: [19:07:02][202603100-192.168.8.88-负一楼-接入交换机-19:07:02]
190703.404: [19:07:03]
190703.415: [19:07:03]User Access Verification
190703.415: [19:07:03]
190703.428: [19:07:03]Password:
190703.459: [19:07:03]Password:
190703.492: [19:07:03]
190703.539: [19:07:03]Last login: Mar 24 2026 19:29:33 from 192.168.6.173 through telnet.
191708.507: [19:17:08][202603100-192.168.8.88-负一楼-接入交换机-19:17:08]
191708.828: [19:17:08]
191708.828: [19:17:08]User Access Verification
191708.828: [19:17:08]
191708.849: [19:17:08]Password:
191708.870: [19:17:08]Password:
191708.976: [19:17:08]
191709.013: [19:17:09]Last login: Mar 24 2026 19:39:38 from 192.168.6.173 through telnet.
192714.004: [19:27:14][202603100-192.168.8.88-负一楼-接入交换机-19:27:14]
192714.403: [19:27:14]
192714.403: [19:27:14]User Access Verification
192714.403: [19:27:14]
192714.421: [19:27:14]Password:
192714.457: [19:27:14]Password:
192714.472: [19:27:14]
192714.514: [19:27:14]Last login: Mar 24 2026 19:49:44 from 192.168.6.173 through telnet.
193719.511: [19:37:19][202603100-192.168.8.88-负一楼-接入交换机-19:37:19]
193719.905: [19:37:19]
193719.906: [19:37:19]User Access Verification
193719.906: [19:37:19]
193719.924: [19:37:19]Password:
193719.943: [19:37:19]Password:
193720.021: [19:37:20]
193720.066: [19:37:20]Last login: Mar 24 2026 19:59:49 from 192.168.6.173 through telnet.
194725.009: [19:47:25][202603100-192.168.8.88-负一楼-接入交换机-19:47:25]
194725.342: [19:47:25]
194725.354: [19:47:25]User Access Verification
194725.354: [19:47:25]
194725.373: [19:47:25]Password:
194725.391: [19:47:25]Password:
194725.403: [19:47:25]
194725.458: [19:47:25]Last login: Mar 24 2026 20:09:55 from 192.168.6.173 through telnet.
195730.508: [19:57:30][202603100-192.168.8.88-负一楼-接入交换机-19:57:30]
195730.822: [19:57:30]
195730.822: [19:57:30]User Access Verification
195730.822: [19:57:30]
195730.847: [19:57:30]Password:
195730.874: [19:57:30]Password:
195730.973: [19:57:30]
195731.009: [19:57:31]Last login: Mar 24 2026 20:20:00 from 192.168.6.173 through telnet.
200735.523: [20:07:35][202603100-192.168.8.88-负一楼-接入交换机-20:07:35]
200735.831: [20:07:35]
200735.831: [20:07:35]User Access Verification
200735.831: [20:07:35]
200735.855: [20:07:35]Password:
200735.876: [20:07:35]Password:
200735.902: [20:07:35]
200735.950: [20:07:35]Last login: Mar 24 2026 20:30:06 from 192.168.6.173 through telnet.
201741.006: [20:17:41][202603100-192.168.8.88-负一楼-接入交换机-20:17:41]
201741.335: [20:17:41]
201741.335: [20:17:41]User Access Verification
201741.335: [20:17:41]
201741.362: [20:17:41]Password:
201741.381: [20:17:41]Password:
201741.391: [20:17:41]
201741.443: [20:17:41]Last login: Mar 24 2026 20:40:11 from 192.168.6.173 through telnet.
202746.509: [20:27:46][202603100-192.168.8.88-负一楼-接入交换机-20:27:46]
202746.831: [20:27:46]
202746.831: [20:27:46]User Access Verification
202746.831: [20:27:46]
202746.863: [20:27:46]Password:
202746.863: [20:27:46]Password:
202746.872: [20:27:46]
202746.913: [20:27:46]Last login: Mar 24 2026 20:50:16 from 192.168.6.173 through telnet.
203752.004: [20:37:52][202603100-192.168.8.88-负一楼-接入交换机-20:37:52]
203753.323: [20:37:53]
203753.323: [20:37:53]User Access Verification
203753.341: [20:37:53]
203753.362: [20:37:53]Password:
203753.388: [20:37:53]Password:
203753.400: [20:37:53]
203753.440: [20:37:53]Last login: Mar 24 2026 21:00:22 from 192.168.6.173 through telnet.
204758.002: [20:47:58][202603100-192.168.8.88-负一楼-接入交换机-20:47:58]
204758.317: [20:47:58]
204758.317: [20:47:58]User Access Verification
204758.317: [20:47:58]
204758.352: [20:47:58]Password:
204758.353: [20:47:58]Password:
204758.386: [20:47:58]
204758.461: [20:47:58]Last login: Mar 24 2026 21:10:28 from 192.168.6.173 through telnet.
205803.020: [20:58:03][202603100-192.168.8.88-负一楼-接入交换机-20:58:03]
205803.335: [20:58:03]
205803.336: [20:58:03]User Access Verification
205803.336: [20:58:03]
205803.365: [20:58:03]Password:
205803.383: [20:58:03]Password:
205803.492: [20:58:03]
205803.523: [20:58:03]Last login: Mar 24 2026 21:20:33 from 192.168.6.173 through telnet.
210809.505: [21:08:09][202603100-192.168.8.88-负一楼-接入交换机-21:08:09]
210809.898: [21:08:09]
210809.899: [21:08:09]User Access Verification
210809.899: [21:08:09]
210809.932: [21:08:09]Password:
210809.932: [21:08:09]Password:
210809.942: [21:08:09]
210809.990: [21:08:09]Last login: Mar 24 2026 21:30:39 from 192.168.6.173 through telnet.
211815.002: [21:18:15][202603100-192.168.8.88-负一楼-接入交换机-21:18:15]
211815.321: [21:18:15]
211815.321: [21:18:15]User Access Verification
211815.321: [21:18:15]
211815.344: [21:18:15]Password:
211815.367: [21:18:15]Password:
211815.381: [21:18:15]
211815.424: [21:18:15]Last login: Mar 24 2026 21:40:45 from 192.168.6.173 through telnet.
212820.506: [21:28:20][202603100-192.168.8.88-负一楼-接入交换机-21:28:20]
212820.821: [21:28:20]
212820.821: [21:28:20]User Access Verification
212820.821: [21:28:20]
212820.846: [21:28:20]Password:
212820.869: [21:28:20]Password:
212820.883: [21:28:20]
212820.926: [21:28:20]Last login: Mar 24 2026 21:50:50 from 192.168.6.173 through telnet.
213826.038: [21:38:26][202603100-192.168.8.88-负一楼-接入交换机-21:38:26]
213826.364: [21:38:26]
213826.365: [21:38:26]User Access Verification
213826.365: [21:38:26]
213826.388: [21:38:26]Password:
213826.406: [21:38:26]Password:
213826.425: [21:38:26]
213826.476: [21:38:26]Last login: Mar 24 2026 22:00:56 from 192.168.6.173 through telnet.
214832.496: [21:48:32][202603100-192.168.8.88-负一楼-接入交换机-21:48:32]
214832.848: [21:48:32]
214832.859: [21:48:32]User Access Verification
214832.859: [21:48:32]
214832.872: [21:48:32]Password:
214832.896: [21:48:32]Password:
214832.916: [21:48:32]
214832.962: [21:48:32]Last login: Mar 24 2026 22:11:02 from 192.168.6.173 through telnet.
215838.011: [21:58:38][202603100-192.168.8.88-负一楼-接入交换机-21:58:38]
215838.323: [21:58:38]
215838.323: [21:58:38]User Access Verification
215838.323: [21:58:38]
215838.358: [21:58:38]Password:
215838.358: [21:58:38]Password:
215838.374: [21:58:38]
215838.411: [21:58:38]Last login: Mar 24 2026 22:21:08 from 192.168.6.173 through telnet.
220843.028: [22:08:43][202603100-192.168.8.88-负一楼-接入交换机-22:08:43]
220843.339: [22:08:43]
220843.339: [22:08:43]User Access Verification
220843.339: [22:08:43]
220843.369: [22:08:43]Password:
220843.398: [22:08:43]Password:
220843.408: [22:08:43]
220843.469: [22:08:43]Last login: Mar 24 2026 22:31:14 from 192.168.6.173 through telnet.
221849.505: [22:18:49][202603100-192.168.8.88-负一楼-接入交换机-22:18:49]
221849.835: [22:18:49]
221849.836: [22:18:49]User Access Verification
221849.836: [22:18:49]
221849.870: [22:18:49]Password:
221849.870: [22:18:49]Password:
221849.882: [22:18:49]
221849.925: [22:18:49]Last login: Mar 24 2026 22:41:19 from 192.168.6.173 through telnet.
222854.998: [22:28:54][202603100-192.168.8.88-负一楼-接入交换机-22:28:54]
222855.308: [22:28:55]
222855.308: [22:28:55]User Access Verification
222855.308: [22:28:55]
222855.325: [22:28:55]Password:
222855.346: [22:28:55]Password:
222855.360: [22:28:55]
222855.395: [22:28:55]Last login: Mar 24 2026 22:51:25 from 192.168.6.173 through telnet.
223900.988: [22:39:00][202603100-192.168.8.88-负一楼-接入交换机-22:39:00]
223901.301: [22:39:01]
223901.302: [22:39:01]User Access Verification
223901.310: [22:39:01]
223901.336: [22:39:01]Password:
223901.336: [22:39:01]Password:
223901.354: [22:39:01]
223901.389: [22:39:01]Last login: Mar 24 2026 23:01:31 from 192.168.6.173 through telnet.
224906.995: [22:49:06][202603100-192.168.8.88-负一楼-接入交换机-22:49:06]
224907.314: [22:49:07]
224907.314: [22:49:07]User Access Verification
224907.327: [22:49:07]
224907.348: [22:49:07]Password:
224907.348: [22:49:07]Password:
224907.359: [22:49:07]
224907.422: [22:49:07]Last login: Mar 24 2026 23:11:37 from 192.168.6.173 through telnet.
225913.492: [22:59:13][202603100-192.168.8.88-负一楼-接入交换机-22:59:13]
225913.802: [22:59:13]
225913.802: [22:59:13]User Access Verification
225913.802: [22:59:13]
225913.826: [22:59:13]Password:
225913.850: [22:59:13]Password:
225913.951: [22:59:13]
225914.001: [22:59:14]Last login: Mar 24 2026 23:21:43 from 192.168.6.173 through telnet.
230918.507: [23:09:18][202603100-192.168.8.88-负一楼-接入交换机-23:09:18]
230918.856: [23:09:18]
230918.856: [23:09:18]User Access Verification
230918.856: [23:09:18]
230918.877: [23:09:18]Password:
230918.889: [23:09:18]Password:
230918.919: [23:09:18]
230918.964: [23:09:18]Last login: Mar 24 2026 23:31:49 from 192.168.6.173 through telnet.
231923.996: [23:19:23][202603100-192.168.8.88-负一楼-接入交换机-23:19:23]
231924.310: [23:19:24]
231924.310: [23:19:24]User Access Verification
231924.310: [23:19:24]
231924.331: [23:19:24]Password:
231924.353: [23:19:24]Password:
231924.372: [23:19:24]
231924.412: [23:19:24]Last login: Mar 24 2026 23:41:54 from 192.168.6.173 through telnet.
232930.493: [23:29:30][202603100-192.168.8.88-负一楼-接入交换机-23:29:30]
232931.876: [23:29:31]
232931.876: [23:29:31]User Access Verification
232931.876: [23:29:31]
232931.899: [23:29:31]Password:
232931.922: [23:29:31]Password:
232931.935: [23:29:31]
232931.984: [23:29:31]Last login: Mar 24 2026 23:52:00 from 192.168.6.173 through telnet.
233936.990: [23:39:36][202603100-192.168.8.88-负一楼-接入交换机-23:39:36]
233938.310: [23:39:38]
233938.310: [23:39:38]User Access Verification
233938.310: [23:39:38]
233938.337: [23:39:38]Password:
233938.348: [23:39:38]Password:
233938.360: [23:39:38]
233938.400: [23:39:38]Last login: Mar 25 2026 00:02:07 from 192.168.6.173 through telnet.
234944.004: [23:49:44][202603100-192.168.8.88-负一楼-接入交换机-23:49:44]
234944.315: [23:49:44]
234944.315: [23:49:44]User Access Verification
234944.315: [23:49:44]
234944.347: [23:49:44]Password:
234944.347: [23:49:44]Password:
234944.382: [23:49:44]
234944.467: [23:49:44]Last login: Mar 25 2026 00:12:14 from 192.168.6.173 through telnet.
235950.505: [23:59:50][202603100-192.168.8.88-负一楼-接入交换机-23:59:50]
235950.835: [23:59:50]
235950.836: [23:59:50]User Access Verification
235950.836: [23:59:50]
235950.870: [23:59:50]Password:
235950.871: [23:59:50]Password:
235950.946: [23:59:50]
235951.003: [23:59:51]Last login: Mar 25 2026 00:22:20 from 192.168.6.173 through telnet.
