082020.631: [08:20:20][202601099-172.16.208.2-各种服务-08:20:20]
082020.666: [08:20:20]Linux 172-16-208-2 5.10.0-21-amd64 #1 SMP Debian 5.10.162-1 (2023-01-21) x86_64
082020.666: [08:20:20]
082020.666: [08:20:20]The programs included with the Debian GNU/Linux system are free software;
082020.666: [08:20:20]the exact distribution terms for each program are described in the
082020.666: [08:20:20]individual files in /usr/share/doc/*/copyright.
082020.666: [08:20:20]
082020.666: [08:20:20]Debian GNU/Linux comes with ABSOLUTELY NO WARRANTY, to the extent
082020.666: [08:20:20]permitted by applicable law.
082020.667: [08:20:20]Last login: Wed Jan 28 21:11:05 2026 from 121.239.93.67
082026.597: [08:20:26][root@172-16-208-2 ~]# ping 10.253.0.11
082026.608: [08:20:26]PING 10.253.0.11 (10.253.0.11) 56(84) bytes of data.
082031.011: [08:20:31]^C
082031.011: [08:20:31]--- 10.253.0.11 ping statistics ---
082031.011: [08:20:31]5 packets transmitted, 0 received, 100% packet loss, time 4080ms
082031.011: [08:20:31]
082539.138: [08:25:39][root@172-16-208-2 ~]# host 1l722s6157.wicp.vip
082539.217: [08:25:39]1l722s6157.wicp.vip has address 0.0.0.0
082541.281: [08:25:41][root@172-16-208-2 ~]# host 1l722s6157.wicp.vip
082541.342: [08:25:41]1l722s6157.wicp.vip has address 0.0.0.0
082715.800: [08:27:15][root@172-16-208-2 ~]# ssh 10.253.0.3
082716.692: [08:27:16]Linux 10-253-0-3 5.10.0-23-amd64 #1 SMP Debian 5.10.179-2 (2023-07-14) x86_64
082716.692: [08:27:16]
082716.692: [08:27:16]The programs included with the Debian GNU/Linux system are free software;
082716.693: [08:27:16]the exact distribution terms for each program are described in the
082716.693: [08:27:16]individual files in /usr/share/doc/*/copyright.
082716.693: [08:27:16]
082716.693: [08:27:16]Debian GNU/Linux comes with ABSOLUTELY NO WARRANTY, to the extent
082716.693: [08:27:16]permitted by applicable law.
082716.693: [08:27:16]Last login: Wed Jan 28 15:20:14 2026 from 223.107.68.194
082721.077: [08:27:21][root@10-253-0-3 ~]# ping 10.253.0.11
082721.104: [08:27:21]PING 10.253.0.11 (10.253.0.11) 56(84) bytes of data.
082725.528: [08:27:25]^C
082725.528: [08:27:25]--- 10.253.0.11 ping statistics ---
082725.528: [08:27:25]5 packets transmitted, 0 received, 100% packet loss, time 4074ms
082725.528: [08:27:25]
082923.439: [08:29:23][root@10-253-0-3 ~]# ping 10.253.0.11
082923.444: [08:29:23]PING 10.253.0.11 (10.253.0.11) 56(84) bytes of data.
082928.443: [08:29:28]^C
082928.444: [08:29:28]--- 10.253.0.11 ping statistics ---
082928.444: [08:29:28]5 packets transmitted, 0 received, 100% packet loss, time 4076ms
082928.444: [08:29:28]
082929.080: [08:29:29][root@10-253-0-3 ~]# ip r
082929.085: [08:29:29]default via 192.168.2.1 dev ens3 
082929.085: [08:29:29]10.253.0.2 dev wg0 scope link 
082929.085: [08:29:29]10.253.0.11 dev wg0 scope link 
082929.085: [08:29:29]169.254.169.254 via 192.168.2.254 dev ens3 
082929.087: [08:29:29]172.16.208.0/20 dev wg0 scope link 
082929.087: [08:29:29]172.17.0.0/16 dev docker0 proto kernel scope link src 172.17.0.1 
082929.087: [08:29:29]192.168.2.0/24 dev ens3 proto kernel scope link src 192.168.2.2 
082929.088: [08:29:29]192.168.8.0/22 dev wg0 scope link 
082929.088: [08:29:29]192.168.31.0/24 dev wg0 scope link 
082941.484: [08:29:41][root@10-253-0-3 ~]# ping www.baidu.com
082941.512: [08:29:41]PING www.a.shifen.com (180.101.51.73) 56(84) bytes of data.
082941.564: [08:29:41]64 bytes from 180.101.51.73 (180.101.51.73): icmp_seq=1 ttl=51 time=25.1 ms
082942.565: [08:29:42]64 bytes from 180.101.51.73 (180.101.51.73): icmp_seq=2 ttl=51 time=25.0 ms
082942.947: [08:29:42]^C
082942.947: [08:29:42]--- www.a.shifen.com ping statistics ---
082942.947: [08:29:42]2 packets transmitted, 2 received, 0% packet loss, time 1002ms
082942.947: [08:29:42]rtt min/avg/max/mdev = 24.952/25.036/25.120/0.084 ms
082949.132: [08:29:49][root@10-253-0-3 ~]# ping www.google.com.hk
082949.157: [08:29:49]PING www.google.com.hk (199.16.158.12) 56(84) bytes of data.
082958.537: [08:29:58]^C
082958.537: [08:29:58]--- www.google.com.hk ping statistics ---
082958.537: [08:29:58]10 packets transmitted, 0 received, 100% packet loss, time 9207ms
082958.537: [08:29:58]
083000.699: [08:30:00][root@10-253-0-3 ~]# 
083000.836: [08:30:00][root@10-253-0-3 ~]# 
083000.983: [08:30:00][root@10-253-0-3 ~]# 
093828.588: [09:38:28][root@10-253-0-3 ~]# 
093828.746: [09:38:28][root@10-253-0-3 ~]# 
093828.884: [09:38:28][root@10-253-0-3 ~]# 
093832.995: [09:38:32][root@10-253-0-3 ~]# ping 10.253.0.11
093833.024: [09:38:33]PING 10.253.0.11 (10.253.0.11) 56(84) bytes of data.
093837.965: [09:38:37]^C
093837.965: [09:38:37]--- 10.253.0.11 ping statistics ---
093837.965: [09:38:37]5 packets transmitted, 0 received, 100% packet loss, time 4096ms
093837.965: [09:38:37]
115609.328: [11:56:09][root@10-253-0-3 ~]# 
115609.460: [11:56:09][root@10-253-0-3 ~]# 
115609.763: [11:56:09][root@10-253-0-3 ~]# 
115617.522: [11:56:17][root@10-253-0-3 ~]# ping 10.253.0.11
115617.540: [11:56:17]PING 10.253.0.11 (10.253.0.11) 56(84) bytes of data.
115619.285: [11:56:19]^C
115619.285: [11:56:19]--- 10.253.0.11 ping statistics ---
115619.285: [11:56:19]2 packets transmitted, 0 received, 100% packet loss, time 1016ms
115619.285: [11:56:19]
133029.142: [13:30:29][root@10-253-0-3 ~]# 
133029.316: [13:30:29][root@10-253-0-3 ~]# 
133029.400: [13:30:29][root@10-253-0-3 ~]# 
133034.965: [13:30:34][root@10-253-0-3 ~]# ping 10.253.0.11
133034.983: [13:30:34]PING 10.253.0.11 (10.253.0.11) 56(84) bytes of data.
133044.921: [13:30:44]^C
133044.921: [13:30:44]--- 10.253.0.11 ping statistics ---
133044.921: [13:30:44]10 packets transmitted, 0 received, 100% packet loss, time 9203ms
133044.921: [13:30:44]
133831.228: [13:38:31][root@10-253-0-3 ~]# tcpdump -i any -n host 221.225.147.177
133831.351: [13:38:31]tcpdump: data link type LINUX_SLL2
133831.351: [13:38:31]tcpdump: verbose output suppressed, use -v[v]... for full protocol decode
133831.351: [13:38:31]listening on any, link-type LINUX_SLL2 (Linux cooked v2), snapshot length 262144 bytes
133833.823: [13:38:33]13:38:33.726357 ens3  In  IP 221.225.147.177.40014 > 192.168.2.2.50004: UDP, length 148
133838.923: [13:38:38]13:38:38.846561 ens3  In  IP 221.225.147.177.40014 > 192.168.2.2.50004: UDP, length 148
133844.335: [13:38:44]13:38:44.223110 ens3  In  IP 221.225.147.177.40014 > 192.168.2.2.50004: UDP, length 148
133846.183: [13:38:46]^C
133846.183: [13:38:46]3 packets captured
133846.183: [13:38:46]5 packets received by filter
133846.184: [13:38:46]0 packets dropped by kernel
133847.277: [13:38:47][root@10-253-0-3 ~]# ip r
133847.295: [13:38:47]default via 192.168.2.1 dev ens3 
133847.296: [13:38:47]10.253.0.2 dev wg0 scope link 
133847.296: [13:38:47]10.253.0.11 dev wg0 scope link 
133847.296: [13:38:47]169.254.169.254 via 192.168.2.254 dev ens3 
133847.296: [13:38:47]172.16.208.0/20 dev wg0 scope link 
133847.296: [13:38:47]172.17.0.0/16 dev docker0 proto kernel scope link src 172.17.0.1 
133847.296: [13:38:47]192.168.2.0/24 dev ens3 proto kernel scope link src 192.168.2.2 
133847.296: [13:38:47]192.168.8.0/22 dev wg0 scope link 
133847.296: [13:38:47]192.168.31.0/24 dev wg0 scope link 
133850.313: [13:38:50][root@10-253-0-3 ~]# 
133850.313: [13:38:50]logout
133850.313: [13:38:50]Connection to 10.253.0.3 closed.
133859.758: [13:38:59][root@172-16-208-2 ~]# tcpdump -i any -n host 221.225.147.177
133859.837: [13:38:59]tcpdump: data link type LINUX_SLL2
133859.861: [13:38:59]tcpdump: verbose output suppressed, use -v[v]... for full protocol decode
133859.861: [13:38:59]listening on any, link-type LINUX_SLL2 (Linux cooked v2), snapshot length 262144 bytes
133900.246: [13:39:00]13:39:00.159499 ens3  Out IP 172.16.208.2.56109 > 221.225.147.177.8443: Flags [S], seq 3101785138, win 64240, options [mss 1460,sackOK,TS val 1506215369 ecr 0,nop,wscale 7], length 0
133900.247: [13:39:00]13:39:00.177232 ens3  In  IP 221.225.147.177.8443 > 172.16.208.2.56109: Flags [S.], seq 2151305124, ack 3101785139, win 28800, options [mss 1280,sackOK,TS val 37988655 ecr 1506215369,no133900.247: p,wscale 6], length 0
133900.247: [13:39:00]13:39:00.177257 ens3  Out IP 172.16.208.2.56109 > 221.225.147.177.8443: Flags [.], ack 1, win 502, options [nop,nop,TS val 1506215387 ecr 37988655], length 0
133900.248: [13:39:00]13:39:00.177406 ens3  Out IP 172.16.208.2.56109 > 221.225.147.177.8443: Flags [P.], seq 1:1857, ack 1, win 502, options [nop,nop,TS val 1506215387 ecr 37988655], length 1856
133900.248: [13:39:00]13:39:00.194117 ens3  In  IP 221.225.147.177.8443 > 172.16.208.2.56109: Flags [.], ack 1, win 469, options [nop,nop,TS val 37988673 ecr 1506215387,nop,nop,sack 1 {1269:1857}], length 0
133900.248: [13:39:00]13:39:00.194131 ens3  In  IP 221.225.147.177.8443 > 172.16.208.2.56109: Flags [.], ack 1857, win 514, options [nop,nop,TS val 37988673 ecr 1506215387], length 0
133900.249: [13:39:00]13:39:00.194751 ens3  In  IP 221.225.147.177.8443 > 172.16.208.2.56109: Flags [P.], seq 1:100, ack 1857, win 514, options [nop,nop,TS val 37988674 ecr 1506215387], length 99
133900.249: [13:39:00]13:39:00.194757 ens3  Out IP 172.16.208.2.56109 > 221.225.147.177.8443: Flags [.], ack 100, win 502, options [nop,nop,TS val 1506215404 ecr 37988674], length 0
133900.264: [13:39:00]13:39:00.200133 ens3  Out IP 172.16.208.2.56109 > 221.225.147.177.8443: Flags [P.], seq 1857:2527, ack 100, win 502, options [nop,nop,TS val 1506215409 ecr 37988674], length 670
133900.264: [13:39:00]13:39:00.220268 ens3  In  IP 221.225.147.177.8443 > 172.16.208.2.56109: Flags [P.], seq 100:368, ack 2527, win 559, options [nop,nop,TS val 37988699 ecr 1506215409], length 268
133900.334: [13:39:00]13:39:00.225479 ens3  Out IP 172.16.208.2.56109 > 221.225.147.177.8443: Flags [P.], seq 2527:2551, ack 368, win 501, options [nop,nop,TS val 1506215435 ecr 37988699], length 24
133900.334: [13:39:00]13:39:00.225518 ens3  Out IP 172.16.208.2.56109 > 221.225.147.177.8443: Flags [F.], seq 2551, ack 368, win 501, options [nop,nop,TS val 1506215435 ecr 37988699], length 0
133900.335: [13:39:00]13:39:00.243101 ens3  In  IP 221.225.147.177.8443 > 172.16.208.2.56109: Flags [F.], seq 368, ack 2552, win 559, options [nop,nop,TS val 37988722 ecr 1506215435], length 0
133900.335: [13:39:00]13:39:00.243119 ens3  Out IP 172.16.208.2.56109 > 221.225.147.177.8443: Flags [.], ack 369, win 501, options [nop,nop,TS val 1506215452 ecr 37988722], length 0
133900.335: [13:39:00]13:39:00.260380 ens3  Out IP 172.16.208.2.33375 > 221.225.147.177.8443: Flags [S], seq 1240649766, win 64240, options [mss 1460,sackOK,TS val 1506215470 ecr 0,nop,wscale 7], length 0
133900.336: [13:39:00]13:39:00.281243 ens3  In  IP 221.225.147.177.8443 > 172.16.208.2.33375: Flags [S.], seq 3938383069, ack 1240649767, win 28800, options [mss 1280,sackOK,TS val 37988758 ecr 1506215470,no133900.336: p,wscale 6], length 0
133900.336: [13:39:00]13:39:00.281265 ens3  Out IP 172.16.208.2.33375 > 221.225.147.177.8443: Flags [.], ack 1, win 502, options [nop,nop,TS val 1506215491 ecr 37988758], length 0
133900.337: [13:39:00]13:39:00.281409 ens3  Out IP 172.16.208.2.33375 > 221.225.147.177.8443: Flags [P.], seq 1:1762, ack 1, win 502, options [nop,nop,TS val 1506215491 ecr 37988758], length 1761
133900.337: [13:39:00]13:39:00.301517 ens3  In  IP 221.225.147.177.8443 > 172.16.208.2.33375: Flags [.], ack 1269, win 495, options [nop,nop,TS val 37988778 ecr 1506215491], length 0
133900.338: [13:39:00]13:39:00.301522 ens3  In  IP 221.225.147.177.8443 > 172.16.208.2.33375: Flags [.], ack 1762, win 535, options [nop,nop,TS val 37988778 ecr 1506215491], length 0
133900.338: [13:39:00]13:39:00.302199 ens3  In  IP 221.225.147.177.8443 > 172.16.208.2.33375: Flags [P.], seq 1:100, ack 1762, win 535, options [nop,nop,TS val 37988779 ecr 1506215491], length 99
133900.339: [13:39:00]13:39:00.302203 ens3  Out IP 172.16.208.2.33375 > 221.225.147.177.8443: Flags [.], ack 100, win 502, options [nop,nop,TS val 1506215512 ecr 37988779], length 0
133900.339: [13:39:00]13:39:00.307557 ens3  Out IP 172.16.208.2.33375 > 221.225.147.177.8443: Flags [P.], seq 1762:2337, ack 100, win 502, options [nop,nop,TS val 1506215517 ecr 37988779], length 575
133900.437: [13:39:00]13:39:00.328169 ens3  Out IP 172.16.208.2.54661 > 221.225.147.177.8443: Flags [S], seq 1198631953, win 64240, options [mss 1460,sackOK,TS val 1506215537 ecr 0,nop,wscale 7], length 0
133900.437: [13:39:00]13:39:00.349117 ens3  In  IP 221.225.147.177.8443 > 172.16.208.2.33375: Flags [.], seq 100:1368, ack 2337, win 575, options [nop,nop,TS val 37988825 ecr 1506215517], length 1268
133900.438: [13:39:00]13:39:00.349151 ens3  In  IP 221.225.147.177.8443 > 172.16.208.2.33375: Flags [P.], seq 1368:2105, ack 2337, win 575, options [nop,nop,TS val 37988825 ecr 1506215517], length 737
133900.438: [13:39:00]13:39:00.349177 ens3  Out IP 172.16.208.2.33375 > 221.225.147.177.8443: Flags [.], ack 2105, win 501, options [nop,nop,TS val 1506215559 ecr 37988825], length 0
133900.455: [13:39:00]13:39:00.349476 ens3  In  IP 221.225.147.177.8443 > 172.16.208.2.54661: Flags [S.], seq 1894232859, ack 1198631954, win 28800, options [mss 1280,sackOK,TS val 37988825 ecr 1506215537,no133900.455: p,wscale 6], length 0
133900.455: [13:39:00]13:39:00.349510 ens3  Out IP 172.16.208.2.54661 > 221.225.147.177.8443: Flags [.], ack 1, win 502, options [nop,nop,TS val 1506215559 ecr 37988825], length 0
133900.455: [13:39:00]13:39:00.349710 ens3  Out IP 172.16.208.2.54661 > 221.225.147.177.8443: Flags [P.], seq 1:1826, ack 1, win 502, options [nop,nop,TS val 1506215559 ecr 37988825], length 1825
133900.456: [13:39:00]13:39:00.355792 ens3  Out IP 172.16.208.2.33375 > 221.225.147.177.8443: Flags [P.], seq 2337:2411, ack 2105, win 501, options [nop,nop,TS val 1506215565 ecr 37988825], length 74
133900.456: [13:39:00]13:39:00.355986 ens3  Out IP 172.16.208.2.33375 > 221.225.147.177.8443: Flags [P.], seq 2411:3219, ack 2105, win 501, options [nop,nop,TS val 1506215565 ecr 37988825], length 808
133900.456: [13:39:00]13:39:00.371652 ens3  In  IP 221.225.147.177.8443 > 172.16.208.2.54661: Flags [.], ack 1, win 468, options [nop,nop,TS val 37988848 ecr 1506215559,nop,nop,sack 1 {1269:1826}], length 0
133900.456: [13:39:00]13:39:00.371665 ens3  In  IP 221.225.147.177.8443 > 172.16.208.2.54661: Flags [.], ack 1826, win 513, options [nop,nop,TS val 37988848 ecr 1506215559], length 0
133900.456: [13:39:00]13:39:00.376575 ens3  In  IP 221.225.147.177.8443 > 172.16.208.2.33375: Flags [P.], seq 2105:2184, ack 3219, win 620, options [nop,nop,TS val 37988853 ecr 1506215565], length 79
133900.457: [13:39:00]13:39:00.416643 ens3  Out IP 172.16.208.2.33375 > 221.225.147.177.8443: Flags [.], ack 2184, win 501, options [nop,nop,TS val 1506215626 ecr 37988853], length 0
133900.457: [13:39:00]13:39:00.417927 ens3  In  IP 221.225.147.177.8443 > 172.16.208.2.33375: Flags [.], seq 2184:3452, ack 3219, win 620, options [nop,nop,TS val 37988894 ecr 1506215565], length 1268
133900.457: [13:39:00]13:39:00.417941 ens3  Out IP 172.16.208.2.33375 > 221.225.147.177.8443: Flags [.], ack 3452, win 501, options [nop,nop,TS val 1506215627 ecr 37988894], length 0
133900.457: [13:39:00]13:39:00.418206 ens3  In  IP 221.225.147.177.8443 > 172.16.208.2.33375: Flags [.], seq 3452:4720, ack 3219, win 620, options [nop,nop,TS val 37988895 ecr 1506215565], length 1268
133900.457: [13:39:00]13:39:00.418215 ens3  Out IP 172.16.208.2.33375 > 221.225.147.177.8443: Flags [.], ack 4720, win 501, options [nop,nop,TS val 1506215628 ecr 37988895], length 0
133900.458: [13:39:00]13:39:00.418249 ens3  In  IP 221.225.147.177.8443 > 172.16.208.2.33375: Flags [.], seq 5988:7256, ack 3219, win 620, options [nop,nop,TS val 37988895 ecr 1506215565], length 1268
133900.458: [13:39:00]13:39:00.418256 ens3  Out IP 172.16.208.2.33375 > 221.225.147.177.8443: Flags [.], ack 4720, win 501, options [nop,nop,TS val 1506215628 ecr 37988895,nop,nop,sack 1 {5988:7256}], length133900.458:  0
133900.458: [13:39:00]13:39:00.418455 ens3  In  IP 221.225.147.177.8443 > 172.16.208.2.33375: Flags [.], seq 4720:5988, ack 3219, win 620, options [nop,nop,TS val 37988895 ecr 1506215565], length 1268
133900.458: [13:39:00]13:39:00.418467 ens3  Out IP 172.16.208.2.33375 > 221.225.147.177.8443: Flags [.], ack 7256, win 492, options [nop,nop,TS val 1506215628 ecr 37988895], length 0
133900.458: [13:39:00]13:39:00.418633 ens3  In  IP 221.225.147.177.8443 > 172.16.208.2.33375: Flags [.], seq 7256:11060, ack 3219, win 620, options [nop,nop,TS val 37988895 ecr 1506215565], length 3804
133900.459: [13:39:00]13:39:00.418641 ens3  Out IP 172.16.208.2.33375 > 221.225.147.177.8443: Flags [.], ack 11060, win 491, options [nop,nop,TS val 1506215628 ecr 37988895], length 0
133900.459: [13:39:00]13:39:00.418796 ens3  In  IP 221.225.147.177.8443 > 172.16.208.2.33375: Flags [.], seq 11060:12328, ack 3219, win 620, options [nop,nop,TS val 37988895 ecr 1506215565], length 1268
133900.459: [13:39:00]13:39:00.418805 ens3  Out IP 172.16.208.2.33375 > 221.225.147.177.8443: Flags [.], ack 12328, win 501, options [nop,nop,TS val 1506215628 ecr 37988895], length 0
133900.459: [13:39:00]13:39:00.418954 ens3  In  IP 221.225.147.177.8443 > 172.16.208.2.33375: Flags [.], seq 12328:13596, ack 3219, win 620, options [nop,nop,TS val 37988895 ecr 1506215565], length 1268
133900.459: [13:39:00]13:39:00.418961 ens3  Out IP 172.16.208.2.33375 > 221.225.147.177.8443: Flags [.], ack 13596, win 501, options [nop,nop,TS val 1506215628 ecr 37988895], length 0
133900.460: [13:39:00]13:39:00.424476 ens3  In  IP 221.225.147.177.8443 > 172.16.208.2.54661: Flags [P.], seq 1:100, ack 1826, win 513, options [nop,nop,TS val 37988901 ecr 1506215559], length 99
133900.460: [13:39:00]13:39:00.424494 ens3  Out IP 172.16.208.2.54661 > 221.225.147.177.8443: Flags [.], ack 100, win 502, options [nop,nop,TS val 1506215634 ecr 37988901], length 0
133900.542: [13:39:00]13:39:00.435000 ens3  Out IP 172.16.208.2.54661 > 221.225.147.177.8443: Flags [P.], seq 1826:2465, ack 100, win 502, options [nop,nop,TS val 1506215644 ecr 37988901], length 639
133900.543: [13:39:00]13:39:00.436237 ens3  In  IP 221.225.147.177.8443 > 172.16.208.2.33375: Flags [.], seq 13596:14864, ack 3219, win 620, options [nop,nop,TS val 37988913 ecr 1506215626], length 1268
133900.543: [13:39:00]13:39:00.436243 ens3  Out IP 172.16.208.2.33375 > 221.225.147.177.8443: Flags [.], ack 14864, win 501, options [nop,nop,TS val 1506215646 ecr 37988913], length 0
133900.544: [13:39:00]13:39:00.436402 ens3  In  IP 221.225.147.177.8443 > 172.16.208.2.33375: Flags [.], seq 14864:16132, ack 3219, win 620, options [nop,nop,TS val 37988913 ecr 1506215626], length 1268
133900.544: [13:39:00]13:39:00.436412 ens3  Out IP 172.16.208.2.33375 > 221.225.147.177.8443: Flags [.], ack 16132, win 501, options [nop,nop,TS val 1506215646 ecr 37988913], length 0
133900.545: [13:39:00]13:39:00.436828 ens3  In  IP 221.225.147.177.8443 > 172.16.208.2.33375: Flags [.], seq 16132:17400, ack 3219, win 620, options [nop,nop,TS val 37988914 ecr 1506215627], length 1268
133900.545: [13:39:00]13:39:00.436835 ens3  Out IP 172.16.208.2.33375 > 221.225.147.177.8443: Flags [.], ack 17400, win 501, options [nop,nop,TS val 1506215646 ecr 37988914], length 0
133900.545: [13:39:00]13:39:00.437010 ens3  In  IP 221.225.147.177.8443 > 172.16.208.2.33375: Flags [FP.], seq 17400:18705, ack 3219, win 620, options [nop,nop,TS val 37988914 ecr 1506215627], length 1305
133900.546: [13:39:00]13:39:00.437023 ens3  Out IP 172.16.208.2.33375 > 221.225.147.177.8443: Flags [.], ack 18706, win 501, options [nop,nop,TS val 1506215646 ecr 37988914], length 0
133900.546: [13:39:00]13:39:00.437201 ens3  Out IP 172.16.208.2.33375 > 221.225.147.177.8443: Flags [F.], seq 3219, ack 18706, win 501, options [nop,nop,TS val 1506215647 ecr 37988914], length 0
133900.557: [13:39:00]13:39:00.455525 ens3  In  IP 221.225.147.177.8443 > 172.16.208.2.54661: Flags [.], ack 2465, win 553, options [nop,nop,TS val 37988932 ecr 1506215644], length 0
133900.557: [13:39:00]13:39:00.456080 ens3  In  IP 221.225.147.177.8443 > 172.16.208.2.33375: Flags [.], ack 3220, win 620, options [nop,nop,TS val 37988934 ecr 1506215647], length 0
133900.558: [13:39:00]13:39:00.476011 ens3  In  IP 221.225.147.177.8443 > 172.16.208.2.54661: Flags [.], seq 100:1368, ack 2465, win 553, options [nop,nop,TS val 37988952 ecr 1506215644], length 1268
133900.558: [13:39:00]13:39:00.476043 ens3  In  IP 221.225.147.177.8443 > 172.16.208.2.54661: Flags [P.], seq 1368:2105, ack 2465, win 553, options [nop,nop,TS val 37988952 ecr 1506215644], length 737
133900.558: [13:39:00]13:39:00.476074 ens3  Out IP 172.16.208.2.54661 > 221.225.147.177.8443: Flags [.], ack 2105, win 501, options [nop,nop,TS val 1506215685 ecr 37988952], length 0
133900.558: [13:39:00]13:39:00.485252 ens3  Out IP 172.16.208.2.54661 > 221.225.147.177.8443: Flags [P.], seq 2465:2489, ack 2105, win 501, options [nop,nop,TS val 1506215695 ecr 37988952], length 24
133900.558: [13:39:00]13:39:00.485289 ens3  Out IP 172.16.208.2.54661 > 221.225.147.177.8443: Flags [F.], seq 2489, ack 2105, win 501, options [nop,nop,TS val 1506215695 ecr 37988952], length 0
133900.559: [13:39:00]13:39:00.505857 ens3  In  IP 221.225.147.177.8443 > 172.16.208.2.54661: Flags [F.], seq 2105, ack 2490, win 553, options [nop,nop,TS val 37988982 ecr 1506215695], length 0
133900.559: [13:39:00]13:39:00.505874 ens3  Out IP 172.16.208.2.54661 > 221.225.147.177.8443: Flags [.], ack 2106, win 501, options [nop,nop,TS val 1506215715 ecr 37988982], length 0
133900.646: [13:39:00]13:39:00.557360 ens3  Out IP 172.16.208.2.46079 > 221.225.147.177.8443: Flags [S], seq 4133870168, win 64240, options [mss 1460,sackOK,TS val 1506215767 ecr 0,nop,wscale 7], length 0
133900.647: [13:39:00]13:39:00.575027 ens3  In  IP 221.225.147.177.8443 > 172.16.208.2.46079: Flags [S.], seq 915549935, ack 4133870169, win 28800, options [mss 1280,sackOK,TS val 37989053 ecr 1506215767,nop133900.647: ,wscale 6], length 0
133900.647: [13:39:00]13:39:00.575109 ens3  Out IP 172.16.208.2.46079 > 221.225.147.177.8443: Flags [.], ack 1, win 502, options [nop,nop,TS val 1506215784 ecr 37989053], length 0
133900.648: [13:39:00]13:39:00.575372 ens3  Out IP 172.16.208.2.46079 > 221.225.147.177.8443: Flags [P.], seq 1:1825, ack 1, win 502, options [nop,nop,TS val 1506215785 ecr 37989053], length 1824
133900.648: [13:39:00]13:39:00.592455 ens3  In  IP 221.225.147.177.8443 > 172.16.208.2.46079: Flags [.], ack 1269, win 495, options [nop,nop,TS val 37989071 ecr 1506215785], length 0
133900.648: [13:39:00]13:39:00.592745 ens3  In  IP 221.225.147.177.8443 > 172.16.208.2.46079: Flags [.], ack 1825, win 535, options [nop,nop,TS val 37989071 ecr 1506215785], length 0
133900.649: [13:39:00]13:39:00.593561 ens3  In  IP 221.225.147.177.8443 > 172.16.208.2.46079: Flags [P.], seq 1:100, ack 1825, win 535, options [nop,nop,TS val 37989072 ecr 1506215785], length 99
133900.649: [13:39:00]13:39:00.593568 ens3  Out IP 172.16.208.2.46079 > 221.225.147.177.8443: Flags [.], ack 100, win 502, options [nop,nop,TS val 1506215803 ecr 37989072], length 0
133900.650: [13:39:00]13:39:00.599159 ens3  Out IP 172.16.208.2.46079 > 221.225.147.177.8443: Flags [P.], seq 1825:2463, ack 100, win 502, options [nop,nop,TS val 1506215808 ecr 37989072], length 638
133900.650: [13:39:00]13:39:00.619443 ens3  In  IP 221.225.147.177.8443 > 172.16.208.2.46079: Flags [P.], seq 100:368, ack 2463, win 575, options [nop,nop,TS val 37989098 ecr 1506215808], length 268
133900.650: [13:39:00]13:39:00.626559 ens3  Out IP 172.16.208.2.46079 > 221.225.147.177.8443: Flags [P.], seq 2463:2537, ack 368, win 501, options [nop,nop,TS val 1506215836 ecr 37989098], length 74
133900.650: [13:39:00]13:39:00.626586 ens3  Out IP 172.16.208.2.46079 > 221.225.147.177.8443: Flags [P.], seq 2537:3404, ack 368, win 501, options [nop,nop,TS val 1506215836 ecr 37989098], length 867
133900.755: [13:39:00]13:39:00.643667 ens3  In  IP 221.225.147.177.8443 > 172.16.208.2.46079: Flags [.], ack 2463, win 620, options [nop,nop,TS val 37989122 ecr 1506215808,nop,nop,sack 1 {2537:3404}], length133900.755:  0
133900.755: [13:39:00]13:39:00.643795 ens3  In  IP 221.225.147.177.8443 > 172.16.208.2.46079: Flags [.], ack 3404, win 620, options [nop,nop,TS val 37989122 ecr 1506215836], length 0
133900.756: [13:39:00]13:39:00.644174 ens3  In  IP 221.225.147.177.8443 > 172.16.208.2.46079: Flags [P.], seq 368:447, ack 3404, win 620, options [nop,nop,TS val 37989123 ecr 1506215836], length 79
133900.756: [13:39:00]13:39:00.649083 ens3  In  IP 221.225.147.177.8443 > 172.16.208.2.46079: Flags [.], seq 447:1715, ack 3404, win 620, options [nop,nop,TS val 37989127 ecr 1506215836], length 1268
133900.757: [13:39:00]13:39:00.649091 ens3  Out IP 172.16.208.2.46079 > 221.225.147.177.8443: Flags [.], ack 1715, win 501, options [nop,nop,TS val 1506215858 ecr 37989123], length 0
133900.757: [13:39:00]13:39:00.649610 ens3  In  IP 221.225.147.177.8443 > 172.16.208.2.46079: Flags [.], seq 1715:2983, ack 3404, win 620, options [nop,nop,TS val 37989128 ecr 1506215836], length 1268
133900.758: [13:39:00]13:39:00.650452 ens3  In  IP 221.225.147.177.8443 > 172.16.208.2.46079: Flags [.], seq 2983:4251, ack 3404, win 620, options [nop,nop,TS val 37989129 ecr 1506215836], length 1268
133900.758: [13:39:00]13:39:00.650461 ens3  Out IP 172.16.208.2.46079 > 221.225.147.177.8443: Flags [.], ack 4251, win 501, options [nop,nop,TS val 1506215860 ecr 37989128], length 0
133900.776: [13:39:00]13:39:00.650614 ens3  In  IP 221.225.147.177.8443 > 172.16.208.2.46079: Flags [.], seq 4251:5519, ack 3404, win 620, options [nop,nop,TS val 37989129 ecr 1506215836], length 1268
133900.776: [13:39:00]13:39:00.652263 ens3  In  IP 221.225.147.177.8443 > 172.16.208.2.46079: Flags [.], seq 5519:6787, ack 3404, win 620, options [nop,nop,TS val 37989131 ecr 1506215836], length 1268
133900.776: [13:39:00]13:39:00.652273 ens3  Out IP 172.16.208.2.46079 > 221.225.147.177.8443: Flags [.], ack 6787, win 501, options [nop,nop,TS val 1506215862 ecr 37989129], length 0
133900.777: [13:39:00]13:39:00.652758 ens3  In  IP 221.225.147.177.8443 > 172.16.208.2.46079: Flags [.], seq 6787:8055, ack 3404, win 620, options [nop,nop,TS val 37989131 ecr 1506215836], length 1268
133900.777: [13:39:00]13:39:00.652924 ens3  In  IP 221.225.147.177.8443 > 172.16.208.2.46079: Flags [.], seq 8055:9323, ack 3404, win 620, options [nop,nop,TS val 37989132 ecr 1506215836], length 1268
133900.777: [13:39:00]13:39:00.652931 ens3  Out IP 172.16.208.2.46079 > 221.225.147.177.8443: Flags [.], ack 9323, win 501, options [nop,nop,TS val 1506215862 ecr 37989131], length 0
133900.777: [13:39:00]13:39:00.655529 ens3  In  IP 221.225.147.177.8443 > 172.16.208.2.46079: Flags [.], seq 9323:10591, ack 3404, win 620, options [nop,nop,TS val 37989134 ecr 1506215836], length 1268
133900.777: [13:39:00]13:39:00.656661 ens3  In  IP 221.225.147.177.8443 > 172.16.208.2.46079: Flags [.], seq 10591:11859, ack 3404, win 620, options [nop,nop,TS val 37989136 ecr 1506215836], length 1268
133900.778: [13:39:00]13:39:00.656670 ens3  Out IP 172.16.208.2.46079 > 221.225.147.177.8443: Flags [.], ack 11859, win 501, options [nop,nop,TS val 1506215866 ecr 37989134], length 0
133900.778: [13:39:00]13:39:00.665420 ens3  In  IP 221.225.147.177.8443 > 172.16.208.2.46079: Flags [.], seq 11859:13127, ack 3404, win 620, options [nop,nop,TS val 37989144 ecr 1506215858], length 1268
133900.778: [13:39:00]13:39:00.665569 ens3  In  IP 221.225.147.177.8443 > 172.16.208.2.46079: Flags [.], seq 13127:14395, ack 3404, win 620, options [nop,nop,TS val 37989144 ecr 1506215858], length 1268
133900.778: [13:39:00]13:39:00.665579 ens3  Out IP 172.16.208.2.46079 > 221.225.147.177.8443: Flags [.], ack 14395, win 501, options [nop,nop,TS val 1506215875 ecr 37989144], length 0
133900.778: [13:39:00]13:39:00.665743 ens3  In  IP 221.225.147.177.8443 > 172.16.208.2.46079: Flags [FP.], seq 14395:14732, ack 3404, win 620, options [nop,nop,TS val 37989144 ecr 1506215858], length 337
133900.779: [13:39:00]13:39:00.665976 ens3  Out IP 172.16.208.2.46079 > 221.225.147.177.8443: Flags [F.], seq 3404, ack 14733, win 501, options [nop,nop,TS val 1506215875 ecr 37989144], length 0
133900.779: [13:39:00]13:39:00.683936 ens3  In  IP 221.225.147.177.8443 > 172.16.208.2.46079: Flags [.], ack 3405, win 620, options [nop,nop,TS val 37989162 ecr 1506215875], length 0
133901.482: [13:39:01]^C
133901.482: [13:39:01]106 packets captured
133901.482: [13:39:01]107 packets received by filter
133901.483: [13:39:01]0 packets dropped by kernel
133909.296: [13:39:09][root@172-16-208-2 ~]# tcpdump -i any -n host 221.225.147.177 and port 40014
133909.312: [13:39:09]tcpdump: data link type LINUX_SLL2
133909.322: [13:39:09]tcpdump: verbose output suppressed, use -v[v]... for full protocol decode
133909.322: [13:39:09]listening on any, link-type LINUX_SLL2 (Linux cooked v2), snapshot length 262144 bytes
134156.127: [13:41:56]13:41:56.016222 ens3  Out IP 172.16.208.2.40014 > 221.225.147.177.40014: UDP, length 148
134200.327: [13:42:00]13:42:00.201190 ens3  In  IP 221.225.147.177.40014 > 172.16.208.2.40014: UDP, length 148
134200.327: [13:42:00]13:42:00.201508 ens3  Out IP 172.16.208.2.40014 > 221.225.147.177.40014: UDP, length 92
134200.327: [13:42:00]13:42:00.207241 ens3  In  IP 221.225.147.177.40014 > 172.16.208.2.40014: UDP, length 128
134200.327: [13:42:00]13:42:00.207257 ens3  In  IP 221.225.147.177.40014 > 172.16.208.2.40014: UDP, length 96
134200.328: [13:42:00]13:42:00.207262 ens3  In  IP 221.225.147.177.40014 > 172.16.208.2.40014: UDP, length 96
134200.328: [13:42:00]13:42:00.207273 ens3  In  IP 221.225.147.177.40014 > 172.16.208.2.40014: UDP, length 96
134200.328: [13:42:00]13:42:00.207284 ens3  In  IP 221.225.147.177.40014 > 172.16.208.2.40014: UDP, length 96
134200.328: [13:42:00]13:42:00.207297 ens3  In  IP 221.225.147.177.40014 > 172.16.208.2.40014: UDP, length 96
134200.328: [13:42:00]13:42:00.207308 ens3  In  IP 221.225.147.177.40014 > 172.16.208.2.40014: UDP, length 96
134200.328: [13:42:00]13:42:00.207419 ens3  Out IP 172.16.208.2.40014 > 221.225.147.177.40014: UDP, length 32
134200.328: [13:42:00]13:42:00.207422 ens3  Out IP 172.16.208.2.40014 > 221.225.147.177.40014: UDP, length 128
134200.328: [13:42:00]13:42:00.207777 ens3  In  IP 221.225.147.177.40014 > 172.16.208.2.40014: UDP, length 96
134200.328: [13:42:00]13:42:00.207822 ens3  In  IP 221.225.147.177.40014 > 172.16.208.2.40014: UDP, length 96
134200.328: [13:42:00]13:42:00.207828 ens3  In  IP 221.225.147.177.40014 > 172.16.208.2.40014: UDP, length 128
134200.328: [13:42:00]13:42:00.207838 ens3  In  IP 221.225.147.177.40014 > 172.16.208.2.40014: UDP, length 96
134200.328: [13:42:00]13:42:00.207848 ens3  In  IP 221.225.147.177.40014 > 172.16.208.2.40014: UDP, length 96
134200.328: [13:42:00]13:42:00.207856 ens3  In  IP 221.225.147.177.40014 > 172.16.208.2.40014: UDP, length 96
134200.328: [13:42:00]13:42:00.207879 ens3  In  IP 221.225.147.177.40014 > 172.16.208.2.40014: UDP, length 96
134200.328: [13:42:00]13:42:00.207895 ens3  In  IP 221.225.147.177.40014 > 172.16.208.2.40014: UDP, length 96
134200.328: [13:42:00]13:42:00.207906 ens3  In  IP 221.225.147.177.40014 > 172.16.208.2.40014: UDP, length 96
134200.328: [13:42:00]13:42:00.207913 ens3  In  IP 221.225.147.177.40014 > 172.16.208.2.40014: UDP, length 96
134200.328: [13:42:00]13:42:00.207916 ens3  In  IP 221.225.147.177.40014 > 172.16.208.2.40014: UDP, length 96
134200.328: [13:42:00]13:42:00.207924 ens3  In  IP 221.225.147.177.40014 > 172.16.208.2.40014: UDP, length 128
134200.328: [13:42:00]13:42:00.207933 ens3  In  IP 221.225.147.177.40014 > 172.16.208.2.40014: UDP, length 128
134200.328: [13:42:00]13:42:00.207940 ens3  In  IP 221.225.147.177.40014 > 172.16.208.2.40014: UDP, length 128
134200.328: [13:42:00]13:42:00.207961 ens3  In  IP 221.225.147.177.40014 > 172.16.208.2.40014: UDP, length 128
134200.328: [13:42:00]13:42:00.207978 ens3  In  IP 221.225.147.177.40014 > 172.16.208.2.40014: UDP, length 128
134200.328: [13:42:00]13:42:00.207989 ens3  In  IP 221.225.147.177.40014 > 172.16.208.2.40014: UDP, length 128
134200.329: [13:42:00]13:42:00.207992 ens3  In  IP 221.225.147.177.40014 > 172.16.208.2.40014: UDP, length 128
134200.329: [13:42:00]13:42:00.208030 ens3  In  IP 221.225.147.177.40014 > 172.16.208.2.40014: UDP, length 128
134200.329: [13:42:00]13:42:00.208039 ens3  In  IP 221.225.147.177.40014 > 172.16.208.2.40014: UDP, length 128
134200.329: [13:42:00]13:42:00.208043 ens3  In  IP 221.225.147.177.40014 > 172.16.208.2.40014: UDP, length 128
134200.329: [13:42:00]13:42:00.208064 ens3  In  IP 221.225.147.177.40014 > 172.16.208.2.40014: UDP, length 128
134200.329: [13:42:00]13:42:00.208077 ens3  In  IP 221.225.147.177.40014 > 172.16.208.2.40014: UDP, length 128
134200.329: [13:42:00]13:42:00.208098 ens3  In  IP 221.225.147.177.40014 > 172.16.208.2.40014: UDP, length 128
134200.329: [13:42:00]13:42:00.208111 ens3  In  IP 221.225.147.177.40014 > 172.16.208.2.40014: UDP, length 128
134200.329: [13:42:00]13:42:00.208115 ens3  In  IP 221.225.147.177.40014 > 172.16.208.2.40014: UDP, length 128
134200.329: [13:42:00]13:42:00.208118 ens3  In  IP 221.225.147.177.40014 > 172.16.208.2.40014: UDP, length 128
134200.329: [13:42:00]13:42:00.208123 ens3  In  IP 221.225.147.177.40014 > 172.16.208.2.40014: UDP, length 128
134200.329: [13:42:00]13:42:00.208134 ens3  In  IP 221.225.147.177.40014 > 172.16.208.2.40014: UDP, length 128
134200.329: [13:42:00]13:42:00.208156 ens3  In  IP 221.225.147.177.40014 > 172.16.208.2.40014: UDP, length 128
134200.329: [13:42:00]13:42:00.208167 ens3  In  IP 221.225.147.177.40014 > 172.16.208.2.40014: UDP, length 128
134200.329: [13:42:00]13:42:00.208175 ens3  In  IP 221.225.147.177.40014 > 172.16.208.2.40014: UDP, length 128
134200.329: [13:42:00]13:42:00.208185 ens3  In  IP 221.225.147.177.40014 > 172.16.208.2.40014: UDP, length 128
134200.329: [13:42:00]13:42:00.208189 ens3  In  IP 221.225.147.177.40014 > 172.16.208.2.40014: UDP, length 128
134200.329: [13:42:00]13:42:00.208193 ens3  In  IP 221.225.147.177.40014 > 172.16.208.2.40014: UDP, length 128
134200.329: [13:42:00]13:42:00.208203 ens3  In  IP 221.225.147.177.40014 > 172.16.208.2.40014: UDP, length 128
134200.329: [13:42:00]13:42:00.208212 ens3  In  IP 221.225.147.177.40014 > 172.16.208.2.40014: UDP, length 128
134200.329: [13:42:00]13:42:00.208229 ens3  In  IP 221.225.147.177.40014 > 172.16.208.2.40014: UDP, length 128
134200.329: [13:42:00]13:42:00.208240 ens3  In  IP 221.225.147.177.40014 > 172.16.208.2.40014: UDP, length 128
134200.329: [13:42:00]13:42:00.208248 ens3  In  IP 221.225.147.177.40014 > 172.16.208.2.40014: UDP, length 128
134200.329: [13:42:00]13:42:00.208260 ens3  In  IP 221.225.147.177.40014 > 172.16.208.2.40014: UDP, length 128
134200.329: [13:42:00]13:42:00.208263 ens3  In  IP 221.225.147.177.40014 > 172.16.208.2.40014: UDP, length 128
134200.329: [13:42:00]13:42:00.208268 ens3  In  IP 221.225.147.177.40014 > 172.16.208.2.40014: UDP, length 128
134200.329: [13:42:00]13:42:00.208279 ens3  In  IP 221.225.147.177.40014 > 172.16.208.2.40014: UDP, length 128
134200.329: [13:42:00]13:42:00.208288 ens3  In  IP 221.225.147.177.40014 > 172.16.208.2.40014: UDP, length 128
134200.329: [13:42:00]13:42:00.208309 ens3  In  IP 221.225.147.177.40014 > 172.16.208.2.40014: UDP, length 128
134200.330: [13:42:00]13:42:00.208319 ens3  In  IP 221.225.147.177.40014 > 172.16.208.2.40014: UDP, length 128
134200.330: [13:42:00]13:42:00.208328 ens3  In  IP 221.225.147.177.40014 > 172.16.208.2.40014: UDP, length 128
134200.330: [13:42:00]13:42:00.208335 ens3  In  IP 221.225.147.177.40014 > 172.16.208.2.40014: UDP, length 128
134200.330: [13:42:00]13:42:00.208338 ens3  In  IP 221.225.147.177.40014 > 172.16.208.2.40014: UDP, length 128
134200.330: [13:42:00]13:42:00.208342 ens3  In  IP 221.225.147.177.40014 > 172.16.208.2.40014: UDP, length 128
134200.330: [13:42:00]13:42:00.208352 ens3  In  IP 221.225.147.177.40014 > 172.16.208.2.40014: UDP, length 128
134200.330: [13:42:00]13:42:00.208361 ens3  In  IP 221.225.147.177.40014 > 172.16.208.2.40014: UDP, length 128
134200.330: [13:42:00]13:42:00.208379 ens3  In  IP 221.225.147.177.40014 > 172.16.208.2.40014: UDP, length 128
134200.330: [13:42:00]13:42:00.208389 ens3  In  IP 221.225.147.177.40014 > 172.16.208.2.40014: UDP, length 128
134200.330: [13:42:00]13:42:00.208396 ens3  In  IP 221.225.147.177.40014 > 172.16.208.2.40014: UDP, length 128
134200.330: [13:42:00]13:42:00.208402 ens3  In  IP 221.225.147.177.40014 > 172.16.208.2.40014: UDP, length 128
134200.330: [13:42:00]13:42:00.208405 ens3  In  IP 221.225.147.177.40014 > 172.16.208.2.40014: UDP, length 128
134200.330: [13:42:00]13:42:00.208409 ens3  In  IP 221.225.147.177.40014 > 172.16.208.2.40014: UDP, length 128
134200.330: [13:42:00]13:42:00.208417 ens3  In  IP 221.225.147.177.40014 > 172.16.208.2.40014: UDP, length 128
134200.330: [13:42:00]13:42:00.208425 ens3  In  IP 221.225.147.177.40014 > 172.16.208.2.40014: UDP, length 128
134200.330: [13:42:00]13:42:00.208473 ens3  In  IP 221.225.147.177.40014 > 172.16.208.2.40014: UDP, length 128
134200.330: [13:42:00]13:42:00.208483 ens3  In  IP 221.225.147.177.40014 > 172.16.208.2.40014: UDP, length 128
134200.330: [13:42:00]13:42:00.208490 ens3  In  IP 221.225.147.177.40014 > 172.16.208.2.40014: UDP, length 128
134200.330: [13:42:00]13:42:00.208499 ens3  In  IP 221.225.147.177.40014 > 172.16.208.2.40014: UDP, length 128
134200.330: [13:42:00]13:42:00.208512 ens3  In  IP 221.225.147.177.40014 > 172.16.208.2.40014: UDP, length 128
134200.330: [13:42:00]13:42:00.208523 ens3  In  IP 221.225.147.177.40014 > 172.16.208.2.40014: UDP, length 128
134200.330: [13:42:00]13:42:00.208541 ens3  In  IP 221.225.147.177.40014 > 172.16.208.2.40014: UDP, length 128
134200.330: [13:42:00]13:42:00.208547 ens3  In  IP 221.225.147.177.40014 > 172.16.208.2.40014: UDP, length 128
134200.330: [13:42:00]13:42:00.208552 ens3  In  IP 221.225.147.177.40014 > 172.16.208.2.40014: UDP, length 128
134200.330: [13:42:00]13:42:00.208586 ens3  In  IP 221.225.147.177.40014 > 172.16.208.2.40014: UDP, length 128
134200.330: [13:42:00]13:42:00.208594 ens3  In  IP 221.225.147.177.40014 > 172.16.208.2.40014: UDP, length 128
134200.331: [13:42:00]13:42:00.208600 ens3  In  IP 221.225.147.177.40014 > 172.16.208.2.40014: UDP, length 128
134200.331: [13:42:00]13:42:00.208632 ens3  In  IP 221.225.147.177.40014 > 172.16.208.2.40014: UDP, length 128
134200.331: [13:42:00]13:42:00.208636 ens3  In  IP 221.225.147.177.40014 > 172.16.208.2.40014: UDP, length 128
134200.331: [13:42:00]13:42:00.208645 ens3  In  IP 221.225.147.177.40014 > 172.16.208.2.40014: UDP, length 128
134200.331: [13:42:00]13:42:00.208658 ens3  In  IP 221.225.147.177.40014 > 172.16.208.2.40014: UDP, length 128
134200.331: [13:42:00]13:42:00.208672 ens3  In  IP 221.225.147.177.40014 > 172.16.208.2.40014: UDP, length 128
134200.331: [13:42:00]13:42:00.208684 ens3  In  IP 221.225.147.177.40014 > 172.16.208.2.40014: UDP, length 128
134200.331: [13:42:00]13:42:00.208697 ens3  In  IP 221.225.147.177.40014 > 172.16.208.2.40014: UDP, length 128
134200.331: [13:42:00]13:42:00.208708 ens3  In  IP 221.225.147.177.40014 > 172.16.208.2.40014: UDP, length 128
134200.331: [13:42:00]13:42:00.208729 ens3  In  IP 221.225.147.177.40014 > 172.16.208.2.40014: UDP, length 128
134200.331: [13:42:00]13:42:00.208737 ens3  In  IP 221.225.147.177.40014 > 172.16.208.2.40014: UDP, length 128
134200.331: [13:42:00]13:42:00.208751 ens3  In  IP 221.225.147.177.40014 > 172.16.208.2.40014: UDP, length 128
134200.331: [13:42:00]13:42:00.208756 ens3  In  IP 221.225.147.177.40014 > 172.16.208.2.40014: UDP, length 128
134200.331: [13:42:00]13:42:00.208763 ens3  In  IP 221.225.147.177.40014 > 172.16.208.2.40014: UDP, length 128
134200.331: [13:42:00]13:42:00.208773 ens3  In  IP 221.225.147.177.40014 > 172.16.208.2.40014: UDP, length 128
134200.331: [13:42:00]13:42:00.208782 ens3  In  IP 221.225.147.177.40014 > 172.16.208.2.40014: UDP, length 128
134200.331: [13:42:00]13:42:00.208793 ens3  In  IP 221.225.147.177.40014 > 172.16.208.2.40014: UDP, length 128
134200.331: [13:42:00]13:42:00.208822 ens3  In  IP 221.225.147.177.40014 > 172.16.208.2.40014: UDP, length 128
134200.331: [13:42:00]13:42:00.208826 ens3  In  IP 221.225.147.177.40014 > 172.16.208.2.40014: UDP, length 128
134200.331: [13:42:00]13:42:00.208830 ens3  In  IP 221.225.147.177.40014 > 172.16.208.2.40014: UDP, length 128
134200.331: [13:42:00]13:42:00.208835 ens3  In  IP 221.225.147.177.40014 > 172.16.208.2.40014: UDP, length 128
134200.331: [13:42:00]13:42:00.208844 ens3  In  IP 221.225.147.177.40014 > 172.16.208.2.40014: UDP, length 128
134200.331: [13:42:00]13:42:00.208850 ens3  In  IP 221.225.147.177.40014 > 172.16.208.2.40014: UDP, length 128
134200.331: [13:42:00]13:42:00.208886 ens3  Out IP 172.16.208.2.40014 > 221.225.147.177.40014: UDP, length 80
134200.331: [13:42:00]13:42:00.208901 ens3  Out IP 172.16.208.2.40014 > 221.225.147.177.40014: UDP, length 80
134200.331: [13:42:00]13:42:00.208905 ens3  Out IP 172.16.208.2.40014 > 221.225.147.177.40014: UDP, length 128
134200.331: [13:42:00]13:42:00.208908 ens3  Out IP 172.16.208.2.40014 > 221.225.147.177.40014: UDP, length 80
134200.331: [13:42:00]13:42:00.208911 ens3  Out IP 172.16.208.2.40014 > 221.225.147.177.40014: UDP, length 128
134200.332: [13:42:00]13:42:00.208914 ens3  Out IP 172.16.208.2.40014 > 221.225.147.177.40014: UDP, length 128
134200.332: [13:42:00]13:42:00.208918 ens3  Out IP 172.16.208.2.40014 > 221.225.147.177.40014: UDP, length 128
134200.332: [13:42:00]13:42:00.208921 ens3  Out IP 172.16.208.2.40014 > 221.225.147.177.40014: UDP, length 128
134200.332: [13:42:00]13:42:00.208924 ens3  Out IP 172.16.208.2.40014 > 221.225.147.177.40014: UDP, length 128
134200.332: [13:42:00]13:42:00.208927 ens3  Out IP 172.16.208.2.40014 > 221.225.147.177.40014: UDP, length 128
134200.332: [13:42:00]13:42:00.208929 ens3  Out IP 172.16.208.2.40014 > 221.225.147.177.40014: UDP, length 128
134200.332: [13:42:00]13:42:00.208932 ens3  Out IP 172.16.208.2.40014 > 221.225.147.177.40014: UDP, length 128
134200.332: [13:42:00]13:42:00.208935 ens3  Out IP 172.16.208.2.40014 > 221.225.147.177.40014: UDP, length 128
134200.332: [13:42:00]13:42:00.208938 ens3  Out IP 172.16.208.2.40014 > 221.225.147.177.40014: UDP, length 128
134200.332: [13:42:00]13:42:00.208941 ens3  Out IP 172.16.208.2.40014 > 221.225.147.177.40014: UDP, length 128
134200.332: [13:42:00]13:42:00.208945 ens3  Out IP 172.16.208.2.40014 > 221.225.147.177.40014: UDP, length 128
134200.332: [13:42:00]13:42:00.208950 ens3  Out IP 172.16.208.2.40014 > 221.225.147.177.40014: UDP, length 128
134200.332: [13:42:00]13:42:00.208953 ens3  Out IP 172.16.208.2.40014 > 221.225.147.177.40014: UDP, length 128
134200.332: [13:42:00]13:42:00.208955 ens3  Out IP 172.16.208.2.40014 > 221.225.147.177.40014: UDP, length 128
134200.332: [13:42:00]13:42:00.208958 ens3  Out IP 172.16.208.2.40014 > 221.225.147.177.40014: UDP, length 128
134200.332: [13:42:00]13:42:00.208961 ens3  Out IP 172.16.208.2.40014 > 221.225.147.177.40014: UDP, length 128
134200.332: [13:42:00]13:42:00.208964 ens3  Out IP 172.16.208.2.40014 > 221.225.147.177.40014: UDP, length 128
134200.332: [13:42:00]13:42:00.208966 ens3  Out IP 172.16.208.2.40014 > 221.225.147.177.40014: UDP, length 128
134200.332: [13:42:00]13:42:00.208969 ens3  Out IP 172.16.208.2.40014 > 221.225.147.177.40014: UDP, length 128
134200.332: [13:42:00]13:42:00.208972 ens3  Out IP 172.16.208.2.40014 > 221.225.147.177.40014: UDP, length 128
134200.332: [13:42:00]13:42:00.208975 ens3  Out IP 172.16.208.2.40014 > 221.225.147.177.40014: UDP, length 128
134200.332: [13:42:00]13:42:00.208978 ens3  Out IP 172.16.208.2.40014 > 221.225.147.177.40014: UDP, length 128
134200.333: [13:42:00]13:42:00.208981 ens3  Out IP 172.16.208.2.40014 > 221.225.147.177.40014: UDP, length 128
134200.333: [13:42:00]13:42:00.208984 ens3  Out IP 172.16.208.2.40014 > 221.225.147.177.40014: UDP, length 128
134200.333: [13:42:00]13:42:00.208987 ens3  Out IP 172.16.208.2.40014 > 221.225.147.177.40014: UDP, length 128
134200.333: [13:42:00]13:42:00.208990 ens3  Out IP 172.16.208.2.40014 > 221.225.147.177.40014: UDP, length 128
134200.333: [13:42:00]13:42:00.208993 ens3  Out IP 172.16.208.2.40014 > 221.225.147.177.40014: UDP, length 128
134200.333: [13:42:00]13:42:00.208995 ens3  Out IP 172.16.208.2.40014 > 221.225.147.177.40014: UDP, length 128
134200.333: [13:42:00]13:42:00.208998 ens3  Out IP 172.16.208.2.40014 > 221.225.147.177.40014: UDP, length 128
134200.333: [13:42:00]13:42:00.209001 ens3  Out IP 172.16.208.2.40014 > 221.225.147.177.40014: UDP, length 128
134200.333: [13:42:00]13:42:00.209004 ens3  Out IP 172.16.208.2.40014 > 221.225.147.177.40014: UDP, length 128
134200.333: [13:42:00]13:42:00.209007 ens3  Out IP 172.16.208.2.40014 > 221.225.147.177.40014: UDP, length 128
134200.333: [13:42:00]13:42:00.209010 ens3  Out IP 172.16.208.2.40014 > 221.225.147.177.40014: UDP, length 128
134200.333: [13:42:00]13:42:00.209012 ens3  Out IP 172.16.208.2.40014 > 221.225.147.177.40014: UDP, length 128
134200.333: [13:42:00]13:42:00.209015 ens3  Out IP 172.16.208.2.40014 > 221.225.147.177.40014: UDP, length 128
134200.333: [13:42:00]13:42:00.209018 ens3  Out IP 172.16.208.2.40014 > 221.225.147.177.40014: UDP, length 128
134200.333: [13:42:00]13:42:00.209021 ens3  Out IP 172.16.208.2.40014 > 221.225.147.177.40014: UDP, length 128
134200.333: [13:42:00]13:42:00.209023 ens3  Out IP 172.16.208.2.40014 > 221.225.147.177.40014: UDP, length 128
134200.333: [13:42:00]13:42:00.209026 ens3  Out IP 172.16.208.2.40014 > 221.225.147.177.40014: UDP, length 128
134200.333: [13:42:00]13:42:00.209029 ens3  Out IP 172.16.208.2.40014 > 221.225.147.177.40014: UDP, length 128
134200.333: [13:42:00]13:42:00.209031 ens3  Out IP 172.16.208.2.40014 > 221.225.147.177.40014: UDP, length 128
134200.333: [13:42:00]13:42:00.209035 ens3  Out IP 172.16.208.2.40014 > 221.225.147.177.40014: UDP, length 128
134200.333: [13:42:00]13:42:00.209039 ens3  Out IP 172.16.208.2.40014 > 221.225.147.177.40014: UDP, length 128
134200.333: [13:42:00]13:42:00.209041 ens3  Out IP 172.16.208.2.40014 > 221.225.147.177.40014: UDP, length 128
134200.333: [13:42:00]13:42:00.209044 ens3  Out IP 172.16.208.2.40014 > 221.225.147.177.40014: UDP, length 128
134200.333: [13:42:00]13:42:00.209047 ens3  Out IP 172.16.208.2.40014 > 221.225.147.177.40014: UDP, length 128
134200.334: [13:42:00]13:42:00.209049 ens3  Out IP 172.16.208.2.40014 > 221.225.147.177.40014: UDP, length 80
134200.334: [13:42:00]13:42:00.209051 ens3  Out IP 172.16.208.2.40014 > 221.225.147.177.40014: UDP, length 80
134200.334: [13:42:00]13:42:00.209054 ens3  Out IP 172.16.208.2.40014 > 221.225.147.177.40014: UDP, length 80
134200.334: [13:42:00]13:42:00.209057 ens3  Out IP 172.16.208.2.40014 > 221.225.147.177.40014: UDP, length 128
134200.334: [13:42:00]13:42:00.209060 ens3  Out IP 172.16.208.2.40014 > 221.225.147.177.40014: UDP, length 128
134200.334: [13:42:00]13:42:00.209062 ens3  Out IP 172.16.208.2.40014 > 221.225.147.177.40014: UDP, length 128
134200.334: [13:42:00]13:42:00.209065 ens3  Out IP 172.16.208.2.40014 > 221.225.147.177.40014: UDP, length 128
134200.334: [13:42:00]13:42:00.209067 ens3  Out IP 172.16.208.2.40014 > 221.225.147.177.40014: UDP, length 128
134200.334: [13:42:00]13:42:00.209070 ens3  Out IP 172.16.208.2.40014 > 221.225.147.177.40014: UDP, length 128
134200.334: [13:42:00]13:42:00.209072 ens3  Out IP 172.16.208.2.40014 > 221.225.147.177.40014: UDP, length 128
134200.334: [13:42:00]13:42:00.209075 ens3  Out IP 172.16.208.2.40014 > 221.225.147.177.40014: UDP, length 128
134200.334: [13:42:00]13:42:00.209077 ens3  Out IP 172.16.208.2.40014 > 221.225.147.177.40014: UDP, length 128
134200.334: [13:42:00]13:42:00.209080 ens3  Out IP 172.16.208.2.40014 > 221.225.147.177.40014: UDP, length 128
134200.334: [13:42:00]13:42:00.209083 ens3  Out IP 172.16.208.2.40014 > 221.225.147.177.40014: UDP, length 128
134200.334: [13:42:00]13:42:00.209085 ens3  Out IP 172.16.208.2.40014 > 221.225.147.177.40014: UDP, length 128
134200.334: [13:42:00]13:42:00.209088 ens3  Out IP 172.16.208.2.40014 > 221.225.147.177.40014: UDP, length 128
134200.334: [13:42:00]13:42:00.209091 ens3  Out IP 172.16.208.2.40014 > 221.225.147.177.40014: UDP, length 128
134200.334: [13:42:00]13:42:00.209093 ens3  Out IP 172.16.208.2.40014 > 221.225.147.177.40014: UDP, length 128
134200.334: [13:42:00]13:42:00.209096 ens3  Out IP 172.16.208.2.40014 > 221.225.147.177.40014: UDP, length 128
134200.334: [13:42:00]13:42:00.209098 ens3  Out IP 172.16.208.2.40014 > 221.225.147.177.40014: UDP, length 128
134200.334: [13:42:00]13:42:00.209101 ens3  Out IP 172.16.208.2.40014 > 221.225.147.177.40014: UDP, length 128
134200.334: [13:42:00]13:42:00.209103 ens3  Out IP 172.16.208.2.40014 > 221.225.147.177.40014: UDP, length 128
134200.334: [13:42:00]13:42:00.209106 ens3  Out IP 172.16.208.2.40014 > 221.225.147.177.40014: UDP, length 128
134200.334: [13:42:00]13:42:00.209108 ens3  Out IP 172.16.208.2.40014 > 221.225.147.177.40014: UDP, length 128
134200.334: [13:42:00]13:42:00.209110 ens3  Out IP 172.16.208.2.40014 > 221.225.147.177.40014: UDP, length 128
134200.335: [13:42:00]13:42:00.209113 ens3  Out IP 172.16.208.2.40014 > 221.225.147.177.40014: UDP, length 128
134200.335: [13:42:00]13:42:00.209115 ens3  Out IP 172.16.208.2.40014 > 221.225.147.177.40014: UDP, length 128
134200.335: [13:42:00]13:42:00.209118 ens3  Out IP 172.16.208.2.40014 > 221.225.147.177.40014: UDP, length 128
134200.335: [13:42:00]13:42:00.209425 ens3  In  IP 221.225.147.177.40014 > 172.16.208.2.40014: UDP, length 128
134200.335: [13:42:00]13:42:00.209440 ens3  In  IP 221.225.147.177.40014 > 172.16.208.2.40014: UDP, length 128
134200.335: [13:42:00]13:42:00.209450 ens3  In  IP 221.225.147.177.40014 > 172.16.208.2.40014: UDP, length 128
134200.335: [13:42:00]13:42:00.209453 ens3  In  IP 221.225.147.177.40014 > 172.16.208.2.40014: UDP, length 128
134200.335: [13:42:00]13:42:00.209462 ens3  In  IP 221.225.147.177.40014 > 172.16.208.2.40014: UDP, length 128
134200.335: [13:42:00]13:42:00.209470 ens3  In  IP 221.225.147.177.40014 > 172.16.208.2.40014: UDP, length 128
134200.336: [13:42:00]13:42:00.209480 ens3  In  IP 221.225.147.177.40014 > 172.16.208.2.40014: UDP, length 128
134200.336: [13:42:00]13:42:00.209492 ens3  In  IP 221.225.147.177.40014 > 172.16.208.2.40014: UDP, length 128
134200.336: [13:42:00]13:42:00.209513 ens3  In  IP 221.225.147.177.40014 > 172.16.208.2.40014: UDP, length 128
134200.336: [13:42:00]13:42:00.209516 ens3  In  IP 221.225.147.177.40014 > 172.16.208.2.40014: UDP, length 128
134200.336: [13:42:00]13:42:00.209522 ens3  In  IP 221.225.147.177.40014 > 172.16.208.2.40014: UDP, length 128
134200.336: [13:42:00]13:42:00.209525 ens3  In  IP 221.225.147.177.40014 > 172.16.208.2.40014: UDP, length 128
134200.336: [13:42:00]13:42:00.209533 ens3  In  IP 221.225.147.177.40014 > 172.16.208.2.40014: UDP, length 128
134200.336: [13:42:00]13:42:00.209540 ens3  In  IP 221.225.147.177.40014 > 172.16.208.2.40014: UDP, length 128
134200.336: [13:42:00]13:42:00.209549 ens3  In  IP 221.225.147.177.40014 > 172.16.208.2.40014: UDP, length 128
134200.336: [13:42:00]13:42:00.209562 ens3  In  IP 221.225.147.177.40014 > 172.16.208.2.40014: UDP, length 128
134200.337: [13:42:00]13:42:00.209583 ens3  In  IP 221.225.147.177.40014 > 172.16.208.2.40014: UDP, length 128
134200.337: [13:42:00]13:42:00.209586 ens3  In  IP 221.225.147.177.40014 > 172.16.208.2.40014: UDP, length 128
134200.337: [13:42:00]13:42:00.209598 ens3  In  IP 221.225.147.177.40014 > 172.16.208.2.40014: UDP, length 128
134200.337: [13:42:00]13:42:00.209602 ens3  In  IP 221.225.147.177.40014 > 172.16.208.2.40014: UDP, length 128
134200.337: [13:42:00]13:42:00.209614 ens3  In  IP 221.225.147.177.40014 > 172.16.208.2.40014: UDP, length 128
134200.337: [13:42:00]13:42:00.209622 ens3  In  IP 221.225.147.177.40014 > 172.16.208.2.40014: UDP, length 128
134200.337: [13:42:00]13:42:00.209629 ens3  In  IP 221.225.147.177.40014 > 172.16.208.2.40014: UDP, length 128
134200.337: [13:42:00]13:42:00.209634 ens3  In  IP 221.225.147.177.40014 > 172.16.208.2.40014: UDP, length 128
134200.337: [13:42:00]13:42:00.209652 ens3  In  IP 221.225.147.177.40014 > 172.16.208.2.40014: UDP, length 128
134200.337: [13:42:00]13:42:00.209656 ens3  In  IP 221.225.147.177.40014 > 172.16.208.2.40014: UDP, length 128
134200.337: [13:42:00]13:42:00.209667 ens3  In  IP 221.225.147.177.40014 > 172.16.208.2.40014: UDP, length 128
134200.338: [13:42:00]13:42:00.209681 ens3  Out IP 172.16.208.2.40014 > 221.225.147.177.40014: UDP, length 128
134200.338: [13:42:00]13:42:00.209692 ens3  Out IP 172.16.208.2.40014 > 221.225.147.177.40014: UDP, length 128
134200.338: [13:42:00]13:42:00.209697 ens3  Out IP 172.16.208.2.40014 > 221.225.147.177.40014: UDP, length 128
134200.338: [13:42:00]13:42:00.209700 ens3  Out IP 172.16.208.2.40014 > 221.225.147.177.40014: UDP, length 128
134200.338: [13:42:00]13:42:00.209702 ens3  Out IP 172.16.208.2.40014 > 221.225.147.177.40014: UDP, length 128
134200.338: [13:42:00]13:42:00.209703 ens3  Out IP 172.16.208.2.40014 > 221.225.147.177.40014: UDP, length 128
134200.338: [13:42:00]13:42:00.209705 ens3  Out IP 172.16.208.2.40014 > 221.225.147.177.40014: UDP, length 128
134200.338: [13:42:00]13:42:00.209707 ens3  Out IP 172.16.208.2.40014 > 221.225.147.177.40014: UDP, length 128
134200.338: [13:42:00]13:42:00.209710 ens3  Out IP 172.16.208.2.40014 > 221.225.147.177.40014: UDP, length 128
134200.338: [13:42:00]13:42:00.209712 ens3  Out IP 172.16.208.2.40014 > 221.225.147.177.40014: UDP, length 128
134200.338: [13:42:00]13:42:00.209713 ens3  Out IP 172.16.208.2.40014 > 221.225.147.177.40014: UDP, length 128
134200.339: [13:42:00]13:42:00.209715 ens3  Out IP 172.16.208.2.40014 > 221.225.147.177.40014: UDP, length 128
134200.339: [13:42:00]13:42:00.209717 ens3  Out IP 172.16.208.2.40014 > 221.225.147.177.40014: UDP, length 128
134200.339: [13:42:00]13:42:00.209719 ens3  Out IP 172.16.208.2.40014 > 221.225.147.177.40014: UDP, length 128
134200.339: [13:42:00]13:42:00.209721 ens3  Out IP 172.16.208.2.40014 > 221.225.147.177.40014: UDP, length 128
134200.339: [13:42:00]13:42:00.209725 ens3  Out IP 172.16.208.2.40014 > 221.225.147.177.40014: UDP, length 128
134200.339: [13:42:00]13:42:00.209768 ens3  Out IP 172.16.208.2.40014 > 221.225.147.177.40014: UDP, length 128
134200.339: [13:42:00]13:42:00.209803 ens3  Out IP 172.16.208.2.40014 > 221.225.147.177.40014: UDP, length 128
134200.339: [13:42:00]13:42:00.231180 ens3  Out IP 172.16.208.2.40014 > 221.225.147.177.40014: UDP, length 176
134200.339: [13:42:00]13:42:00.233468 ens3  Out IP 172.16.208.2.40014 > 221.225.147.177.40014: UDP, length 128
134200.339: [13:42:00]13:42:00.233756 ens3  Out IP 172.16.208.2.40014 > 221.225.147.177.40014: UDP, length 96
134200.339: [13:42:00]13:42:00.234085 ens3  Out IP 172.16.208.2.40014 > 221.225.147.177.40014: UDP, length 128
134200.339: [13:42:00]13:42:00.234099 ens3  Out IP 172.16.208.2.40014 > 221.225.147.177.40014: UDP, length 96
134200.340: [13:42:00]13:42:00.234101 ens3  Out IP 172.16.208.2.40014 > 221.225.147.177.40014: UDP, length 128
134200.340: [13:42:00]13:42:00.234103 ens3  Out IP 172.16.208.2.40014 > 221.225.147.177.40014: UDP, length 96
134200.340: [13:42:00]13:42:00.234426 ens3  Out IP 172.16.208.2.40014 > 221.225.147.177.40014: UDP, length 128
134200.340: [13:42:00]13:42:00.234632 ens3  Out IP 172.16.208.2.40014 > 221.225.147.177.40014: UDP, length 128
134200.340: [13:42:00]13:42:00.234642 ens3  Out IP 172.16.208.2.40014 > 221.225.147.177.40014: UDP, length 128
134200.340: [13:42:00]13:42:00.234647 ens3  Out IP 172.16.208.2.40014 > 221.225.147.177.40014: UDP, length 96
134200.340: [13:42:00]13:42:00.234649 ens3  Out IP 172.16.208.2.40014 > 221.225.147.177.40014: UDP, length 128
134200.340: [13:42:00]13:42:00.234651 ens3  Out IP 172.16.208.2.40014 > 221.225.147.177.40014: UDP, length 128
134200.340: [13:42:00]13:42:00.234842 ens3  Out IP 172.16.208.2.40014 > 221.225.147.177.40014: UDP, length 128
134200.340: [13:42:00]13:42:00.234949 ens3  Out IP 172.16.208.2.40014 > 221.225.147.177.40014: UDP, length 96
134200.340: [13:42:00]13:42:00.234961 ens3  Out IP 172.16.208.2.40014 > 221.225.147.177.40014: UDP, length 96
134200.341: [13:42:00]13:42:00.235033 ens3  Out IP 172.16.208.2.40014 > 221.225.147.177.40014: UDP, length 96
134200.341: [13:42:00]13:42:00.235041 ens3  Out IP 172.16.208.2.40014 > 221.225.147.177.40014: UDP, length 96
134200.341: [13:42:00]13:42:00.238618 ens3  In  IP 221.225.147.177.40014 > 172.16.208.2.40014: UDP, length 80
134200.341: [13:42:00]13:42:00.238636 ens3  In  IP 221.225.147.177.40014 > 172.16.208.2.40014: UDP, length 80
134200.341: [13:42:00]13:42:00.238646 ens3  In  IP 221.225.147.177.40014 > 172.16.208.2.40014: UDP, length 80
134200.341: [13:42:00]13:42:00.239284 ens3  In  IP 221.225.147.177.40014 > 172.16.208.2.40014: UDP, length 80
134200.341: [13:42:00]13:42:00.239299 ens3  In  IP 221.225.147.177.40014 > 172.16.208.2.40014: UDP, length 80
134200.341: [13:42:00]13:42:00.239310 ens3  In  IP 221.225.147.177.40014 > 172.16.208.2.40014: UDP, length 80
134200.341: [13:42:00]13:42:00.239322 ens3  In  IP 221.225.147.177.40014 > 172.16.208.2.40014: UDP, length 80
134200.341: [13:42:00]13:42:00.239333 ens3  In  IP 221.225.147.177.40014 > 172.16.208.2.40014: UDP, length 80
134200.530: [13:42:00]13:42:00.389112 ens3  In  IP 221.225.147.177.40014 > 172.16.208.2.40014: UDP, length 128
134200.530: [13:42:00]13:42:00.415119 ens3  Out IP 172.16.208.2.40014 > 221.225.147.177.40014: UDP, length 128
134200.914: [13:42:00]13:42:00.807619 ens3  In  IP 221.225.147.177.40014 > 172.16.208.2.40014: UDP, length 128
134200.914: [13:42:00]13:42:00.833506 ens3  Out IP 172.16.208.2.40014 > 221.225.147.177.40014: UDP, length 128
134200.914: [13:42:00]13:42:00.852611 ens3  In  IP 221.225.147.177.40014 > 172.16.208.2.40014: UDP, length 128
134200.914: [13:42:00]13:42:00.878395 ens3  Out IP 172.16.208.2.40014 > 221.225.147.177.40014: UDP, length 128
134201.225: [13:42:01]13:42:01.180961 ens3  Out IP 172.16.208.2.40014 > 221.225.147.177.40014: UDP, length 148
134201.225: [13:42:01]13:42:01.204061 ens3  In  IP 221.225.147.177.40014 > 172.16.208.2.40014: UDP, length 128
134201.225: [13:42:01]13:42:01.204214 ens3  Out IP 172.16.208.2.40014 > 221.225.147.177.40014: UDP, length 128
134202.296: [13:42:02]13:42:02.204948 ens3  In  IP 221.225.147.177.40014 > 172.16.208.2.40014: UDP, length 128
134202.296: [13:42:02]13:42:02.205103 ens3  Out IP 172.16.208.2.40014 > 221.225.147.177.40014: UDP, length 128
134203.218: [13:42:03]13:42:03.208390 ens3  In  IP 221.225.147.177.40014 > 172.16.208.2.40014: UDP, length 128
134203.218: [13:42:03]13:42:03.208553 ens3  Out IP 172.16.208.2.40014 > 221.225.147.177.40014: UDP, length 128
134203.336: [13:42:03]13:42:03.228796 ens3  Out IP 172.16.208.2.40014 > 221.225.147.177.40014: UDP, length 112
134203.336: [13:42:03]13:42:03.228806 ens3  Out IP 172.16.208.2.40014 > 221.225.147.177.40014: UDP, length 112
134203.336: [13:42:03]13:42:03.228808 ens3  Out IP 172.16.208.2.40014 > 221.225.147.177.40014: UDP, length 112
134203.336: [13:42:03]13:42:03.228810 ens3  Out IP 172.16.208.2.40014 > 221.225.147.177.40014: UDP, length 112
134203.337: [13:42:03]13:42:03.228812 ens3  Out IP 172.16.208.2.40014 > 221.225.147.177.40014: UDP, length 112
134203.337: [13:42:03]13:42:03.228814 ens3  Out IP 172.16.208.2.40014 > 221.225.147.177.40014: UDP, length 112
134203.337: [13:42:03]13:42:03.232707 ens3  Out IP 172.16.208.2.40014 > 221.225.147.177.40014: UDP, length 112
134203.337: [13:42:03]13:42:03.232720 ens3  Out IP 172.16.208.2.40014 > 221.225.147.177.40014: UDP, length 112
134203.337: [13:42:03]13:42:03.232723 ens3  Out IP 172.16.208.2.40014 > 221.225.147.177.40014: UDP, length 112
134203.337: [13:42:03]13:42:03.232725 ens3  Out IP 172.16.208.2.40014 > 221.225.147.177.40014: UDP, length 112
134204.269: [13:42:04]13:42:04.209352 ens3  In  IP 221.225.147.177.40014 > 172.16.208.2.40014: UDP, length 128
134204.269: [13:42:04]13:42:04.209516 ens3  Out IP 172.16.208.2.40014 > 221.225.147.177.40014: UDP, length 128
134204.584: [13:42:04]13:42:04.493425 ens3  In  IP 221.225.147.177.40014 > 172.16.208.2.40014: UDP, length 112
134204.585: [13:42:04]13:42:04.493456 ens3  In  IP 221.225.147.177.40014 > 172.16.208.2.40014: UDP, length 112
134204.585: [13:42:04]13:42:04.493471 ens3  In  IP 221.225.147.177.40014 > 172.16.208.2.40014: UDP, length 112
134204.585: [13:42:04]13:42:04.493483 ens3  In  IP 221.225.147.177.40014 > 172.16.208.2.40014: UDP, length 112
134204.585: [13:42:04]13:42:04.493644 ens3  Out IP 172.16.208.2.40014 > 221.225.147.177.40014: UDP, length 112
134204.585: [13:42:04]13:42:04.493665 ens3  Out IP 172.16.208.2.40014 > 221.225.147.177.40014: UDP, length 112
134204.585: [13:42:04]13:42:04.493667 ens3  Out IP 172.16.208.2.40014 > 221.225.147.177.40014: UDP, length 112
134204.585: [13:42:04]13:42:04.493671 ens3  Out IP 172.16.208.2.40014 > 221.225.147.177.40014: UDP, length 112
134204.585: [13:42:04]13:42:04.493820 ens3  Out IP 172.16.208.2.40014 > 221.225.147.177.40014: UDP, length 464
134204.585: [13:42:04]13:42:04.493835 ens3  In  IP 221.225.147.177.40014 > 172.16.208.2.40014: UDP, length 112
134204.585: [13:42:04]13:42:04.493844 ens3  In  IP 221.225.147.177.40014 > 172.16.208.2.40014: UDP, length 112
134204.585: [13:42:04]13:42:04.493863 ens3  In  IP 221.225.147.177.40014 > 172.16.208.2.40014: UDP, length 112
134204.585: [13:42:04]13:42:04.493883 ens3  Out IP 172.16.208.2.40014 > 221.225.147.177.40014: UDP, length 464
134204.585: [13:42:04]13:42:04.493925 ens3  Out IP 172.16.208.2.40014 > 221.225.147.177.40014: UDP, length 464
134204.586: [13:42:04]13:42:04.493937 ens3  Out IP 172.16.208.2.40014 > 221.225.147.177.40014: UDP, length 112
134204.586: [13:42:04]13:42:04.493947 ens3  Out IP 172.16.208.2.40014 > 221.225.147.177.40014: UDP, length 112
134204.586: [13:42:04]13:42:04.493949 ens3  Out IP 172.16.208.2.40014 > 221.225.147.177.40014: UDP, length 112
134204.586: [13:42:04]13:42:04.494039 ens3  Out IP 172.16.208.2.40014 > 221.225.147.177.40014: UDP, length 464
134204.586: [13:42:04]13:42:04.494051 ens3  Out IP 172.16.208.2.40014 > 221.225.147.177.40014: UDP, length 464
134204.895: [13:42:04]13:42:04.800850 ens3  In  IP 221.225.147.177.40014 > 172.16.208.2.40014: UDP, length 304
134204.895: [13:42:04]13:42:04.800886 ens3  In  IP 221.225.147.177.40014 > 172.16.208.2.40014: UDP, length 304
134204.895: [13:42:04]13:42:04.800890 ens3  In  IP 221.225.147.177.40014 > 172.16.208.2.40014: UDP, length 304
134204.896: [13:42:04]13:42:04.800901 ens3  In  IP 221.225.147.177.40014 > 172.16.208.2.40014: UDP, length 112
134204.896: [13:42:04]13:42:04.801066 ens3  Out IP 172.16.208.2.40014 > 221.225.147.177.40014: UDP, length 112
134204.896: [13:42:04]13:42:04.801089 ens3  Out IP 172.16.208.2.40014 > 221.225.147.177.40014: UDP, length 112
134204.896: [13:42:04]13:42:04.801092 ens3  Out IP 172.16.208.2.40014 > 221.225.147.177.40014: UDP, length 112
134204.896: [13:42:04]13:42:04.801096 ens3  Out IP 172.16.208.2.40014 > 221.225.147.177.40014: UDP, length 112
134204.896: [13:42:04]13:42:04.801193 ens3  Out IP 172.16.208.2.40014 > 221.225.147.177.40014: UDP, length 192
134204.896: [13:42:04]13:42:04.801207 ens3  Out IP 172.16.208.2.40014 > 221.225.147.177.40014: UDP, length 192
134204.896: [13:42:04]13:42:04.801264 ens3  In  IP 221.225.147.177.40014 > 172.16.208.2.40014: UDP, length 112
134204.896: [13:42:04]13:42:04.801305 ens3  Out IP 172.16.208.2.40014 > 221.225.147.177.40014: UDP, length 112
134204.896: [13:42:04]13:42:04.801358 ens3  Out IP 172.16.208.2.40014 > 221.225.147.177.40014: UDP, length 112
134204.896: [13:42:04]13:42:04.801544 ens3  Out IP 172.16.208.2.40014 > 221.225.147.177.40014: UDP, length 192
134204.897: [13:42:04]13:42:04.801559 ens3  Out IP 172.16.208.2.40014 > 221.225.147.177.40014: UDP, length 192
134204.897: [13:42:04]13:42:04.801618 ens3  Out IP 172.16.208.2.40014 > 221.225.147.177.40014: UDP, length 112
134204.897: [13:42:04]13:42:04.801816 ens3  Out IP 172.16.208.2.40014 > 221.225.147.177.40014: UDP, length 192
134204.897: [13:42:04]13:42:04.801840 ens3  Out IP 172.16.208.2.40014 > 221.225.147.177.40014: UDP, length 192
134204.897: [13:42:04]13:42:04.801876 ens3  Out IP 172.16.208.2.40014 > 221.225.147.177.40014: UDP, length 112
134204.897: [13:42:04]13:42:04.806167 ens3  In  IP 221.225.147.177.40014 > 172.16.208.2.40014: UDP, length 240
134204.897: [13:42:04]13:42:04.806194 ens3  In  IP 221.225.147.177.40014 > 172.16.208.2.40014: UDP, length 240
134204.897: [13:42:04]13:42:04.806296 ens3  In  IP 221.225.147.177.40014 > 172.16.208.2.40014: UDP, length 240
134204.897: [13:42:04]13:42:04.845232 ens3  In  IP 221.225.147.177.40014 > 172.16.208.2.40014: UDP, length 112
134204.897: [13:42:04]13:42:04.852678 ens3  In  IP 221.225.147.177.40014 > 172.16.208.2.40014: UDP, length 240
134204.897: [13:42:04]13:42:04.852696 ens3  In  IP 221.225.147.177.40014 > 172.16.208.2.40014: UDP, length 240
134204.898: [13:42:04]13:42:04.852806 ens3  In  IP 221.225.147.177.40014 > 172.16.208.2.40014: UDP, length 240
134204.898: [13:42:04]13:42:04.853124 ens3  In  IP 221.225.147.177.40014 > 172.16.208.2.40014: UDP, length 112
134205.113: [13:42:05]13:42:04.991274 ens3  Out IP 172.16.208.2.40014 > 221.225.147.177.40014: UDP, length 96
134205.113: [13:42:05]13:42:05.018763 ens3  In  IP 221.225.147.177.40014 > 172.16.208.2.40014: UDP, length 112
134205.113: [13:42:05]13:42:05.018793 ens3  In  IP 221.225.147.177.40014 > 172.16.208.2.40014: UDP, length 112
134205.113: [13:42:05]13:42:05.018856 ens3  In  IP 221.225.147.177.40014 > 172.16.208.2.40014: UDP, length 112
134205.113: [13:42:05]13:42:05.018870 ens3  In  IP 221.225.147.177.40014 > 172.16.208.2.40014: UDP, length 112
134205.113: [13:42:05]13:42:05.018888 ens3  In  IP 221.225.147.177.40014 > 172.16.208.2.40014: UDP, length 112
134205.113: [13:42:05]13:42:05.018920 ens3  Out IP 172.16.208.2.40014 > 221.225.147.177.40014: UDP, length 112
134205.114: [13:42:05]13:42:05.018944 ens3  Out IP 172.16.208.2.40014 > 221.225.147.177.40014: UDP, length 112
134205.114: [13:42:05]13:42:05.018956 ens3  In  IP 221.225.147.177.40014 > 172.16.208.2.40014: UDP, length 112
134205.114: [13:42:05]13:42:05.018978 ens3  In  IP 221.225.147.177.40014 > 172.16.208.2.40014: UDP, length 96
134205.114: [13:42:05]13:42:05.019111 ens3  Out IP 172.16.208.2.40014 > 221.225.147.177.40014: UDP, length 112
134205.114: [13:42:05]13:42:05.019165 ens3  Out IP 172.16.208.2.40014 > 221.225.147.177.40014: UDP, length 96
134205.114: [13:42:05]13:42:05.019347 ens3  Out IP 172.16.208.2.40014 > 221.225.147.177.40014: UDP, length 128
134205.114: [13:42:05]13:42:05.019650 ens3  In  IP 221.225.147.177.40014 > 172.16.208.2.40014: UDP, length 112
134205.114: [13:42:05]13:42:05.023695 ens3  In  IP 221.225.147.177.40014 > 172.16.208.2.40014: UDP, length 96
134205.114: [13:42:05]13:42:05.035776 ens3  In  IP 221.225.147.177.40014 > 172.16.208.2.40014: UDP, length 128
134205.114: [13:42:05]13:42:05.035901 ens3  Out IP 172.16.208.2.40014 > 221.225.147.177.40014: UDP, length 96
134205.114: [13:42:05]13:42:05.043815 ens3  In  IP 221.225.147.177.40014 > 172.16.208.2.40014: UDP, length 1136
134205.114: [13:42:05]13:42:05.043900 ens3  Out IP 172.16.208.2.40014 > 221.225.147.177.40014: UDP, length 96
134205.115: [13:42:05]13:42:05.051792 ens3  Out IP 172.16.208.2.40014 > 221.225.147.177.40014: UDP, length 1392
134205.115: [13:42:05]13:42:05.088451 ens3  In  IP 221.225.147.177.40014 > 172.16.208.2.40014: UDP, length 1312
134205.211: [13:42:05]13:42:05.094466 ens3  Out IP 172.16.208.2.40014 > 221.225.147.177.40014: UDP, length 208
134205.211: [13:42:05]13:42:05.099318 ens3  In  IP 221.225.147.177.40014 > 172.16.208.2.40014: UDP, length 192
134205.211: [13:42:05]13:42:05.104486 ens3  Out IP 172.16.208.2.40014 > 221.225.147.177.40014: UDP, length 208
134205.211: [13:42:05]13:42:05.125928 ens3  In  IP 221.225.147.177.40014 > 172.16.208.2.40014: UDP, length 208
134205.211: [13:42:05]13:42:05.136425 ens3  Out IP 172.16.208.2.40014 > 221.225.147.177.40014: UDP, length 256
134205.211: [13:42:05]13:42:05.188650 ens3  In  IP 221.225.147.177.40014 > 172.16.208.2.40014: UDP, length 96
134205.212: [13:42:05]13:42:05.190841 ens3  In  IP 221.225.147.177.40014 > 172.16.208.2.40014: UDP, length 176
134205.322: [13:42:05]13:42:05.198133 ens3  Out IP 172.16.208.2.40014 > 221.225.147.177.40014: UDP, length 208
134205.322: [13:42:05]13:42:05.202237 ens3  In  IP 221.225.147.177.40014 > 172.16.208.2.40014: UDP, length 96
134205.322: [13:42:05]13:42:05.210654 ens3  In  IP 221.225.147.177.40014 > 172.16.208.2.40014: UDP, length 128
134205.322: [13:42:05]13:42:05.210786 ens3  Out IP 172.16.208.2.40014 > 221.225.147.177.40014: UDP, length 128
134205.323: [13:42:05]13:42:05.218844 ens3  In  IP 221.225.147.177.40014 > 172.16.208.2.40014: UDP, length 304
134205.323: [13:42:05]13:42:05.218980 ens3  Out IP 172.16.208.2.40014 > 221.225.147.177.40014: UDP, length 112
134205.323: [13:42:05]13:42:05.219114 ens3  Out IP 172.16.208.2.40014 > 221.225.147.177.40014: UDP, length 192
134205.323: [13:42:05]13:42:05.219213 ens3  Out IP 172.16.208.2.40014 > 221.225.147.177.40014: UDP, length 192
134205.323: [13:42:05]13:42:05.219257 ens3  Out IP 172.16.208.2.40014 > 221.225.147.177.40014: UDP, length 112
134205.323: [13:42:05]13:42:05.224200 ens3  In  IP 221.225.147.177.40014 > 172.16.208.2.40014: UDP, length 240
134205.323: [13:42:05]13:42:05.229421 ens3  In  IP 221.225.147.177.40014 > 172.16.208.2.40014: UDP, length 784
134205.323: [13:42:05]13:42:05.234160 ens3  Out IP 172.16.208.2.40014 > 221.225.147.177.40014: UDP, length 176
134205.323: [13:42:05]13:42:05.238732 ens3  In  IP 221.225.147.177.40014 > 172.16.208.2.40014: UDP, length 192
134205.323: [13:42:05]13:42:05.243503 ens3  Out IP 172.16.208.2.40014 > 221.225.147.177.40014: UDP, length 288
134205.323: [13:42:05]13:42:05.249677 ens3  In  IP 221.225.147.177.40014 > 172.16.208.2.40014: UDP, length 112
134205.324: [13:42:05]13:42:05.259725 ens3  In  IP 221.225.147.177.40014 > 172.16.208.2.40014: UDP, length 176
134205.324: [13:42:05]13:42:05.264430 ens3  Out IP 172.16.208.2.40014 > 221.225.147.177.40014: UDP, length 192
134205.324: [13:42:05]13:42:05.270161 ens3  In  IP 221.225.147.177.40014 > 172.16.208.2.40014: UDP, length 240
134205.324: [13:42:05]13:42:05.270179 ens3  In  IP 221.225.147.177.40014 > 172.16.208.2.40014: UDP, length 272
134205.324: [13:42:05]13:42:05.270794 ens3  In  IP 221.225.147.177.40014 > 172.16.208.2.40014: UDP, length 640
134205.324: [13:42:05]13:42:05.270903 ens3  Out IP 172.16.208.2.40014 > 221.225.147.177.40014: UDP, length 96
134205.421: [13:42:05]13:42:05.324345 ens3  In  IP 221.225.147.177.40014 > 172.16.208.2.40014: UDP, length 240
134205.421: [13:42:05]13:42:05.364733 ens3  Out IP 172.16.208.2.40014 > 221.225.147.177.40014: UDP, length 96
134205.523: [13:42:05]13:42:05.425224 ens3  In  IP 221.225.147.177.40014 > 172.16.208.2.40014: UDP, length 112
134205.523: [13:42:05]13:42:05.425240 ens3  In  IP 221.225.147.177.40014 > 172.16.208.2.40014: UDP, length 112
134205.523: [13:42:05]13:42:05.425314 ens3  Out IP 172.16.208.2.40014 > 221.225.147.177.40014: UDP, length 112
134206.147: [13:42:06]13:42:06.106558 ens3  Out IP 172.16.208.2.40014 > 221.225.147.177.40014: UDP, length 96
134206.147: [13:42:06]13:42:06.106571 ens3  Out IP 172.16.208.2.40014 > 221.225.147.177.40014: UDP, length 80
134206.148: [13:42:06]13:42:06.106577 ens3  Out IP 172.16.208.2.40014 > 221.225.147.177.40014: UDP, length 96
134206.148: [13:42:06]13:42:06.106668 ens3  Out IP 172.16.208.2.40014 > 221.225.147.177.40014: UDP, length 80
134206.148: [13:42:06]13:42:06.106715 ens3  Out IP 172.16.208.2.40014 > 221.225.147.177.40014: UDP, length 96
134206.148: [13:42:06]13:42:06.106720 ens3  Out IP 172.16.208.2.40014 > 221.225.147.177.40014: UDP, length 80
134206.148: [13:42:06]13:42:06.112881 ens3  Out IP 172.16.208.2.40014 > 221.225.147.177.40014: UDP, length 96
134206.149: [13:42:06]13:42:06.112892 ens3  Out IP 172.16.208.2.40014 > 221.225.147.177.40014: UDP, length 80
134206.149: [13:42:06]13:42:06.118973 ens3  Out IP 172.16.208.2.40014 > 221.225.147.177.40014: UDP, length 96
134206.149: [13:42:06]13:42:06.118983 ens3  Out IP 172.16.208.2.40014 > 221.225.147.177.40014: UDP, length 80
134206.263: [13:42:06]13:42:06.145461 ens3  Out IP 172.16.208.2.40014 > 221.225.147.177.40014: UDP, length 96
134206.263: [13:42:06]13:42:06.145510 ens3  Out IP 172.16.208.2.40014 > 221.225.147.177.40014: UDP, length 80
134206.263: [13:42:06]13:42:06.151685 ens3  Out IP 172.16.208.2.40014 > 221.225.147.177.40014: UDP, length 96
134206.263: [13:42:06]13:42:06.151695 ens3  Out IP 172.16.208.2.40014 > 221.225.147.177.40014: UDP, length 80
134206.263: [13:42:06]13:42:06.213706 ens3  In  IP 221.225.147.177.40014 > 172.16.208.2.40014: UDP, length 128
134206.264: [13:42:06]13:42:06.213866 ens3  Out IP 172.16.208.2.40014 > 221.225.147.177.40014: UDP, length 128
134206.357: [13:42:06]13:42:06.300909 ens3  Out IP 172.16.208.2.40014 > 221.225.147.177.40014: UDP, length 148
134206.462: [13:42:06]13:42:06.389979 ens3  Out IP 172.16.208.2.40014 > 221.225.147.177.40014: UDP, length 96
134206.463: [13:42:06]13:42:06.389998 ens3  Out IP 172.16.208.2.40014 > 221.225.147.177.40014: UDP, length 80
134206.463: [13:42:06]13:42:06.396137 ens3  Out IP 172.16.208.2.40014 > 221.225.147.177.40014: UDP, length 96
134206.463: [13:42:06]13:42:06.396149 ens3  Out IP 172.16.208.2.40014 > 221.225.147.177.40014: UDP, length 80
134206.463: [13:42:06]13:42:06.417183 ens3  In  IP 221.225.147.177.40014 > 172.16.208.2.40014: UDP, length 80
134206.587: [13:42:06]13:42:06.453168 ens3  Out IP 172.16.208.2.40014 > 221.225.147.177.40014: UDP, length 96
134206.587: [13:42:06]13:42:06.453186 ens3  Out IP 172.16.208.2.40014 > 221.225.147.177.40014: UDP, length 80
134206.587: [13:42:06]13:42:06.465925 ens3  Out IP 172.16.208.2.40014 > 221.225.147.177.40014: UDP, length 96
134206.587: [13:42:06]13:42:06.465939 ens3  Out IP 172.16.208.2.40014 > 221.225.147.177.40014: UDP, length 80
134206.587: [13:42:06]13:42:06.472712 ens3  Out IP 172.16.208.2.40014 > 221.225.147.177.40014: UDP, length 96
134206.587: [13:42:06]13:42:06.472727 ens3  Out IP 172.16.208.2.40014 > 221.225.147.177.40014: UDP, length 80
134206.587: [13:42:06]13:42:06.496217 ens3  Out IP 172.16.208.2.40014 > 221.225.147.177.40014: UDP, length 96
134206.587: [13:42:06]13:42:06.496229 ens3  Out IP 172.16.208.2.40014 > 221.225.147.177.40014: UDP, length 80
134206.587: [13:42:06]13:42:06.515364 ens3  Out IP 172.16.208.2.40014 > 221.225.147.177.40014: UDP, length 96
134206.588: [13:42:06]13:42:06.515466 ens3  Out IP 172.16.208.2.40014 > 221.225.147.177.40014: UDP, length 80
134206.588: [13:42:06]13:42:06.542513 ens3  Out IP 172.16.208.2.40014 > 221.225.147.177.40014: UDP, length 96
134206.588: [13:42:06]13:42:06.542531 ens3  Out IP 172.16.208.2.40014 > 221.225.147.177.40014: UDP, length 80
134206.588: [13:42:06]13:42:06.555282 ens3  Out IP 172.16.208.2.40014 > 221.225.147.177.40014: UDP, length 96
134206.588: [13:42:06]13:42:06.555299 ens3  Out IP 172.16.208.2.40014 > 221.225.147.177.40014: UDP, length 80
134206.691: [13:42:06]13:42:06.561882 ens3  Out IP 172.16.208.2.40014 > 221.225.147.177.40014: UDP, length 96
134206.691: [13:42:06]13:42:06.561896 ens3  Out IP 172.16.208.2.40014 > 221.225.147.177.40014: UDP, length 80
134206.691: [13:42:06]13:42:06.574246 ens3  Out IP 172.16.208.2.40014 > 221.225.147.177.40014: UDP, length 96
134206.691: [13:42:06]13:42:06.574263 ens3  Out IP 172.16.208.2.40014 > 221.225.147.177.40014: UDP, length 80
134206.691: [13:42:06]13:42:06.593467 ens3  Out IP 172.16.208.2.40014 > 221.225.147.177.40014: UDP, length 96
134206.691: [13:42:06]13:42:06.593484 ens3  Out IP 172.16.208.2.40014 > 221.225.147.177.40014: UDP, length 80
134206.691: [13:42:06]13:42:06.599948 ens3  Out IP 172.16.208.2.40014 > 221.225.147.177.40014: UDP, length 96
134206.691: [13:42:06]13:42:06.599966 ens3  Out IP 172.16.208.2.40014 > 221.225.147.177.40014: UDP, length 80
134206.691: [13:42:06]13:42:06.619437 ens3  In  IP 221.225.147.177.40014 > 172.16.208.2.40014: UDP, length 96
134206.691: [13:42:06]13:42:06.619637 ens3  Out IP 172.16.208.2.40014 > 221.225.147.177.40014: UDP, length 192
134206.692: [13:42:06]13:42:06.637960 ens3  In  IP 221.225.147.177.40014 > 172.16.208.2.40014: UDP, length 144
134206.692: [13:42:06]13:42:06.652060 ens3  In  IP 221.225.147.177.40014 > 172.16.208.2.40014: UDP, length 80
134206.692: [13:42:06]13:42:06.652254 ens3  Out IP 172.16.208.2.40014 > 221.225.147.177.40014: UDP, length 176
134206.779: [13:42:06]13:42:06.671094 ens3  In  IP 221.225.147.177.40014 > 172.16.208.2.40014: UDP, length 112
134206.779: [13:42:06]13:42:06.688080 ens3  In  IP 221.225.147.177.40014 > 172.16.208.2.40014: UDP, length 96
134206.779: [13:42:06]13:42:06.688266 ens3  Out IP 172.16.208.2.40014 > 221.225.147.177.40014: UDP, length 192
134206.779: [13:42:06]13:42:06.691546 ens3  In  IP 221.225.147.177.40014 > 172.16.208.2.40014: UDP, length 96
134206.779: [13:42:06]13:42:06.691762 ens3  Out IP 172.16.208.2.40014 > 221.225.147.177.40014: UDP, length 192
134206.779: [13:42:06]13:42:06.698193 ens3  In  IP 221.225.147.177.40014 > 172.16.208.2.40014: UDP, length 80
134206.779: [13:42:06]13:42:06.698441 ens3  Out IP 172.16.208.2.40014 > 221.225.147.177.40014: UDP, length 176
134206.779: [13:42:06]13:42:06.703548 ens3  In  IP 221.225.147.177.40014 > 172.16.208.2.40014: UDP, length 96
134206.779: [13:42:06]13:42:06.703880 ens3  Out IP 172.16.208.2.40014 > 221.225.147.177.40014: UDP, length 192
134206.779: [13:42:06]13:42:06.728073 ens3  In  IP 221.225.147.177.40014 > 172.16.208.2.40014: UDP, length 96
134206.780: [13:42:06]13:42:06.728265 ens3  Out IP 172.16.208.2.40014 > 221.225.147.177.40014: UDP, length 192
134206.780: [13:42:06]13:42:06.731485 ens3  In  IP 221.225.147.177.40014 > 172.16.208.2.40014: UDP, length 80
134206.780: [13:42:06]13:42:06.731650 ens3  Out IP 172.16.208.2.40014 > 221.225.147.177.40014: UDP, length 176
134206.780: [13:42:06]13:42:06.740571 ens3  In  IP 221.225.147.177.40014 > 172.16.208.2.40014: UDP, length 80
134206.780: [13:42:06]13:42:06.740786 ens3  Out IP 172.16.208.2.40014 > 221.225.147.177.40014: UDP, length 176
134206.900: [13:42:06]13:42:06.770044 ens3  In  IP 221.225.147.177.40014 > 172.16.208.2.40014: UDP, length 96
134206.900: [13:42:06]13:42:06.770305 ens3  Out IP 172.16.208.2.40014 > 221.225.147.177.40014: UDP, length 192
134206.900: [13:42:06]13:42:06.818573 ens3  In  IP 221.225.147.177.40014 > 172.16.208.2.40014: UDP, length 96
134206.900: [13:42:06]13:42:06.818745 ens3  Out IP 172.16.208.2.40014 > 221.225.147.177.40014: UDP, length 192
134206.900: [13:42:06]13:42:06.822453 ens3  In  IP 221.225.147.177.40014 > 172.16.208.2.40014: UDP, length 80
134206.900: [13:42:06]13:42:06.822593 ens3  Out IP 172.16.208.2.40014 > 221.225.147.177.40014: UDP, length 176
134206.900: [13:42:06]13:42:06.827952 ens3  In  IP 221.225.147.177.40014 > 172.16.208.2.40014: UDP, length 80
134206.900: [13:42:06]13:42:06.828125 ens3  Out IP 172.16.208.2.40014 > 221.225.147.177.40014: UDP, length 176
134206.900: [13:42:06]13:42:06.838104 ens3  In  IP 221.225.147.177.40014 > 172.16.208.2.40014: UDP, length 96
134206.900: [13:42:06]13:42:06.838381 ens3  Out IP 172.16.208.2.40014 > 221.225.147.177.40014: UDP, length 176
134206.901: [13:42:06]13:42:06.847972 ens3  In  IP 221.225.147.177.40014 > 172.16.208.2.40014: UDP, length 112
134206.901: [13:42:06]13:42:06.852980 ens3  In  IP 221.225.147.177.40014 > 172.16.208.2.40014: UDP, length 80
134206.901: [13:42:06]13:42:06.853095 ens3  Out IP 172.16.208.2.40014 > 221.225.147.177.40014: UDP, length 176
134206.901: [13:42:06]13:42:06.868528 ens3  In  IP 221.225.147.177.40014 > 172.16.208.2.40014: UDP, length 96
134206.901: [13:42:06]13:42:06.868758 ens3  Out IP 172.16.208.2.40014 > 221.225.147.177.40014: UDP, length 192
134207.006: [13:42:07]13:42:06.891454 ens3  In  IP 221.225.147.177.40014 > 172.16.208.2.40014: UDP, length 128
134207.006: [13:42:07]13:42:06.891757 ens3  Out IP 172.16.208.2.40014 > 221.225.147.177.40014: UDP, length 192
134207.006: [13:42:07]13:42:06.896519 ens3  In  IP 221.225.147.177.40014 > 172.16.208.2.40014: UDP, length 240
134207.006: [13:42:07]13:42:06.899990 ens3  In  IP 221.225.147.177.40014 > 172.16.208.2.40014: UDP, length 128
134207.006: [13:42:07]13:42:06.900009 ens3  In  IP 221.225.147.177.40014 > 172.16.208.2.40014: UDP, length 96
134207.006: [13:42:07]13:42:06.900278 ens3  Out IP 172.16.208.2.40014 > 221.225.147.177.40014: UDP, length 176
134207.006: [13:42:07]13:42:06.900294 ens3  Out IP 172.16.208.2.40014 > 221.225.147.177.40014: UDP, length 176
134207.006: [13:42:07]13:42:06.900396 ens3  Out IP 172.16.208.2.40014 > 221.225.147.177.40014: UDP, length 176
134207.006: [13:42:07]13:42:06.900454 ens3  In  IP 221.225.147.177.40014 > 172.16.208.2.40014: UDP, length 128
134207.006: [13:42:07]13:42:06.900554 ens3  Out IP 172.16.208.2.40014 > 221.225.147.177.40014: UDP, length 176
134207.006: [13:42:07]13:42:06.900736 ens3  Out IP 172.16.208.2.40014 > 221.225.147.177.40014: UDP, length 176
134207.007: [13:42:07]13:42:06.900969 ens3  Out IP 172.16.208.2.40014 > 221.225.147.177.40014: UDP, length 192
134207.007: [13:42:07]13:42:06.905996 ens3  In  IP 221.225.147.177.40014 > 172.16.208.2.40014: UDP, length 240
134207.007: [13:42:07]13:42:06.906016 ens3  In  IP 221.225.147.177.40014 > 172.16.208.2.40014: UDP, length 176
134207.007: [13:42:07]13:42:06.906230 ens3  Out IP 172.16.208.2.40014 > 221.225.147.177.40014: UDP, length 160
134207.007: [13:42:07]13:42:06.911463 ens3  In  IP 221.225.147.177.40014 > 172.16.208.2.40014: UDP, length 160
134207.007: [13:42:07]13:42:06.919549 ens3  In  IP 221.225.147.177.40014 > 172.16.208.2.40014: UDP, length 112
134207.106: [13:42:07]13:42:06.981996 ens3  In  IP 221.225.147.177.40014 > 172.16.208.2.40014: UDP, length 128
134207.106: [13:42:07]13:42:06.982286 ens3  Out IP 172.16.208.2.40014 > 221.225.147.177.40014: UDP, length 192
134207.106: [13:42:07]13:42:06.987099 ens3  In  IP 221.225.147.177.40014 > 172.16.208.2.40014: UDP, length 240
134207.106: [13:42:07]13:42:07.001897 ens3  Out IP 172.16.208.2.40014 > 221.225.147.177.40014: UDP, length 112
134207.106: [13:42:07]13:42:07.001914 ens3  Out IP 172.16.208.2.40014 > 221.225.147.177.40014: UDP, length 112
134207.106: [13:42:07]13:42:07.012578 ens3  In  IP 221.225.147.177.40014 > 172.16.208.2.40014: UDP, length 96
134207.106: [13:42:07]13:42:07.012850 ens3  Out IP 172.16.208.2.40014 > 221.225.147.177.40014: UDP, length 176
134207.106: [13:42:07]13:42:07.024075 ens3  In  IP 221.225.147.177.40014 > 172.16.208.2.40014: UDP, length 176
134207.106: [13:42:07]13:42:07.024263 ens3  Out IP 172.16.208.2.40014 > 221.225.147.177.40014: UDP, length 160
134207.106: [13:42:07]13:42:07.029494 ens3  In  IP 221.225.147.177.40014 > 172.16.208.2.40014: UDP, length 160
134207.107: [13:42:07]13:42:07.065559 ens3  In  IP 221.225.147.177.40014 > 172.16.208.2.40014: UDP, length 128
134207.107: [13:42:07]13:42:07.065866 ens3  Out IP 172.16.208.2.40014 > 221.225.147.177.40014: UDP, length 192
134207.107: [13:42:07]13:42:07.080045 ens3  In  IP 221.225.147.177.40014 > 172.16.208.2.40014: UDP, length 240
134207.211: [13:42:07]13:42:07.087433 ens3  In  IP 221.225.147.177.40014 > 172.16.208.2.40014: UDP, length 96
134207.211: [13:42:07]13:42:07.087669 ens3  Out IP 172.16.208.2.40014 > 221.225.147.177.40014: UDP, length 176
134207.211: [13:42:07]13:42:07.088734 ens3  In  IP 221.225.147.177.40014 > 172.16.208.2.40014: UDP, length 96
134207.211: [13:42:07]13:42:07.088927 ens3  Out IP 172.16.208.2.40014 > 221.225.147.177.40014: UDP, length 176
134207.211: [13:42:07]13:42:07.093528 ens3  In  IP 221.225.147.177.40014 > 172.16.208.2.40014: UDP, length 176
134207.212: [13:42:07]13:42:07.093741 ens3  Out IP 172.16.208.2.40014 > 221.225.147.177.40014: UDP, length 160
134207.212: [13:42:07]13:42:07.094009 ens3  In  IP 221.225.147.177.40014 > 172.16.208.2.40014: UDP, length 176
134207.212: [13:42:07]13:42:07.094178 ens3  Out IP 172.16.208.2.40014 > 221.225.147.177.40014: UDP, length 160
134207.212: [13:42:07]13:42:07.099601 ens3  In  IP 221.225.147.177.40014 > 172.16.208.2.40014: UDP, length 160
134207.212: [13:42:07]13:42:07.099977 ens3  In  IP 221.225.147.177.40014 > 172.16.208.2.40014: UDP, length 160
134207.212: [13:42:07]13:42:07.107569 ens3  In  IP 221.225.147.177.40014 > 172.16.208.2.40014: UDP, length 96
134207.212: [13:42:07]13:42:07.107797 ens3  Out IP 172.16.208.2.40014 > 221.225.147.177.40014: UDP, length 176
134207.212: [13:42:07]13:42:07.113527 ens3  In  IP 221.225.147.177.40014 > 172.16.208.2.40014: UDP, length 176
134207.212: [13:42:07]13:42:07.113696 ens3  Out IP 172.16.208.2.40014 > 221.225.147.177.40014: UDP, length 160
134207.212: [13:42:07]13:42:07.118024 ens3  In  IP 221.225.147.177.40014 > 172.16.208.2.40014: UDP, length 160
134207.212: [13:42:07]13:42:07.172655 ens3  In  IP 221.225.147.177.40014 > 172.16.208.2.40014: UDP, length 112
134207.213: [13:42:07]13:42:07.172783 ens3  Out IP 172.16.208.2.40014 > 221.225.147.177.40014: UDP, length 112
134207.213: [13:42:07]13:42:07.173071 ens3  Out IP 172.16.208.2.40014 > 221.225.147.177.40014: UDP, length 432
134207.317: [13:42:07]13:42:07.214041 ens3  In  IP 221.225.147.177.40014 > 172.16.208.2.40014: UDP, length 128
134207.317: [13:42:07]13:42:07.214159 ens3  Out IP 172.16.208.2.40014 > 221.225.147.177.40014: UDP, length 128
134207.317: [13:42:07]13:42:07.218595 ens3  In  IP 221.225.147.177.40014 > 172.16.208.2.40014: UDP, length 304
134207.317: [13:42:07]13:42:07.218717 ens3  Out IP 172.16.208.2.40014 > 221.225.147.177.40014: UDP, length 112
134207.318: [13:42:07]13:42:07.218883 ens3  Out IP 172.16.208.2.40014 > 221.225.147.177.40014: UDP, length 192
134207.318: [13:42:07]13:42:07.218927 ens3  Out IP 172.16.208.2.40014 > 221.225.147.177.40014: UDP, length 192
134207.318: [13:42:07]13:42:07.218974 ens3  Out IP 172.16.208.2.40014 > 221.225.147.177.40014: UDP, length 112
134207.318: [13:42:07]13:42:07.239629 ens3  In  IP 221.225.147.177.40014 > 172.16.208.2.40014: UDP, length 112
134207.318: [13:42:07]13:42:07.239785 ens3  Out IP 172.16.208.2.40014 > 221.225.147.177.40014: UDP, length 112
134207.318: [13:42:07]13:42:07.240029 ens3  Out IP 172.16.208.2.40014 > 221.225.147.177.40014: UDP, length 432
134207.318: [13:42:07]13:42:07.269534 ens3  In  IP 221.225.147.177.40014 > 172.16.208.2.40014: UDP, length 240
134207.403: [13:42:07]13:42:07.337628 ens3  In  IP 221.225.147.177.40014 > 172.16.208.2.40014: UDP, length 112
134207.403: [13:42:07]13:42:07.339692 ens3  In  IP 221.225.147.177.40014 > 172.16.208.2.40014: UDP, length 1452
134207.403: [13:42:07]13:42:07.339708 ens3  In  IP 221.225.147.177.40014 > 172.16.208.2.40014: UDP, length 1452
134207.403: [13:42:07]13:42:07.339719 ens3  In  IP 221.225.147.177.40014 > 172.16.208.2.40014: UDP, length 240
134207.403: [13:42:07]13:42:07.339849 ens3  Out IP 172.16.208.2.40014 > 221.225.147.177.40014: UDP, length 112
134207.403: [13:42:07]13:42:07.343012 ens3  Out IP 172.16.208.2.40014 > 221.225.147.177.40014: UDP, length 192
134207.403: [13:42:07]13:42:07.346397 ens3  Out IP 172.16.208.2.40014 > 221.225.147.177.40014: UDP, length 96
134207.403: [13:42:07]13:42:07.346467 ens3  Out IP 172.16.208.2.40014 > 221.225.147.177.40014: UDP, length 112
134207.404: [13:42:07]13:42:07.371959 ens3  In  IP 221.225.147.177.40014 > 172.16.208.2.40014: UDP, length 112
134207.404: [13:42:07]13:42:07.372111 ens3  Out IP 172.16.208.2.40014 > 221.225.147.177.40014: UDP, length 112
134207.524: [13:42:07]13:42:07.442089 ens3  In  IP 221.225.147.177.40014 > 172.16.208.2.40014: UDP, length 112
134207.524: [13:42:07]13:42:07.442127 ens3  In  IP 221.225.147.177.40014 > 172.16.208.2.40014: UDP, length 112
134207.524: [13:42:07]13:42:07.442280 ens3  Out IP 172.16.208.2.40014 > 221.225.147.177.40014: UDP, length 112
134207.524: [13:42:07]13:42:07.471617 ens3  In  IP 221.225.147.177.40014 > 172.16.208.2.40014: UDP, length 112
134207.524: [13:42:07]13:42:07.474273 ens3  In  IP 221.225.147.177.40014 > 172.16.208.2.40014: UDP, length 1452
134207.524: [13:42:07]13:42:07.474297 ens3  In  IP 221.225.147.177.40014 > 172.16.208.2.40014: UDP, length 1452
134207.525: [13:42:07]13:42:07.474327 ens3  In  IP 221.225.147.177.40014 > 172.16.208.2.40014: UDP, length 1452
134207.525: [13:42:07]13:42:07.474341 ens3  In  IP 221.225.147.177.40014 > 172.16.208.2.40014: UDP, length 1452
134207.525: [13:42:07]13:42:07.474355 ens3  In  IP 221.225.147.177.40014 > 172.16.208.2.40014: UDP, length 1452
134207.525: [13:42:07]13:42:07.474370 ens3  In  IP 221.225.147.177.40014 > 172.16.208.2.40014: UDP, length 256
134207.525: [13:42:07]13:42:07.474399 ens3  Out IP 172.16.208.2.40014 > 221.225.147.177.40014: UDP, length 112
134207.525: [13:42:07]13:42:07.474412 ens3  Out IP 172.16.208.2.40014 > 221.225.147.177.40014: UDP, length 112
134207.525: [13:42:07]13:42:07.474416 ens3  Out IP 172.16.208.2.40014 > 221.225.147.177.40014: UDP, length 112
134207.525: [13:42:07]13:42:07.474419 ens3  Out IP 172.16.208.2.40014 > 221.225.147.177.40014: UDP, length 112
134207.525: [13:42:07]13:42:07.474421 ens3  Out IP 172.16.208.2.40014 > 221.225.147.177.40014: UDP, length 112
134207.525: [13:42:07]13:42:07.474424 ens3  Out IP 172.16.208.2.40014 > 221.225.147.177.40014: UDP, length 112
134207.525: [13:42:07]13:42:07.477129 ens3  Out IP 172.16.208.2.40014 > 221.225.147.177.40014: UDP, length 192
134207.826: [13:42:07]13:42:07.770535 ens3  In  IP 221.225.147.177.40014 > 172.16.208.2.40014: UDP, length 112
134207.826: [13:42:07]13:42:07.770728 ens3  Out IP 172.16.208.2.40014 > 221.225.147.177.40014: UDP, length 640
134207.929: [13:42:07]13:42:07.868739 ens3  Out IP 172.16.208.2.40014 > 221.225.147.177.40014: UDP, length 576
134208.033: [13:42:08]13:42:08.001554 ens3  Out IP 172.16.208.2.40014 > 221.225.147.177.40014: UDP, length 112
134208.034: [13:42:08]13:42:08.001578 ens3  Out IP 172.16.208.2.40014 > 221.225.147.177.40014: UDP, length 112
134208.034: [13:42:08]13:42:08.001745 ens3  Out IP 172.16.208.2.40014 > 221.225.147.177.40014: UDP, length 96
134208.034: [13:42:08]13:42:08.008982 ens3  In  IP 221.225.147.177.40014 > 172.16.208.2.40014: UDP, length 112
134208.138: [13:42:08]13:42:08.033955 ens3  In  IP 221.225.147.177.40014 > 172.16.208.2.40014: UDP, length 112
134208.245: [13:42:08]13:42:08.174919 ens3  In  IP 221.225.147.177.40014 > 172.16.208.2.40014: UDP, length 160
134208.245: [13:42:08]13:42:08.175109 ens3  Out IP 172.16.208.2.40014 > 221.225.147.177.40014: UDP, length 128
134208.245: [13:42:08]13:42:08.177103 ens3  In  IP 221.225.147.177.40014 > 172.16.208.2.40014: UDP, length 1232
134208.245: [13:42:08]13:42:08.177263 ens3  Out IP 172.16.208.2.40014 > 221.225.147.177.40014: UDP, length 112
134208.245: [13:42:08]13:42:08.177529 ens3  Out IP 172.16.208.2.40014 > 221.225.147.177.40014: UDP, length 128
134208.245: [13:42:08]13:42:08.177651 ens3  Out IP 172.16.208.2.40014 > 221.225.147.177.40014: UDP, length 112
134208.245: [13:42:08]13:42:08.178285 ens3  Out IP 172.16.208.2.40014 > 221.225.147.177.40014: UDP, length 96
134208.245: [13:42:08]13:42:08.203989 ens3  In  IP 221.225.147.177.40014 > 172.16.208.2.40014: UDP, length 112
134208.245: [13:42:08]13:42:08.204101 ens3  Out IP 172.16.208.2.40014 > 221.225.147.177.40014: UDP, length 128
134208.245: [13:42:08]13:42:08.204119 ens3  In  IP 221.225.147.177.40014 > 172.16.208.2.40014: UDP, length 1452
134208.246: [13:42:08]13:42:08.204143 ens3  In  IP 221.225.147.177.40014 > 172.16.208.2.40014: UDP, length 416
134208.246: [13:42:08]13:42:08.204155 ens3  In  IP 221.225.147.177.40014 > 172.16.208.2.40014: UDP, length 160
134208.246: [13:42:08]13:42:08.204269 ens3  Out IP 172.16.208.2.40014 > 221.225.147.177.40014: UDP, length 128
134208.246: [13:42:08]13:42:08.204279 ens3  Out IP 172.16.208.2.40014 > 221.225.147.177.40014: UDP, length 112
134208.246: [13:42:08]13:42:08.204531 ens3  Out IP 172.16.208.2.40014 > 221.225.147.177.40014: UDP, length 128
134208.246: [13:42:08]13:42:08.204637 ens3  Out IP 172.16.208.2.40014 > 221.225.147.177.40014: UDP, length 112
134208.246: [13:42:08]13:42:08.205255 ens3  Out IP 172.16.208.2.40014 > 221.225.147.177.40014: UDP, length 96
134208.270: [13:42:08]13:42:08.206390 ens3  In  IP 221.225.147.177.40014 > 172.16.208.2.40014: UDP, length 112
134208.270: [13:42:08]13:42:08.206514 ens3  Out IP 172.16.208.2.40014 > 221.225.147.177.40014: UDP, length 112
134208.270: [13:42:08]13:42:08.206802 ens3  Out IP 172.16.208.2.40014 > 221.225.147.177.40014: UDP, length 432
134208.363: [13:42:08]13:42:08.240502 ens3  In  IP 221.225.147.177.40014 > 172.16.208.2.40014: UDP, length 112
134208.363: [13:42:08]13:42:08.240650 ens3  Out IP 172.16.208.2.40014 > 221.225.147.177.40014: UDP, length 112
134208.363: [13:42:08]13:42:08.240925 ens3  Out IP 172.16.208.2.40014 > 221.225.147.177.40014: UDP, length 432
134208.462: [13:42:08]13:42:08.348695 ens3  Out IP 172.16.208.2.40014 > 221.225.147.177.40014: UDP, length 96
134208.462: [13:42:08]13:42:08.367933 ens3  In  IP 221.225.147.177.40014 > 172.16.208.2.40014: UDP, length 112
134208.463: [13:42:08]13:42:08.367960 ens3  In  IP 221.225.147.177.40014 > 172.16.208.2.40014: UDP, length 112
134208.463: [13:42:08]13:42:08.367970 ens3  In  IP 221.225.147.177.40014 > 172.16.208.2.40014: UDP, length 112
134208.463: [13:42:08]13:42:08.403961 ens3  In  IP 221.225.147.177.40014 > 172.16.208.2.40014: UDP, length 112
134208.463: [13:42:08]13:42:08.407125 ens3  In  IP 221.225.147.177.40014 > 172.16.208.2.40014: UDP, length 1452
134208.463: [13:42:08]13:42:08.407237 ens3  Out IP 172.16.208.2.40014 > 221.225.147.177.40014: UDP, length 112
134208.463: [13:42:08]13:42:08.407611 ens3  In  IP 221.225.147.177.40014 > 172.16.208.2.40014: UDP, length 1452
134208.463: [13:42:08]13:42:08.407697 ens3  Out IP 172.16.208.2.40014 > 221.225.147.177.40014: UDP, length 112
134208.463: [13:42:08]13:42:08.407786 ens3  In  IP 221.225.147.177.40014 > 172.16.208.2.40014: UDP, length 1452
134208.463: [13:42:08]13:42:08.407803 ens3  In  IP 221.225.147.177.40014 > 172.16.208.2.40014: UDP, length 1452
134208.463: [13:42:08]13:42:08.407886 ens3  Out IP 172.16.208.2.40014 > 221.225.147.177.40014: UDP, length 112
134208.464: [13:42:08]13:42:08.407932 ens3  Out IP 172.16.208.2.40014 > 221.225.147.177.40014: UDP, length 112
134208.464: [13:42:08]13:42:08.407968 ens3  In  IP 221.225.147.177.40014 > 172.16.208.2.40014: UDP, length 1452
134208.464: [13:42:08]13:42:08.408146 ens3  Out IP 172.16.208.2.40014 > 221.225.147.177.40014: UDP, length 112
134208.464: [13:42:08]13:42:08.408343 ens3  In  IP 221.225.147.177.40014 > 172.16.208.2.40014: UDP, length 112
134208.464: [13:42:08]13:42:08.409335 ens3  In  IP 221.225.147.177.40014 > 172.16.208.2.40014: UDP, length 112
134208.464: [13:42:08]13:42:08.409819 ens3  In  IP 221.225.147.177.40014 > 172.16.208.2.40014: UDP, length 112
134208.464: [13:42:08]13:42:08.425606 ens3  In  IP 221.225.147.177.40014 > 172.16.208.2.40014: UDP, length 80
134208.464: [13:42:08]13:42:08.426733 ens3  Out IP 172.16.208.2.40014 > 221.225.147.177.40014: UDP, length 96
134208.555: [13:42:08]13:42:08.472562 ens3  In  IP 221.225.147.177.40014 > 172.16.208.2.40014: UDP, length 112
134208.555: [13:42:08]13:42:08.475142 ens3  In  IP 221.225.147.177.40014 > 172.16.208.2.40014: UDP, length 1452
134208.555: [13:42:08]13:42:08.475277 ens3  Out IP 172.16.208.2.40014 > 221.225.147.177.40014: UDP, length 112
134208.555: [13:42:08]13:42:08.475617 ens3  In  IP 221.225.147.177.40014 > 172.16.208.2.40014: UDP, length 1452
134208.556: [13:42:08]13:42:08.475714 ens3  Out IP 172.16.208.2.40014 > 221.225.147.177.40014: UDP, length 112
134208.556: [13:42:08]13:42:08.476110 ens3  In  IP 221.225.147.177.40014 > 172.16.208.2.40014: UDP, length 1452
134208.556: [13:42:08]13:42:08.476222 ens3  Out IP 172.16.208.2.40014 > 221.225.147.177.40014: UDP, length 112
134208.556: [13:42:08]13:42:08.476628 ens3  In  IP 221.225.147.177.40014 > 172.16.208.2.40014: UDP, length 1452
134208.556: [13:42:08]13:42:08.476644 ens3  In  IP 221.225.147.177.40014 > 172.16.208.2.40014: UDP, length 256
134208.556: [13:42:08]13:42:08.476711 ens3  Out IP 172.16.208.2.40014 > 221.225.147.177.40014: UDP, length 112
134208.556: [13:42:08]13:42:08.476722 ens3  Out IP 172.16.208.2.40014 > 221.225.147.177.40014: UDP, length 128
134208.870: [13:42:08]13:42:08.794974 ens3  In  IP 221.225.147.177.40014 > 172.16.208.2.40014: UDP, length 1452
134208.870: [13:42:08]13:42:08.795186 ens3  Out IP 172.16.208.2.40014 > 221.225.147.177.40014: UDP, length 112
134208.870: [13:42:08]13:42:08.797504 ens3  Out IP 172.16.208.2.40014 > 221.225.147.177.40014: UDP, length 192
134209.081: [13:42:09]13:42:09.020726 ens3  Out IP 172.16.208.2.40014 > 221.225.147.177.40014: UDP, length 96
134209.186: [13:42:09]13:42:09.120790 ens3  In  IP 221.225.147.177.40014 > 172.16.208.2.40014: UDP, length 112
134209.186: [13:42:09]13:42:09.120953 ens3  Out IP 172.16.208.2.40014 > 221.225.147.177.40014: UDP, length 656
134209.289: [13:42:09]13:42:09.212698 ens3  Out IP 172.16.208.2.40014 > 221.225.147.177.40014: UDP, length 96
134209.289: [13:42:09]13:42:09.213298 ens3  In  IP 221.225.147.177.40014 > 172.16.208.2.40014: UDP, length 256
134209.289: [13:42:09]13:42:09.213424 ens3  Out IP 172.16.208.2.40014 > 221.225.147.177.40014: UDP, length 112
134209.289: [13:42:09]13:42:09.215651 ens3  Out IP 172.16.208.2.40014 > 221.225.147.177.40014: UDP, length 192
134209.393: [13:42:09]13:42:09.348046 ens3  Out IP 172.16.208.2.40014 > 221.225.147.177.40014: UDP, length 80
134209.394: [13:42:09]13:42:09.348121 ens3  Out IP 172.16.208.2.40014 > 221.225.147.177.40014: UDP, length 80
134209.394: [13:42:09]13:42:09.348227 ens3  Out IP 172.16.208.2.40014 > 221.225.147.177.40014: UDP, length 96
134209.394: [13:42:09]13:42:09.352786 ens3  In  IP 221.225.147.177.40014 > 172.16.208.2.40014: UDP, length 112
134209.498: [13:42:09]13:42:09.436745 ens3  Out IP 172.16.208.2.40014 > 221.225.147.177.40014: UDP, length 96
134209.498: [13:42:09]13:42:09.450853 ens3  In  IP 221.225.147.177.40014 > 172.16.208.2.40014: UDP, length 112
134209.498: [13:42:09]13:42:09.451009 ens3  Out IP 172.16.208.2.40014 > 221.225.147.177.40014: UDP, length 640
134209.604: [13:42:09]13:42:09.518897 ens3  In  IP 221.225.147.177.40014 > 172.16.208.2.40014: UDP, length 112
134209.604: [13:42:09]13:42:09.518930 ens3  In  IP 221.225.147.177.40014 > 172.16.208.2.40014: UDP, length 1232
134209.604: [13:42:09]13:42:09.518943 ens3  In  IP 221.225.147.177.40014 > 172.16.208.2.40014: UDP, length 144
134209.604: [13:42:09]13:42:09.518950 ens3  In  IP 221.225.147.177.40014 > 172.16.208.2.40014: UDP, length 128
134209.605: [13:42:09]13:42:09.519035 ens3  Out IP 172.16.208.2.40014 > 221.225.147.177.40014: UDP, length 128
134209.605: [13:42:09]13:42:09.519103 ens3  Out IP 172.16.208.2.40014 > 221.225.147.177.40014: UDP, length 128
134209.605: [13:42:09]13:42:09.519113 ens3  Out IP 172.16.208.2.40014 > 221.225.147.177.40014: UDP, length 128
134209.605: [13:42:09]13:42:09.519115 ens3  Out IP 172.16.208.2.40014 > 221.225.147.177.40014: UDP, length 112
134209.605: [13:42:09]13:42:09.519464 ens3  Out IP 172.16.208.2.40014 > 221.225.147.177.40014: UDP, length 128
134209.605: [13:42:09]13:42:09.519581 ens3  Out IP 172.16.208.2.40014 > 221.225.147.177.40014: UDP, length 112
134209.605: [13:42:09]13:42:09.520198 ens3  Out IP 172.16.208.2.40014 > 221.225.147.177.40014: UDP, length 96
134209.706: [13:42:09]13:42:09.648239 ens3  In  IP 221.225.147.177.40014 > 172.16.208.2.40014: UDP, length 112
134209.810: [13:42:09]13:42:09.751799 ens3  In  IP 221.225.147.177.40014 > 172.16.208.2.40014: UDP, length 112
134209.916: [13:42:09]13:42:09.815787 ens3  In  IP 221.225.147.177.40014 > 172.16.208.2.40014: UDP, length 128
134209.916: [13:42:09]13:42:09.815819 ens3  In  IP 221.225.147.177.40014 > 172.16.208.2.40014: UDP, length 1248
134209.916: [13:42:09]13:42:09.815826 ens3  In  IP 221.225.147.177.40014 > 172.16.208.2.40014: UDP, length 144
134209.916: [13:42:09]13:42:09.815953 ens3  Out IP 172.16.208.2.40014 > 221.225.147.177.40014: UDP, length 128
134209.916: [13:42:09]13:42:09.815970 ens3  Out IP 172.16.208.2.40014 > 221.225.147.177.40014: UDP, length 128
134209.916: [13:42:09]13:42:09.815976 ens3  Out IP 172.16.208.2.40014 > 221.225.147.177.40014: UDP, length 112
134209.917: [13:42:09]13:42:09.816263 ens3  Out IP 172.16.208.2.40014 > 221.225.147.177.40014: UDP, length 128
134209.917: [13:42:09]13:42:09.816448 ens3  Out IP 172.16.208.2.40014 > 221.225.147.177.40014: UDP, length 112
134209.917: [13:42:09]13:42:09.817037 ens3  Out IP 172.16.208.2.40014 > 221.225.147.177.40014: UDP, length 96
134210.017: [13:42:10]13:42:10.003729 ens3  Out IP 172.16.208.2.40014 > 221.225.147.177.40014: UDP, length 112
134210.134: [13:42:10]13:42:10.034304 ens3  In  IP 221.225.147.177.40014 > 172.16.208.2.40014: UDP, length 112
134210.134: [13:42:10]13:42:10.034337 ens3  In  IP 221.225.147.177.40014 > 172.16.208.2.40014: UDP, length 112
134210.439: [13:42:10]13:42:10.348840 ens3  Out IP 172.16.208.2.40014 > 221.225.147.177.40014: UDP, length 80
134210.439: [13:42:10]13:42:10.348989 ens3  Out IP 172.16.208.2.40014 > 221.225.147.177.40014: UDP, length 112
134210.439: [13:42:10]13:42:10.364710 ens3  Out IP 172.16.208.2.40014 > 221.225.147.177.40014: UDP, length 96
134210.440: [13:42:10]13:42:10.368702 ens3  Out IP 172.16.208.2.40014 > 221.225.147.177.40014: UDP, length 96
134210.549: [13:42:10]13:42:10.433207 ens3  In  IP 221.225.147.177.40014 > 172.16.208.2.40014: UDP, length 160
134210.549: [13:42:10]13:42:10.434296 ens3  In  IP 221.225.147.177.40014 > 172.16.208.2.40014: UDP, length 80
134210.549: [13:42:10]13:42:10.437521 ens3  Out IP 172.16.208.2.40014 > 221.225.147.177.40014: UDP, length 80
134210.549: [13:42:10]13:42:10.443271 ens3  In  IP 221.225.147.177.40014 > 172.16.208.2.40014: UDP, length 80
134210.549: [13:42:10]13:42:10.445171 ens3  Out IP 172.16.208.2.40014 > 221.225.147.177.40014: UDP, length 160
134210.549: [13:42:10]13:42:10.451209 ens3  In  IP 221.225.147.177.40014 > 172.16.208.2.40014: UDP, length 160
134210.549: [13:42:10]13:42:10.451419 ens3  Out IP 172.16.208.2.40014 > 221.225.147.177.40014: UDP, length 80
134210.550: [13:42:10]13:42:10.453237 ens3  Out IP 172.16.208.2.40014 > 221.225.147.177.40014: UDP, length 96
134210.550: [13:42:10]13:42:10.457777 ens3  In  IP 221.225.147.177.40014 > 172.16.208.2.40014: UDP, length 80
134210.550: [13:42:10]13:42:10.459718 ens3  In  IP 221.225.147.177.40014 > 172.16.208.2.40014: UDP, length 96
134210.550: [13:42:10]13:42:10.459860 ens3  Out IP 172.16.208.2.40014 > 221.225.147.177.40014: UDP, length 80
134210.550: [13:42:10]13:42:10.465678 ens3  In  IP 221.225.147.177.40014 > 172.16.208.2.40014: UDP, length 80
134210.550: [13:42:10]13:42:10.466022 ens3  Out IP 172.16.208.2.40014 > 221.225.147.177.40014: UDP, length 96
134210.550: [13:42:10]13:42:10.471667 ens3  In  IP 221.225.147.177.40014 > 172.16.208.2.40014: UDP, length 96
134210.550: [13:42:10]13:42:10.524683 ens3  Out IP 172.16.208.2.40014 > 221.225.147.177.40014: UDP, length 96
134210.624: [13:42:10]^C
134210.624: [13:42:10]670 packets captured
134210.624: [13:42:10]671 packets received by filter
134210.624: [13:42:10]0 packets dropped by kernel
134859.307: [13:48:59][202601099-172.16.208.2-各种服务-13:48:59]
134859.336: [13:48:59]Linux 172-16-208-2 5.10.0-21-amd64 #1 SMP Debian 5.10.162-1 (2023-01-21) x86_64
134859.337: [13:48:59]
134859.337: [13:48:59]The programs included with the Debian GNU/Linux system are free software;
134859.337: [13:48:59]the exact distribution terms for each program are described in the
134859.337: [13:48:59]individual files in /usr/share/doc/*/copyright.
134859.337: [13:48:59]
134859.337: [13:48:59]Debian GNU/Linux comes with ABSOLUTELY NO WARRANTY, to the extent
134859.337: [13:48:59]permitted by applicable law.
134859.337: [13:48:59]Last login: Thu Jan 29 13:40:23 2026 from 192.168.4.48
134904.941: [13:49:04][root@172-16-208-2 ~]# ping www.google.com.hk
134904.973: [13:49:04]PING www.google.com.hk (31.13.68.169) 56(84) bytes of data.
134906.757: [13:49:06]^C
134906.758: [13:49:06]--- www.google.com.hk ping statistics ---
134906.758: [13:49:06]2 packets transmitted, 0 received, 100% packet loss, time 999ms
134906.758: [13:49:06]
134910.888: [13:49:10][root@172-16-208-2 ~]# ping 10.253.0.11
134910.890: [13:49:10]PING 10.253.0.11 (10.253.0.11) 56(84) bytes of data.
134910.894: [13:49:10]64 bytes from 10.253.0.11: icmp_seq=1 ttl=64 time=4.95 ms
134911.895: [13:49:11]64 bytes from 10.253.0.11: icmp_seq=2 ttl=64 time=4.25 ms
134912.908: [13:49:12]64 bytes from 10.253.0.11: icmp_seq=3 ttl=64 time=4.36 ms
134913.821: [13:49:13]^C
134913.821: [13:49:13]--- 10.253.0.11 ping statistics ---
134913.821: [13:49:13]3 packets transmitted, 3 received, 0% packet loss, time 2002ms
134913.821: [13:49:13]rtt min/avg/max/mdev = 4.249/4.518/4.948/0.306 ms
135856.815: [13:58:56][root@172-16-208-2 ~]# ping 10.253.0.11
135856.816: [13:58:56]PING 10.253.0.11 (10.253.0.11) 56(84) bytes of data.
135856.825: [13:58:56]64 bytes from 10.253.0.11: icmp_seq=1 ttl=64 time=4.76 ms
135857.842: [13:58:57]64 bytes from 10.253.0.11: icmp_seq=2 ttl=64 time=24.8 ms
135858.631: [13:58:58]^C
135858.631: [13:58:58]--- 10.253.0.11 ping statistics ---
135858.631: [13:58:58]2 packets transmitted, 2 received, 0% packet loss, time 1002ms
135858.631: [13:58:58]rtt min/avg/max/mdev = 4.758/14.762/24.766/10.004 ms
135952.597: [13:59:52][root@172-16-208-2 ~]# ping www.baidu.com
135952.608: [13:59:52]PING www.a.shifen.com (180.101.51.73) 56(84) bytes of data.
135952.627: [13:59:52]64 bytes from 180.101.51.73 (180.101.51.73): icmp_seq=1 ttl=52 time=7.95 ms
135953.627: [13:59:53]64 bytes from 180.101.51.73 (180.101.51.73): icmp_seq=2 ttl=52 time=7.77 ms
135954.160: [13:59:54]^C
135954.160: [13:59:54]--- www.a.shifen.com ping statistics ---
135954.160: [13:59:54]2 packets transmitted, 2 received, 0% packet loss, time 1002ms
135954.160: [13:59:54]rtt min/avg/max/mdev = 7.768/7.857/7.946/0.089 ms
