082313.004: [08:23:13][root@172-16-208-2 /opt/XTV-BACKUP]# df -lh
082313.020: [08:23:13]Filesystem                 Size  Used Avail Use% Mounted on
082313.020: [08:23:13]udev                       7.8G     0  7.8G   0% /dev
082313.020: [08:23:13]tmpfs                      1.6G   11M  1.6G   1% /run
082313.020: [08:23:13]/dev/vda1                   97G   71G   22G  77% /
082313.020: [08:23:13]tmpfs                      7.9G     0  7.9G   0% /dev/shm
082313.021: [08:23:13]tmpfs                      5.0M  4.0K  5.0M   1% /run/lock
082313.021: [08:23:13]/dev/mapper/data-datalv     14T   12T  1.6T  89% /DATA/Media
082313.021: [08:23:13]overlay                     97G   71G   22G  77% /var/lib/docker/overlay2/ad7464f3b04db576d0308e3e0102cf3480ddb32ac242dec4bff57a6f0bc5405e/merged
082313.021: [08:23:13]overlay                     97G   71G   22G  77% /var/lib/docker/overlay2/cab1dec8f98e168f6ebd0890c23c563d6b1ffcff414f28e3d8a1bf6c2761033d/merged
082313.021: [08:23:13]overlay                     97G   71G   22G  77% /var/lib/docker/overlay2/5f32f1dfa35af8ea78a9fcbabe0d06d9c5a8c112a2a4c5650ff68840a3fbc08f/merged
082313.021: [08:23:13]overlay                     97G   71G   22G  77% /var/lib/docker/overlay2/c37b91b3a1d81b2b4b4b9b97de8d45e7503ecce359821d09ef31983655cb4e52/merged
082313.021: [08:23:13]overlay                     97G   71G   22G  77% /var/lib/docker/overlay2/e9e83947222cf159696283b563d55f1c03a8784d5c2f09dd6f092c600a297f5b/merged
082313.022: [08:23:13]overlay                     97G   71G   22G  77% /var/lib/docker/overlay2/178aee37071729ca261883335d47ab495214a98830b72e42324b7c090e0c60ea/merged
082313.022: [08:23:13]overlay                     97G   71G   22G  77% /var/lib/docker/overlay2/3c8085ec6d162a2b244810b100e39faeac6766771c1129fe19110608e72ab0e8/merged
082313.022: [08:23:13]overlay                     97G   71G   22G  77% /var/lib/docker/overlay2/5c1772a6815275737ab4729520d6485e9eb228dca950c5ca9480821afd23c331/merged
082313.022: [08:23:13]overlay                     97G   71G   22G  77% /var/lib/docker/overlay2/5b179abe593fe6023b70f00a8b8fa8870af0f65a9d257a93c8674b46187d02b3/merged
082313.022: [08:23:13]overlay                     97G   71G   22G  77% /var/lib/docker/overlay2/dacbbc4d8f73512eb46f2f5bc074bd8f9bc9af6f98f9996453ce2ad991047648/merged
082313.022: [08:23:13]overlay                     97G   71G   22G  77% /var/lib/docker/overlay2/df8ccd0a058968ad982529d4e6520e74389d512c5cbb9c2ee650d920840b6962/merged
082313.022: [08:23:13]overlay                     97G   71G   22G  77% /var/lib/docker/overlay2/f27db95fc6a187109e4902ee10a92a822a4a0a6664acc4333c92c404c5a7d9eb/merged
082313.022: [08:23:13]/dev/mapper/data2-data2lv  6.0T  4.5T  1.2T  80% /DATA/Media/Tmp
082313.023: [08:23:13]overlay                     97G   71G   22G  77% /var/lib/docker/overlay2/c256c651b3606a2b0bd97265904e73b9b5d427605bbfb113c26b91412671a8dc/merged
082313.023: [08:23:13]overlay                     97G   71G   22G  77% /var/lib/docker/overlay2/36405dd3188c588b4aa5d092f2e5dcb5e1f73735d9e2fe15471e2ae613c807e8/merged
082313.023: [08:23:13]overlay                     97G   71G   22G  77% /var/lib/docker/overlay2/fec9b9e1cb387fee7500d060d0703f2c0573ff37107c3dfcb6be047c62960bba/merged
082313.023: [08:23:13]overlay                     97G   71G   22G  77% /var/lib/docker/overlay2/71d44c3a74f497939dcb09d15573f69259b0c2eca3db98f2d88f5a884a267421/merged
082313.023: [08:23:13]overlay                     97G   71G   22G  77% /var/lib/docker/overlay2/f37c98d6612fb3445962d77333799e9ee020f70c98f21e43e0994121521ad3ec/merged
082313.023: [08:23:13]overlay                     97G   71G   22G  77% /var/lib/docker/overlay2/1a835e6ae66574f532450791d550153247cab4f273b9926649b1d64f1c49855e/merged
082313.023: [08:23:13]overlay                     97G   71G   22G  77% /var/lib/docker/overlay2/2f49a0b0a668bff5faf4dddb0155e717bd2b04ec9c9f20fe51e72f1ab1105a8f/merged
082313.024: [08:23:13]overlay                     97G   71G   22G  77% /var/lib/docker/overlay2/4bf80f043542c0b5db8d4f0bc877655d7246a8c975cc750175031f24c8db0123/merged
082313.024: [08:23:13]tmpfs                      1.6G   76K  1.6G   1% /run/user/0
082313.024: [08:23:13]/dev/mapper/video-videolv  4.0T  1.6T  2.2T  42% /opt/XTV-BACKUP
082321.687: [08:23:21][root@172-16-208-2 /opt/XTV-BACKUP]# cd /DATA/Media/XTV-BACKUP/
082322.443: [08:23:22][root@172-16-208-2 /DATA/Media/XTV-BACKUP]# ll
082322.460: [08:23:22]total 4.0K
082322.460: [08:23:22]drwxrwxr-x 5 sambauser sambauser 4.0K Feb 27 16:04 xiaomi_camera_videos
082323.589: [08:23:23][root@172-16-208-2 /DATA/Media/XTV-BACKUP]# cd xiaomi_camera_videos/
082324.254: [08:23:24][root@172-16-208-2 /DATA/Media/XTV-BACKUP/xiaomi_camera_videos]# ll
082324.267: [08:23:24]total 648K
082324.267: [08:23:24]drwxrwxr-x  4527 sambauser sambauser 132K Feb 28 04:56 788b2ac9b9e6
082324.267: [08:23:24]drwxrwxr-x 12793 sambauser sambauser 504K Feb 28 04:04 94f8277f09f8
082324.267: [08:23:24]-rwxr-xr-x     1 root      root       733 Oct  9 17:16 rsync.sh
082324.267: [08:23:24]drwxrwxrwx     3 root      root      4.0K Jan 18 22:08 yancheng
082326.441: [08:23:26][root@172-16-208-2 /DATA/Media/XTV-BACKUP/xiaomi_camera_videos]# cd 788b2ac9b9e6/
082327.177: [08:23:27][root@172-16-208-2 /DATA/Media/XTV-BACKUP/xiaomi_camera_videos/788b2ac9b9e6]# ll
082327.723: [08:23:27]total 18M
082327.723: [08:23:27]drwxrwxrwx 4237 root      root      132K May  8  2025 2024-year
082327.740: [08:23:27]drwxrwxrwx    2 nobody    nogroup   4.0K Feb 27 16:31 2025010100
082327.741: [08:23:27]drwxrwxrwx    2 nobody    nogroup   4.0K Feb 27 16:31 2025010101
082327.741: [08:23:27]drwxrwxrwx    2 nobody    nogroup   4.0K Feb 27 16:31 2025010102
082327.741: [08:23:27]drwxrwxrwx    2 nobody    nogroup   4.0K Feb 27 16:31 2025010103
082327.741: [08:23:27]drwxrwxrwx    2 nobody    nogroup   4.0K Feb 27 16:31 2025010104
082327.741: [08:23:27]drwxrwxrwx    2 nobody    nogroup   4.0K Feb 27 16:31 2025010105
082327.741: [08:23:27]drwxrwxrwx    2 nobody    nogroup   4.0K Feb 27 16:31 2025010106
082327.741: [08:23:27]drwxrwxrwx    2 nobody    nogroup   4.0K Feb 27 16:31 2025010107
082327.741: [08:23:27]drwxrwxrwx    2 nobody    nogroup   4.0K Feb 27 16:31 2025010108
082327.741: [08:23:27]drwxrwxrwx    2 nobody    nogroup   4.0K Feb 27 16:31 2025010112
082327.741: [08:23:27]drwxrwxrwx    2 nobody    nogroup   4.0K Feb 27 16:31 2025010113
082327.741: [08:23:27]drwxrwxrwx    2 nobody    nogroup   4.0K Feb 27 16:31 2025010114
082327.741: [08:23:27]drwxrwxrwx    2 nobody    nogroup   4.0K Feb 27 16:31 2025010115
082327.741: [08:23:27]drwxrwxrwx    2 nobody    nogroup   4.0K Feb 27 16:31 2025010116
082327.741: [08:23:27]drwxrwxrwx    2 nobody    nogroup   4.0K Feb 27 16:31 2025010117
082327.741: [08:23:27]drwxrwxrwx    2 nobody    nogroup   4.0K Feb 27 16:31 2025010118
082327.741: [08:23:27]drwxrwxrwx    2 nobody    nogroup   4.0K Feb 27 16:31 2025010119
082327.741: [08:23:27]drwxrwxrwx    2 nobody    nogroup   4.0K Feb 27 16:31 2025010120
082327.741: [08:23:27]drwxrwxrwx    2 nobody    nogroup   4.0K Feb 27 16:31 2025010121
082327.741: [08:23:27]drwxrwxrwx    2 nobody    nogroup   4.0K Feb 27 16:31 2025010122
082327.741: [08:23:27]drwxrwxrwx    2 nobody    nogroup   4.0K Feb 27 16:31 2025010123
082327.741: [08:23:27]drwxrwxrwx    2 nobody    nogroup   4.0K Feb 27 16:31 2025010200
082327.741: [08:23:27]drwxrwxrwx    2 nobody    nogroup   4.0K Feb 27 16:31 2025010201
082327.741: [08:23:27]drwxrwxrwx    2 nobody    nogroup   4.0K Feb 27 16:31 2025010202
082327.741: [08:23:27]drwxrwxrwx    2 nobody    nogroup   4.0K Feb 27 16:31 2025010203
082327.741: [08:23:27]drwxrwxrwx    2 nobody    nogroup   4.0K Feb 27 16:31 2025010204
082327.741: [08:23:27]drwxrwxrwx    2 nobody    nogroup   4.0K Feb 27 16:31 2025010205
082327.741: [08:23:27]drwxrwxrwx    2 nobody    nogroup   4.0K Feb 27 16:31 2025010206
082327.741: [08:23:27]drwxrwxrwx    2 nobody    nogroup   4.0K Feb 27 16:31 2025010208
082327.741: [08:23:27]drwxrwxrwx    2 nobody    nogroup   4.0K Feb 27 16:31 2025010210
082327.742: [08:23:27]drwxrwxrwx    2 nobody    nogroup   4.0K Feb 27 16:31 2025010211
082327.742: [08:23:27]drwxrwxrwx    2 nobody    nogroup   4.0K Feb 27 16:31 2025010212
082327.742: [08:23:27]drwxrwxrwx    2 nobody    nogroup   4.0K Feb 27 16:31 2025010213
082327.742: [08:23:27]drwxrwxrwx    2 nobody    nogroup   4.0K Feb 27 16:31 2025010214
082327.742: [08:23:27]drwxrwxrwx    2 nobody    nogroup   4.0K Feb 27 16:31 2025010217
082327.742: [08:23:27]drwxrwxrwx    2 nobody    nogroup   4.0K Feb 27 16:31 2025010219
082327.742: [08:23:27]drwxrwxrwx    2 nobody    nogroup   4.0K Feb 27 16:31 2025010220
082327.742: [08:23:27]drwxrwxrwx    2 nobody    nogroup   4.0K Feb 27 16:31 2025010221
082327.742: [08:23:27]drwxrwxrwx    2 nobody    nogroup   4.0K Feb 27 16:31 2025010222
082327.742: [08:23:27]drwxrwxrwx    2 nobody    nogroup   4.0K Feb 27 16:31 2025010223
082327.742: [08:23:27]drwxrwxrwx    2 nobody    nogroup   4.0K Feb 27 16:31 2025010300
082327.742: [08:23:27]drwxrwxrwx    2 nobody    nogroup   4.0K Feb 27 16:31 2025010301
082327.742: [08:23:27]drwxrwxrwx    2 nobody    nogroup   4.0K Feb 27 16:31 2025010302
082327.742: [08:23:27]drwxrwxrwx    2 nobody    nogroup   4.0K Feb 27 16:31 2025010303
082327.742: [08:23:27]drwxrwxrwx    2 nobody    nogroup   4.0K Feb 27 16:31 2025010304
082327.742: [08:23:27]drwxrwxrwx    2 nobody    nogroup   4.0K Feb 27 16:31 2025010305
082327.742: [08:23:27]drwxrwxrwx    2 nobody    nogroup   4.0K Feb 27 16:31 2025010306
082327.742: [08:23:27]drwxrwxrwx    2 nobody    nogroup   4.0K Feb 27 16:31 2025010307
082327.742: [08:23:27]drwxrwxrwx    2 nobody    nogroup   4.0K Feb 27 16:31 2025010309
082327.742: [08:23:27]drwxrwxrwx    2 nobody    nogroup   4.0K Feb 27 16:31 2025010311
082327.742: [08:23:27]drwxrwxrwx    2 nobody    nogroup   4.0K Feb 27 16:31 2025010312
082327.742: [08:23:27]drwxrwxrwx    2 nobody    nogroup   4.0K Feb 27 16:31 2025010313
082327.742: [08:23:27]drwxrwxrwx    2 nobody    nogroup   4.0K Feb 27 16:31 2025010314
082327.742: [08:23:27]drwxrwxrwx    2 nobody    nogroup   4.0K Feb 27 16:31 2025010315
082327.742: [08:23:27]drwxrwxrwx    2 nobody    nogroup   4.0K Feb 27 16:31 2025010317
082327.743: [08:23:27]drwxrwxrwx    2 nobody    nogroup   4.0K Feb 27 16:31 2025010318
082327.743: [08:23:27]drwxrwxrwx    2 nobody    nogroup   4.0K Feb 27 16:31 2025010319
082327.743: [08:23:27]drwxrwxrwx    2 nobody    nogroup   4.0K Feb 27 16:31 2025010320
082327.743: [08:23:27]drwxrwxrwx    2 nobody    nogroup   4.0K Feb 27 16:31 2025010321
082327.743: [08:23:27]drwxrwxrwx    2 nobody    nogroup   4.0K Feb 27 16:31 2025010322
082327.743: [08:23:27]drwxrwxrwx    2 nobody    nogroup   4.0K Feb 27 16:31 2025010323
082327.743: [08:23:27]drwxrwxrwx    2 nobody    nogroup   4.0K Feb 27 16:31 2025010400
082327.743: [08:23:27]drwxrwxrwx    2 nobody    nogroup   4.0K Feb 27 16:31 2025010401
082327.743: [08:23:27]drwxrwxrwx    2 nobody    nogroup   4.0K Feb 27 16:31 2025010402
082327.743: [08:23:27]drwxrwxrwx    2 nobody    nogroup   4.0K Feb 27 16:31 2025010403
082327.743: [08:23:27]drwxrwxrwx    2 nobody    nogroup   4.0K Feb 27 16:31 2025010404
082327.743: [08:23:27]drwxrwxrwx    2 nobody    nogroup   4.0K Feb 27 16:31 2025010405
082327.743: [08:23:27]drwxrwxrwx    2 nobody    nogroup   4.0K Feb 27 16:31 2025010406
082327.743: [08:23:27]drwxrwxrwx    2 nobody    nogroup   4.0K Feb 27 16:31 2025010407
082327.743: [08:23:27]drwxrwxrwx    2 nobody    nogroup   4.0K Feb 27 16:31 2025010408
082327.743: [08:23:27]drwxrwxrwx    2 nobody    nogroup   4.0K Feb 27 16:31 2025010417
082327.743: [08:23:27]drwxrwxrwx    2 nobody    nogroup   4.0K Feb 27 16:31 2025010418
082327.743: [08:23:27]drwxrwxrwx    2 nobody    nogroup   4.0K Feb 27 16:31 2025010419
082327.743: [08:23:27]drwxrwxrwx    2 nobody    nogroup   4.0K Feb 27 16:31 2025010420
082327.743: [08:23:27]drwxrwxrwx    2 nobody    nogroup   4.0K Feb 27 16:31 2025010421
082327.743: [08:23:27]drwxrwxrwx    2 nobody    nogroup   4.0K Feb 27 16:31 2025010422
082327.743: [08:23:27]drwxrwxrwx    2 nobody    nogroup   4.0K Feb 27 16:31 2025010423
082327.743: [08:23:27]drwxrwxrwx    2 nobody    nogroup   4.0K Feb 27 16:31 2025010500
082327.743: [08:23:27]drwxrwxrwx    2 nobody    nogroup   4.0K Feb 27 16:31 2025010501
082327.743: [08:23:27]drwxrwxrwx    2 nobody    nogroup   4.0K Feb 27 16:31 2025010502
082327.744: [08:23:27]drwxrwxrwx    2 nobody    nogroup   4.0K Feb 27 16:31 2025010503
082327.744: [08:23:27]drwxrwxrwx    2 nobody    nogroup   4.0K Feb 27 16:31 2025010504
082327.744: [08:23:27]drwxrwxrwx    2 nobody    nogroup   4.0K Jan 13  2025 2025010601
082327.744: [08:23:27]drwxrwxrwx    2 nobody    nogroup   4.0K Feb 27 16:31 2025010701
082327.744: [08:23:27]drwxrwxrwx    2 nobody    nogroup   4.0K Feb 27 16:31 2025010702
082327.744: [08:23:27]drwxrwxrwx    2 nobody    nogroup   4.0K Feb 27 16:31 2025010703
082327.744: [08:23:27]drwxrwxrwx    2 nobody    nogroup   4.0K Feb 27 16:31 2025010704
082327.744: [08:23:27]drwxrwxrwx    2 nobody    nogroup   4.0K Feb 27 16:31 2025010705
082327.744: [08:23:27]drwxrwxrwx    2 nobody    nogroup   4.0K Feb 27 16:31 2025010706
082327.744: [08:23:27]drwxrwxrwx    2 nobody    nogroup   4.0K Feb 27 16:31 2025010708
082327.744: [08:23:27]drwxrwxrwx    2 nobody    nogroup   4.0K Feb 27 16:31 2025010711
082327.744: [08:23:27]drwxrwxrwx    2 nobody    nogroup   4.0K Feb 27 16:31 2025010713
082327.744: [08:23:27]drwxrwxrwx    2 nobody    nogroup   4.0K Feb 27 16:31 2025010714
082327.744: [08:23:27]drwxrwxrwx    2 nobody    nogroup   4.0K Feb 27 16:31 2025010717
082327.744: [08:23:27]drwxrwxrwx    2 nobody    nogroup   4.0K Feb 27 16:31 2025010718
082327.744: [08:23:27]drwxrwxrwx    2 nobody    nogroup   4.0K Feb 27 16:31 2025010719
082327.744: [08:23:27]drwxrwxrwx    2 nobody    nogroup   4.0K Feb 27 16:31 2025010720
082327.744: [08:23:27]drwxrwxrwx    2 nobody    nogroup   4.0K Feb 27 16:31 2025010721
082327.744: [08:23:27]drwxrwxrwx    2 nobody    nogroup   4.0K Feb 27 16:31 2025010722
082327.744: [08:23:27]drwxrwxrwx    2 nobody    nogroup   4.0K Feb 27 16:31 2025010723
082327.744: [08:23:27]drwxrwxrwx    2 nobody    nogroup   4.0K Jan 15  2025 2025011521
082327.744: [08:23:27]drwxrwxrwx    2 nobody    nogroup   4.0K Jan 23  2025 2025011601
082327.744: [08:23:27]drwxrwxrwx    2 nobody    nogroup   4.0K Jan 24  2025 2025011701
082327.745: [08:23:27]drwxrwxrwx    2 nobody    nogroup   4.0K Jan 25  2025 2025011801
082327.745: [08:23:27]drwxrwxrwx    2 nobody    nogroup   4.0K Jan 26  2025 2025011901
082327.745: [08:23:27]drwxrwxrwx    2 nobody    nogroup   4.0K Jan 27  2025 2025012002
082327.745: [08:23:27]drwxrwxrwx    2 nobody    nogroup   4.0K Jan 28  2025 2025012101
082327.745: [08:23:27]drwxrwxrwx    2 nobody    nogroup   4.0K Jan 29  2025 2025012201
082327.745: [08:23:27]drwxrwxrwx    2 nobody    nogroup   4.0K Jan 30  2025 2025012301
082327.745: [08:23:27]drwxrwxrwx    2 nobody    nogroup   4.0K Jan 31  2025 2025012401
082327.745: [08:23:27]drwxrwxrwx    2 nobody    nogroup   4.0K Feb  1  2025 2025012501
082327.745: [08:23:27]drwxrwxrwx    2 nobody    nogroup   4.0K Feb  2  2025 2025012601
082327.745: [08:23:27]drwxrwxrwx    2 nobody    nogroup   4.0K Feb  3  2025 2025012701
082327.745: [08:23:27]drwxrwxrwx    2 nobody    nogroup   4.0K Feb  4  2025 2025012801
082327.745: [08:23:27]drwxrwxrwx    2 nobody    nogroup   4.0K Feb  5  2025 2025012901
082327.745: [08:23:27]drwxrwxrwx    2 nobody    nogroup   4.0K Feb  6  2025 2025013001
082327.745: [08:23:27]drwxrwxrwx    2 nobody    nogroup   4.0K Feb  7  2025 2025013101
082327.745: [08:23:27]drwxrwxrwx    2 nobody    nogroup   4.0K Feb  8  2025 2025020101
082327.745: [08:23:27]drwxrwxrwx    2 nobody    nogroup   4.0K Feb  9  2025 2025020201
082327.745: [08:23:27]drwxrwxrwx    2 nobody    nogroup   4.0K Feb 10  2025 2025020301
082327.745: [08:23:27]drwxrwxrwx    2 nobody    nogroup   4.0K Feb 11  2025 2025020401
082327.745: [08:23:27]drwxrwxrwx    2 nobody    nogroup   4.0K Feb 12  2025 2025020501
082327.745: [08:23:27]drwxrwxrwx    2 nobody    nogroup   4.0K Feb 13  2025 2025020601
082327.745: [08:23:27]drwxrwxrwx    2 nobody    nogroup   4.0K Feb 14  2025 2025020701
082327.745: [08:23:27]drwxrwxrwx    2 nobody    nogroup   4.0K Feb 15  2025 2025020801
082327.745: [08:23:27]drwxrwxrwx    2 nobody    nogroup   4.0K Feb 16  2025 2025020901
082327.746: [08:23:27]drwxrwxrwx    2 nobody    nogroup   4.0K Feb 17  2025 2025021001
082327.746: [08:23:27]drwxrwxrwx    2 nobody    nogroup   4.0K Feb 18  2025 2025021101
082327.746: [08:23:27]drwxrwxrwx    2 nobody    nogroup   4.0K Feb 27 16:31 2025021119
082327.746: [08:23:27]drwxrwxrwx    2 nobody    nogroup   4.0K Feb 27 16:31 2025021120
082327.746: [08:23:27]drwxrwxrwx    2 nobody    nogroup   4.0K Feb 27 16:31 2025021121
082327.746: [08:23:27]drwxrwxrwx    2 nobody    nogroup   4.0K Feb 27 16:31 2025021122
082327.746: [08:23:27]drwxrwxrwx    2 nobody    nogroup   4.0K Feb 27 16:31 2025021123
082327.746: [08:23:27]drwxrwxrwx    2 nobody    nogroup   4.0K Feb 27 16:31 2025021200
082327.746: [08:23:27]drwxrwxrwx    2 nobody    nogroup   4.0K Feb 27 16:31 2025021201
082327.746: [08:23:27]drwxrwxrwx    2 nobody    nogroup   4.0K Feb 27 16:31 2025021202
082327.746: [08:23:27]drwxrwxrwx    2 nobody    nogroup   4.0K Feb 27 16:31 2025021203
082327.746: [08:23:27]drwxrwxrwx    2 nobody    nogroup   4.0K Feb 27 16:31 2025021204
082327.746: [08:23:27]drwxrwxrwx    2 nobody    nogroup   4.0K Feb 27 16:31 2025021205
082327.746: [08:23:27]drwxrwxrwx    2 nobody    nogroup   4.0K Feb 27 16:31 2025021206
082327.746: [08:23:27]drwxrwxrwx    2 nobody    nogroup   4.0K Feb 27 16:31 2025021207
082327.746: [08:23:27]drwxrwxrwx    2 nobody    nogroup   4.0K Feb 27 16:31 2025021209
082327.747: [08:23:27]drwxrwxrwx    2 nobody    nogroup   4.0K Feb 27 16:31 2025021210
082327.747: [08:23:27]drwxrwxrwx    2 nobody    nogroup   4.0K Feb 27 16:31 2025021212
082327.747: [08:23:27]drwxrwxrwx    2 nobody    nogroup   4.0K Feb 27 16:32 2025021213
082327.747: [08:23:27]drwxrwxrwx    2 nobody    nogroup   4.0K Feb 27 16:32 2025021214
082327.747: [08:23:27]drwxrwxrwx    2 nobody    nogroup   4.0K Feb 27 16:32 2025021220
082327.747: [08:23:27]drwxrwxrwx    2 nobody    nogroup   4.0K Feb 27 16:32 2025021221
082327.747: [08:23:27]drwxrwxrwx    2 nobody    nogroup   4.0K Feb 27 16:32 2025021222
082327.747: [08:23:27]drwxrwxrwx    2 nobody    nogroup   4.0K Feb 27 16:32 2025021223
082327.747: [08:23:27]drwxrwxrwx    2 nobody    nogroup   4.0K Feb 27 16:32 2025021300
082327.748: [08:23:27]drwxrwxrwx    2 nobody    nogroup   4.0K Feb 27 16:32 2025021301
082327.748: [08:23:27]drwxrwxrwx    2 nobody    nogroup   4.0K Feb 27 16:32 2025021302
082327.748: [08:23:27]drwxrwxrwx    2 nobody    nogroup   4.0K Feb 27 16:32 2025021303
082327.748: [08:23:27]drwxrwxrwx    2 nobody    nogroup   4.0K Feb 27 16:32 2025021304
082327.748: [08:23:27]drwxrwxrwx    2 nobody    nogroup   4.0K Feb 27 16:32 2025021305
082327.748: [08:23:27]drwxrwxrwx    2 nobody    nogroup   4.0K Feb 27 16:32 2025021306
082327.748: [08:23:27]drwxrwxrwx    2 nobody    nogroup   4.0K Feb 27 16:32 2025021307
082327.748: [08:23:27]drwxrwxrwx    2 nobody    nogroup   4.0K Feb 27 16:32 2025021309
082327.748: [08:23:27]drwxrwxrwx    2 nobody    nogroup   4.0K Feb 27 16:32 2025021310
082327.748: [08:23:27]drwxrwxrwx    2 nobody    nogroup   4.0K Feb 27 16:32 2025021311
082327.748: [08:23:27]drwxrwxrwx    2 nobody    nogroup   4.0K Feb 27 16:32 2025021312
082327.748: [08:23:27]drwxrwxrwx    2 nobody    nogroup   4.0K Feb 27 16:32 2025021313
082327.748: [08:23:27]drwxrwxrwx    2 nobody    nogroup   4.0K Feb 27 16:32 2025021314
082327.748: [08:23:27]drwxrwxrwx    2 nobody    nogroup   4.0K Feb 27 16:32 2025021318
082327.748: [08:23:27]drwxrwxrwx    2 nobody    nogroup   4.0K Feb 27 16:32 2025021319
082327.748: [08:23:27]drwxrwxrwx    2 nobody    nogroup   4.0K Feb 27 16:32 2025021320
082327.748: [08:23:27]drwxrwxrwx    2 nobody    nogroup   4.0K Feb 27 16:32 2025021321
082327.748: [08:23:27]drwxrwxrwx    2 nobody    nogroup   4.0K Feb 27 16:32 2025021322
082327.748: [08:23:27]drwxrwxrwx    2 nobody    nogroup   4.0K Feb 27 16:32 2025021323
082327.749: [08:23:27]drwxrwxrwx    2 nobody    nogroup   4.0K Feb 27 16:32 2025021400
082327.749: [08:23:27]drwxrwxrwx    2 nobody    nogroup   4.0K Feb 27 16:32 2025021401
082327.749: [08:23:27]drwxrwxrwx    2 nobody    nogroup   4.0K Feb 27 16:32 2025021402
082327.749: [08:23:27]drwxrwxrwx    2 nobody    nogroup   4.0K Feb 27 16:32 2025021403
082327.749: [08:23:27]drwxrwxrwx    2 nobody    nogroup   4.0K Feb 27 16:32 2025021404
082327.749: [08:23:27]drwxrwxrwx    2 nobody    nogroup   4.0K Feb 27 16:32 2025021405
082327.749: [08:23:27]drwxrwxrwx    2 nobody    nogroup   4.0K Feb 27 16:32 2025021406
082327.749: [08:23:27]drwxrwxrwx    2 nobody    nogroup   4.0K Feb 27 16:32 2025021407
082327.749: [08:23:27]drwxrwxrwx    2 nobody    nogroup   4.0K Feb 27 16:32 2025021408
082327.749: [08:23:27]drwxrwxrwx    2 nobody    nogroup   4.0K Feb 27 16:32 2025021409
082327.749: [08:23:27]drwxrwxrwx    2 nobody    nogroup   4.0K Feb 27 16:32 2025021411
082327.749: [08:23:27]drwxrwxrwx    2 nobody    nogroup   4.0K Feb 27 16:32 2025021412
082327.749: [08:23:27]drwxrwxrwx    2 nobody    nogroup   4.0K Feb 27 16:32 2025021413
082327.749: [08:23:27]drwxrwxrwx    2 nobody    nogroup   4.0K Feb 27 16:32 2025021414
082327.749: [08:23:27]drwxrwxrwx    2 nobody    nogroup   4.0K Feb 27 16:32 2025021417
082327.749: [08:23:27]drwxrwxrwx    2 nobody    nogroup   4.0K Feb 27 16:32 2025021418
082327.749: [08:23:27]drwxrwxrwx    2 nobody    nogroup   4.0K Feb 27 16:32 2025021419
082327.749: [08:23:27]drwxrwxrwx    2 nobody    nogroup   4.0K Feb 27 16:32 2025021420
082327.749: [08:23:27]drwxrwxrwx    2 nobody    nogroup   4.0K Feb 27 16:32 2025021421
082327.749: [08:23:27]drwxrwxrwx    2 nobody    nogroup   4.0K Feb 27 16:32 2025021422
082327.749: [08:23:27]drwxrwxrwx    2 nobody    nogroup   4.0K Feb 27 16:32 2025021423
082327.749: [08:23:27]drwxrwxrwx    2 nobody    nogroup   4.0K Feb 27 16:32 2025021500
082327.749: [08:23:27]drwxrwxrwx    2 nobody    nogroup   4.0K Feb 27 16:32 2025021501
082327.749: [08:23:27]drwxrwxrwx    2 nobody    nogroup   4.0K Feb 27 16:32 2025021502
082327.749: [08:23:27]drwxrwxrwx    2 nobody    nogroup   4.0K Feb 27 16:32 2025021503
082327.749: [08:23:27]drwxrwxrwx    2 nobody    nogroup   4.0K Feb 27 16:32 2025021504
082327.750: [08:23:27]drwxrwxrwx    2 nobody    nogroup   4.0K Feb 27 16:32 2025021505
082327.750: [08:23:27]drwxrwxrwx    2 nobody    nogroup   4.0K Feb 27 16:32 2025021506
082327.750: [08:23:27]drwxrwxrwx    2 nobody    nogroup   4.0K Feb 27 16:32 2025021507
082327.750: [08:23:27]drwxrwxrwx    2 nobody    nogroup   4.0K Feb 27 16:32 2025021508
082327.750: [08:23:27]drwxrwxrwx    2 nobody    nogroup   4.0K Feb 27 16:32 2025021510
082327.750: [08:23:27]drwxrwxrwx    2 nobody    nogroup   4.0K Feb 27 16:33 2025021512
082327.750: [08:23:27]drwxrwxrwx    2 nobody    nogroup   4.0K Feb 27 16:33 2025021513
082327.750: [08:23:27]drwxrwxrwx    2 nobody    nogroup   4.0K Feb 27 16:33 2025021514
082327.750: [08:23:27]drwxrwxrwx    2 nobody    nogroup   4.0K Feb 27 16:33 2025021515
082327.750: [08:23:27]drwxrwxrwx    2 nobody    nogroup   4.0K Feb 27 16:33 2025021517
082327.750: [08:23:27]drwxrwxrwx    2 nobody    nogroup   4.0K Feb 27 16:33 2025021518
082327.750: [08:23:27]drwxrwxrwx    2 nobody    nogroup   4.0K Feb 27 16:33 2025021519
082327.750: [08:23:27]drwxrwxrwx    2 nobody    nogroup   4.0K Feb 27 16:33 2025021520
082327.750: [08:23:27]drwxrwxrwx    2 nobody    nogroup   4.0K Feb 27 16:33 2025021521
082327.750: [08:23:27]drwxrwxrwx    2 nobody    nogroup   4.0K Feb 27 16:33 2025021522
082327.750: [08:23:27]drwxrwxrwx    2 nobody    nogroup   4.0K Feb 27 16:33 2025021523
082327.750: [08:23:27]drwxrwxrwx    2 nobody    nogroup   4.0K Feb 27 16:33 2025021600
082327.751: [08:23:27]drwxrwxrwx    2 nobody    nogroup   4.0K Feb 27 16:33 2025021601
082327.751: [08:23:27]drwxrwxrwx    2 nobody    nogroup   4.0K Feb 27 16:33 2025021602
082327.751: [08:23:27]drwxrwxrwx    2 nobody    nogroup   4.0K Feb 27 16:33 2025021603
082327.751: [08:23:27]drwxrwxrwx    2 nobody    nogroup   4.0K Feb 27 16:33 2025021604
082327.751: [08:23:27]drwxrwxrwx    2 nobody    nogroup   4.0K Feb 27 16:33 2025021605
082327.751: [08:23:27]drwxrwxrwx    2 nobody    nogroup   4.0K Feb 27 16:33 2025021606
082327.751: [08:23:27]drwxrwxrwx    2 nobody    nogroup   4.0K Feb 27 16:33 2025021607
082327.751: [08:23:27]drwxrwxrwx    2 nobody    nogroup   4.0K Feb 27 16:33 2025021608
082327.751: [08:23:27]drwxrwxrwx    2 nobody    nogroup   4.0K Feb 27 16:33 2025021609
082327.751: [08:23:27]drwxrwxrwx    2 nobody    nogroup   4.0K Feb 27 16:33 2025021612
082327.751: [08:23:27]drwxrwxrwx    2 nobody    nogroup   4.0K Feb 27 16:33 2025021617
082327.751: [08:23:27]drwxrwxrwx    2 nobody    nogroup   4.0K Feb 27 16:33 2025021618
082327.751: [08:23:27]drwxrwxrwx    2 nobody    nogroup   4.0K Feb 27 16:33 2025021619
082327.751: [08:23:27]drwxrwxrwx    2 nobody    nogroup   4.0K Feb 27 16:33 2025021620
082327.751: [08:23:27]drwxrwxrwx    2 nobody    nogroup   4.0K Feb 27 16:33 2025021621
082327.751: [08:23:27]drwxrwxrwx    2 nobody    nogroup   4.0K Feb 27 16:33 2025021622
082327.751: [08:23:27]drwxrwxrwx    2 nobody    nogroup   4.0K Feb 27 16:33 2025021623
082327.751: [08:23:27]drwxrwxrwx    2 nobody    nogroup   4.0K Feb 27 16:33 2025021700
082327.751: [08:23:27]drwxrwxrwx    2 nobody    nogroup   4.0K Feb 27 16:33 2025021701
082327.751: [08:23:27]drwxrwxrwx    2 nobody    nogroup   4.0K Feb 27 16:33 2025021702
082327.751: [08:23:27]drwxrwxrwx    2 nobody    nogroup   4.0K Feb 27 16:33 2025021703
082327.751: [08:23:27]drwxrwxrwx    2 nobody    nogroup   4.0K Feb 27 16:33 2025021704
082327.751: [08:23:27]drwxrwxrwx    2 nobody    nogroup   4.0K Feb 27 16:33 2025021705
082327.751: [08:23:27]drwxrwxrwx    2 nobody    nogroup   4.0K Feb 27 16:33 2025021706
082327.751: [08:23:27]drwxrwxrwx    2 nobody    nogroup   4.0K Feb 27 16:33 2025021707
082327.751: [08:23:27]drwxrwxrwx    2 nobody    nogroup   4.0K Feb 27 16:33 2025021708
082327.751: [08:23:27]drwxrwxrwx    2 nobody    nogroup   4.0K Feb 27 16:33 2025021709
082327.751: [08:23:27]drwxrwxrwx    2 nobody    nogroup   4.0K Feb 27 16:33 2025021710
082327.752: [08:23:27]drwxrwxrwx    2 nobody    nogroup   4.0K Feb 27 16:33 2025021711
082327.752: [08:23:27]drwxrwxrwx    2 nobody    nogroup   4.0K Feb 27 16:33 2025021712
082327.752: [08:23:27]drwxrwxrwx    2 nobody    nogroup   4.0K Feb 27 16:33 2025021713
082327.752: [08:23:27]drwxrwxrwx    2 nobody    nogroup   4.0K Feb 27 16:33 2025021714
082327.752: [08:23:27]drwxrwxrwx    2 nobody    nogroup   4.0K Feb 27 16:33 2025021716
082327.752: [08:23:27]drwxrwxrwx    2 nobody    nogroup   4.0K Feb 27 16:33 2025021717
082327.752: [08:23:27]drwxrwxrwx    2 nobody    nogroup   4.0K Feb 27 16:33 2025021718
082327.752: [08:23:27]drwxrwxrwx    2 nobody    nogroup   4.0K Feb 27 16:33 2025021719
082327.752: [08:23:27]drwxrwxrwx    2 nobody    nogroup   4.0K Feb 27 16:33 2025021720
082327.752: [08:23:27]drwxrwxrwx    2 nobody    nogroup   4.0K Feb 27 16:33 2025021721
082327.752: [08:23:27]drwxrwxrwx    2 nobody    nogroup   4.0K Feb 27 16:33 2025021722
082327.752: [08:23:27]drwxrwxrwx    2 nobody    nogroup   4.0K Feb 27 16:33 2025021723
082327.752: [08:23:27]drwxrwxrwx    2 nobody    nogroup   4.0K Feb 27 16:33 2025021800
082327.752: [08:23:27]drwxrwxrwx    2 nobody    nogroup   4.0K Feb 27 16:33 2025021801
082327.752: [08:23:27]drwxrwxrwx    2 nobody    nogroup   4.0K Feb 27 16:33 2025021802
082327.752: [08:23:27]drwxrwxrwx    2 nobody    nogroup   4.0K Feb 27 16:33 2025021803
082327.752: [08:23:27]drwxrwxrwx    2 nobody    nogroup   4.0K Feb 27 16:33 2025021804
082327.752: [08:23:27]drwxrwxrwx    2 nobody    nogroup   4.0K Feb 27 16:33 2025021805
082327.752: [08:23:27]drwxrwxrwx    2 nobody    nogroup   4.0K Feb 27 16:33 2025021806
082327.752: [08:23:27]drwxrwxrwx    2 nobody    nogroup   4.0K Feb 27 16:33 2025021808
082327.752: [08:23:27]drwxrwxrwx    2 nobody    nogroup   4.0K Feb 27 16:33 2025021809
082327.752: [08:23:27]drwxrwxrwx    2 nobody    nogroup   4.0K Feb 27 16:34 2025021811
082327.752: [08:23:27]drwxrwxrwx    2 nobody    nogroup   4.0K Feb 27 16:34 2025021812
082327.752: [08:23:27]drwxrwxrwx    2 nobody    nogroup   4.0K Feb 27 16:34 2025021813
082327.752: [08:23:27]drwxrwxrwx    2 nobody    nogroup   4.0K Feb 27 16:34 2025021814
082327.752: [08:23:27]drwxrwxrwx    2 nobody    nogroup   4.0K Feb 27 16:34 2025021815
082327.753: [08:23:27]drwxrwxrwx    2 nobody    nogroup   4.0K Feb 27 16:34 2025021816
082327.753: [08:23:27]drwxrwxrwx    2 nobody    nogroup   4.0K Feb 27 16:34 2025021817
082327.753: [08:23:27]drwxrwxrwx    2 nobody    nogroup   4.0K Feb 27 16:34 2025021818
082327.753: [08:23:27]drwxrwxrwx    2 nobody    nogroup   4.0K Feb 27 16:34 2025021819
082327.753: [08:23:27]drwxrwxrwx    2 nobody    nogroup   4.0K Feb 20  2025 2025021820
082327.753: [08:23:27]drwxrwxrwx    2 nobody    nogroup   4.0K Feb 27 16:34 2025021901
082327.753: [08:23:27]drwxrwxrwx    2 nobody    nogroup   4.0K Feb 27 16:34 2025021902
082327.753: [08:23:27]drwxrwxrwx    2 nobody    nogroup   4.0K Feb 27 16:34 2025021903
082327.753: [08:23:27]drwxrwxrwx    2 nobody    nogroup   4.0K Feb 27 16:34 2025021904
082327.753: [08:23:27]drwxrwxrwx    2 nobody    nogroup   4.0K Feb 27 16:34 2025021905
082327.753: [08:23:27]drwxrwxrwx    2 nobody    nogroup   4.0K Feb 27 16:34 2025021906
082327.753: [08:23:27]drwxrwxrwx    2 nobody    nogroup   4.0K Feb 27 16:34 2025021907
082327.753: [08:23:27]drwxrwxrwx    2 nobody    nogroup   4.0K Feb 27 16:34 2025021909
082327.753: [08:23:27]drwxrwxrwx    2 nobody    nogroup   4.0K Feb 27 16:34 2025021911
082327.753: [08:23:27]drwxrwxrwx    2 nobody    nogroup   4.0K Feb 27 16:34 2025021912
082327.753: [08:23:27]drwxrwxrwx    2 nobody    nogroup   4.0K Feb 27 16:34 2025021913
082327.753: [08:23:27]drwxrwxrwx    2 nobody    nogroup   4.0K Feb 27 16:34 2025021914
082327.753: [08:23:27]drwxrwxrwx    2 nobody    nogroup   4.0K Feb 27 16:34 2025021915
082327.753: [08:23:27]drwxrwxrwx    2 nobody    nogroup   4.0K Feb 27 16:34 2025021917
082327.753: [08:23:27]drwxrwxrwx    2 nobody    nogroup   4.0K Feb 27 16:34 2025021918
082327.753: [08:23:27]drwxrwxrwx    2 nobody    nogroup   4.0K Feb 27 16:34 2025021919
082327.753: [08:23:27]drwxrwxrwx    2 nobody    nogroup   4.0K Feb 27 16:34 2025021920
082327.753: [08:23:27]drwxrwxrwx    2 nobody    nogroup   4.0K Feb 27 16:34 2025021921
082327.753: [08:23:27]drwxrwxrwx    2 nobody    nogroup   4.0K Feb 27 16:34 2025021922
082327.753: [08:23:27]drwxrwxrwx    2 nobody    nogroup   4.0K Feb 27 16:34 2025021923
082327.754: [08:23:27]drwxrwxrwx    2 nobody    nogroup   4.0K Feb 27 16:34 2025022000
082327.754: [08:23:27]drwxrwxrwx    2 nobody    nogroup   4.0K Feb 27 16:34 2025022001
082327.754: [08:23:27]drwxrwxrwx    2 nobody    nogroup   4.0K Feb 27 16:34 2025022002
082327.754: [08:23:27]drwxrwxrwx    2 nobody    nogroup   4.0K Feb 27 16:34 2025022003
082327.754: [08:23:27]drwxrwxrwx    2 nobody    nogroup   4.0K Feb 27 16:34 2025022004
082327.754: [08:23:27]drwxrwxrwx    2 nobody    nogroup   4.0K Feb 27 16:34 2025022005
082327.754: [08:23:27]drwxrwxrwx    2 nobody    nogroup   4.0K Feb 27 16:34 2025022006
082327.754: [08:23:27]drwxrwxrwx    2 nobody    nogroup   4.0K Feb 27 16:34 2025022009
082327.754: [08:23:27]drwxrwxrwx    2 nobody    nogroup   4.0K Feb 27 16:34 2025022011
082327.754: [08:23:27]drwxrwxrwx    2 nobody    nogroup   4.0K Feb 27 16:34 2025022012
082327.754: [08:23:27]drwxrwxrwx    2 nobody    nogroup   4.0K Feb 27 16:34 2025022013
082327.754: [08:23:27]drwxrwxrwx    2 nobody    nogroup   4.0K Feb 27 16:34 2025022014
082327.754: [08:23:27]drwxrwxrwx    2 nobody    nogroup   4.0K Feb 27 16:34 2025022017
082327.754: [08:23:27]drwxrwxrwx    2 nobody    nogroup   4.0K Feb 27 16:34 2025022018
082327.754: [08:23:27]drwxrwxrwx    2 nobody    nogroup   4.0K Feb 27 16:34 2025022020
082327.754: [08:23:27]drwxrwxrwx    2 nobody    nogroup   4.0K Feb 27 16:34 2025022021
082327.754: [08:23:27]drwxrwxrwx    2 nobody    nogroup   4.0K Feb 27 16:34 2025022022
082327.754: [08:23:27]drwxrwxrwx    2 nobody    nogroup   4.0K Feb 27 16:34 2025022023
082327.754: [08:23:27]drwxrwxrwx    2 nobody    nogroup   4.0K Feb 27 16:34 2025022100
082327.754: [08:23:27]drwxrwxrwx    2 nobody    nogroup   4.0K Feb 27 16:34 2025022101
082327.754: [08:23:27]drwxrwxrwx    2 nobody    nogroup   4.0K Feb 27 16:34 2025022102
082327.754: [08:23:27]drwxrwxrwx    2 nobody    nogroup   4.0K Feb 27 16:34 2025022103
082327.754: [08:23:27]drwxrwxrwx    2 nobody    nogroup   4.0K Feb 27 16:34 2025022104
082327.754: [08:23:27]drwxrwxrwx    2 nobody    nogroup   4.0K Feb 27 16:34 2025022105
082327.754: [08:23:27]drwxrwxrwx    2 nobody    nogroup   4.0K Feb 27 16:34 2025022106
082327.754: [08:23:27]drwxrwxrwx    2 nobody    nogroup   4.0K Feb 27 16:34 2025022107
082327.755: [08:23:27]drwxrwxrwx    2 nobody    nogroup   4.0K Feb 27 16:34 2025022109
082327.755: [08:23:27]drwxrwxrwx    2 nobody    nogroup   4.0K Feb 27 16:34 2025022110
082327.755: [08:23:27]drwxrwxrwx    2 nobody    nogroup   4.0K Feb 27 16:34 2025022111
082327.755: [08:23:27]drwxrwxrwx    2 nobody    nogroup   4.0K Feb 27 16:34 2025022112
082327.755: [08:23:27]drwxrwxrwx    2 nobody    nogroup   4.0K Feb 27 16:34 2025022113
082327.755: [08:23:27]drwxrwxrwx    2 nobody    nogroup   4.0K Feb 27 16:34 2025022114
082327.755: [08:23:27]drwxrwxrwx    2 nobody    nogroup   4.0K Feb 27 16:34 2025022117
082327.755: [08:23:27]drwxrwxrwx    2 nobody    nogroup   4.0K Feb 27 16:34 2025022118
082327.755: [08:23:27]drwxrwxrwx    2 nobody    nogroup   4.0K Feb 27 16:34 2025022119
082327.755: [08:23:27]drwxrwxrwx    2 nobody    nogroup   4.0K Feb 27 16:34 2025022120
082327.755: [08:23:27]drwxrwxrwx    2 nobody    nogroup   4.0K Feb 27 16:34 2025022121
082327.755: [08:23:27]drwxrwxrwx    2 nobody    nogroup   4.0K Feb 27 16:34 2025022122
082327.755: [08:23:27]drwxrwxrwx    2 nobody    nogroup   4.0K Feb 27 16:34 2025022123
082327.755: [08:23:27]drwxrwxrwx    2 nobody    nogroup   4.0K Feb 27 16:34 2025022200
082327.755: [08:23:27]drwxrwxrwx    2 nobody    nogroup   4.0K Feb 27 16:34 2025022201
082327.755: [08:23:27]drwxrwxrwx    2 nobody    nogroup   4.0K Feb 27 16:34 2025022202
082327.755: [08:23:27]drwxrwxrwx    2 nobody    nogroup   4.0K Feb 27 16:34 2025022203
082327.755: [08:23:27]drwxrwxrwx    2 nobody    nogroup   4.0K Feb 27 16:34 2025022204
082327.755: [08:23:27]drwxrwxrwx    2 nobody    nogroup   4.0K Feb 27 16:34 2025022205
082327.755: [08:23:27]drwxrwxrwx    2 nobody    nogroup   4.0K Feb 27 16:34 2025022206
082327.755: [08:23:27]drwxrwxrwx    2 nobody    nogroup   4.0K Feb 27 16:34 2025022207
082327.755: [08:23:27]drwxrwxrwx    2 nobody    nogroup   4.0K Feb 27 16:34 2025022421
082327.755: [08:23:27]drwxrwxrwx    2 nobody    nogroup   4.0K Feb 27 16:34 2025022422
082327.755: [08:23:27]drwxrwxrwx    2 nobody    nogroup   4.0K Feb 27 16:34 2025022423
082327.755: [08:23:27]drwxrwxrwx    2 nobody    nogroup   4.0K Feb 27 16:34 2025022500
082327.756: [08:23:27]drwxrwxrwx    2 nobody    nogroup   4.0K Feb 27 16:34 2025022501
082327.756: [08:23:27]drwxrwxrwx    2 nobody    nogroup   4.0K Feb 27 16:34 2025022502
082327.756: [08:23:27]drwxrwxrwx    2 nobody    nogroup   4.0K Feb 27 16:34 2025022503
082327.756: [08:23:27]drwxrwxrwx    2 nobody    nogroup   4.0K Feb 27 16:34 2025022504
082327.756: [08:23:27]drwxrwxrwx    2 nobody    nogroup   4.0K Feb 27 16:34 2025022505
082327.756: [08:23:27]drwxrwxrwx    2 nobody    nogroup   4.0K Feb 27 16:34 2025022506
082327.756: [08:23:27]drwxrwxrwx    2 nobody    nogroup   4.0K Mar  5  2025 2025022601
082327.756: [08:23:27]drwxrwxrwx    2 nobody    nogroup   4.0K Mar  6  2025 2025022701
082327.756: [08:23:27]drwxrwxrwx    2 nobody    nogroup   4.0K Mar  7  2025 2025022801
082327.756: [08:23:27]drwxrwxrwx    2 nobody    nogroup   4.0K Mar  8  2025 2025030101
082327.756: [08:23:27]drwxrwxrwx    2 nobody    nogroup   4.0K Mar  9  2025 2025030201
082327.756: [08:23:27]drwxrwxrwx    2 nobody    nogroup   4.0K Mar 10  2025 2025030301
082327.756: [08:23:27]drwxrwxrwx    2 nobody    nogroup   4.0K Mar 11  2025 2025030401
082327.756: [08:23:27]drwxrwxrwx    2 nobody    nogroup   4.0K Feb 27 16:34 2025031010
082327.756: [08:23:27]drwxrwxrwx    2 nobody    nogroup   4.0K Feb 27 16:34 2025031011
082327.756: [08:23:27]drwxrwxrwx    2 nobody    nogroup   4.0K Feb 27 16:34 2025031012
082327.756: [08:23:27]drwxrwxrwx    2 nobody    nogroup   4.0K Feb 27 16:34 2025031015
082327.756: [08:23:27]drwxrwxrwx    2 nobody    nogroup   4.0K Feb 27 16:34 2025031018
082327.756: [08:23:27]drwxrwxrwx    2 nobody    nogroup   4.0K Mar 16  2025 2025031020
082327.756: [08:23:27]drwxrwxrwx    2 nobody    nogroup   4.0K Mar 18  2025 2025031101
082327.756: [08:23:27]drwxrwxrwx    2 nobody    nogroup   4.0K Mar 18  2025 2025031209
082327.756: [08:23:27]drwxrwxrwx    2 nobody    nogroup   4.0K Mar 20  2025 2025031301
082327.756: [08:23:27]drwxrwxrwx    2 nobody    nogroup   4.0K Mar 21  2025 2025031401
082327.756: [08:23:27]drwxrwxrwx    2 nobody    nogroup   4.0K Mar 22  2025 2025031501
082327.756: [08:23:27]drwxrwxrwx    2 nobody    nogroup   4.0K Mar 23  2025 2025031601
082327.756: [08:23:27]drwxrwxrwx    2 nobody    nogroup   4.0K Mar 24  2025 2025031701
082327.756: [08:23:27]drwxrwxrwx    2 nobody    nogroup   4.0K Mar 25  2025 2025031801
082327.756: [08:23:27]drwxrwxrwx    2 nobody    nogroup   4.0K Feb 27 16:34 2025031901
082327.757: [08:23:27]drwxrwxrwx    2 nobody    nogroup   4.0K Mar 28  2025 2025032101
082327.757: [08:23:27]drwxrwxrwx    2 nobody    nogroup   4.0K Mar 29  2025 2025032201
082327.757: [08:23:27]drwxrwxrwx    2 nobody    nogroup   4.0K Mar 30  2025 2025032301
082327.757: [08:23:27]drwxrwxrwx    2 nobody    nogroup   4.0K Mar 31  2025 2025032401
082327.757: [08:23:27]drwxrwxrwx    2 nobody    nogroup   4.0K Apr  1  2025 2025032501
082327.757: [08:23:27]drwxrwxrwx    2 nobody    nogroup   4.0K Feb 27 16:34 2025032601
082327.757: [08:23:27]drwxrwxrwx    2 nobody    nogroup   4.0K Feb 27 16:34 2025032602
082327.757: [08:23:27]drwxrwxrwx    2 nobody    nogroup   4.0K Feb 27 16:34 2025032603
082327.757: [08:23:27]drwxrwxrwx    2 nobody    nogroup   4.0K Feb 27 16:34 2025032604
082327.757: [08:23:27]drwxrwxrwx    2 nobody    nogroup   4.0K Feb 27 16:34 2025032605
082327.757: [08:23:27]drwxrwxrwx    2 nobody    nogroup   4.0K Feb 27 16:34 2025032606
082327.757: [08:23:27]drwxrwxrwx    2 nobody    nogroup   4.0K Feb 27 16:34 2025032607
082327.757: [08:23:27]drwxrwxrwx    2 nobody    nogroup   4.0K Feb 27 16:34 2025032609
082327.757: [08:23:27]drwxrwxrwx    2 nobody    nogroup   4.0K Feb 27 16:34 2025032614
082327.757: [08:23:27]drwxrwxrwx    2 nobody    nogroup   4.0K Feb 27 16:34 2025032615
082327.757: [08:23:27]drwxrwxrwx    2 nobody    nogroup   4.0K Feb 27 16:34 2025032618
082327.757: [08:23:27]drwxrwxrwx    2 nobody    nogroup   4.0K Feb 27 16:34 2025032619
082327.757: [08:23:27]drwxrwxrwx    2 nobody    nogroup   4.0K Feb 27 16:34 2025032620
082327.757: [08:23:27]drwxrwxrwx    2 nobody    nogroup   4.0K Feb 27 16:34 2025032621
082327.757: [08:23:27]drwxrwxrwx    2 nobody    nogroup   4.0K Feb 27 16:34 2025032622
082327.757: [08:23:27]drwxrwxrwx    2 nobody    nogroup   4.0K Feb 27 16:34 2025032623
082327.757: [08:23:27]drwxrwxrwx    2 nobody    nogroup   4.0K Feb 27 16:34 2025032700
082327.757: [08:23:27]drwxrwxrwx    2 nobody    nogroup   4.0K Feb 27 16:34 2025032701
082327.757: [08:23:27]drwxrwxrwx    2 nobody    nogroup   4.0K Feb 27 16:34 2025032702
082327.757: [08:23:27]drwxrwxrwx    2 nobody    nogroup   4.0K Feb 27 16:34 2025032703
082327.757: [08:23:27]drwxrwxrwx    2 nobody    nogroup   4.0K Feb 27 16:34 2025032704
082327.757: [08:23:27]drwxrwxrwx    2 nobody    nogroup   4.0K Feb 27 16:34 2025032705
082327.758: [08:23:27]drwxrwxrwx    2 nobody    nogroup   4.0K Feb 27 16:34 2025032706
082327.758: [08:23:27]drwxrwxrwx    2 nobody    nogroup   4.0K Feb 27 16:34 2025032711
082327.758: [08:23:27]drwxrwxrwx    2 nobody    nogroup   4.0K Feb 27 16:34 2025032714
082327.758: [08:23:27]drwxrwxrwx    2 nobody    nogroup   4.0K Feb 27 16:34 2025032717
082327.758: [08:23:27]drwxrwxrwx    2 nobody    nogroup   4.0K Feb 27 16:34 2025032718
082327.758: [08:23:27]drwxrwxrwx    2 nobody    nogroup   4.0K Feb 27 16:34 2025032719
082327.758: [08:23:27]drwxrwxrwx    2 nobody    nogroup   4.0K Feb 27 16:34 2025032720
082327.758: [08:23:27]drwxrwxrwx    2 nobody    nogroup   4.0K Feb 27 16:34 2025032721
082327.758: [08:23:27]drwxrwxrwx    2 nobody    nogroup   4.0K Feb 27 16:34 2025032722
082327.758: [08:23:27]drwxrwxrwx    2 nobody    nogroup   4.0K Feb 27 16:34 2025032723
082327.758: [08:23:27]drwxrwxrwx    2 nobody    nogroup   4.0K Feb 27 16:34 2025032800
082327.758: [08:23:27]drwxrwxrwx    2 nobody    nogroup   4.0K Feb 27 16:34 2025032801
082327.758: [08:23:27]drwxrwxrwx    2 nobody    nogroup   4.0K Feb 27 16:34 2025032802
082327.758: [08:23:27]drwxrwxrwx    2 nobody    nogroup   4.0K Feb 27 16:34 2025032803
082327.758: [08:23:27]drwxrwxrwx    2 nobody    nogroup   4.0K Feb 27 16:34 2025032804
082327.758: [08:23:27]drwxrwxrwx    2 nobody    nogroup   4.0K Feb 27 16:34 2025032805
082327.758: [08:23:27]drwxrwxrwx    2 nobody    nogroup   4.0K Feb 27 16:34 2025032806
082327.758: [08:23:27]drwxrwxrwx    2 nobody    nogroup   4.0K Feb 27 16:34 2025032807
082327.758: [08:23:27]drwxrwxrwx    2 nobody    nogroup   4.0K Feb 27 16:34 2025032809
082327.759: [08:23:27]drwxrwxrwx    2 nobody    nogroup   4.0K Feb 27 16:34 2025032810
082327.759: [08:23:27]drwxrwxrwx    2 nobody    nogroup   4.0K Feb 27 16:34 2025032814
082327.759: [08:23:27]drwxrwxrwx    2 nobody    nogroup   4.0K Feb 27 16:34 2025032819
082327.759: [08:23:27]drwxrwxrwx    2 nobody    nogroup   4.0K Feb 27 16:34 2025032820
082327.759: [08:23:27]drwxrwxrwx    2 nobody    nogroup   4.0K Feb 27 16:34 2025032821
082327.759: [08:23:27]drwxrwxrwx    2 nobody    nogroup   4.0K Feb 27 16:34 2025032822
082327.759: [08:23:27]drwxrwxrwx    2 nobody    nogroup   4.0K Feb 27 16:34 2025032823
082327.759: [08:23:27]drwxrwxrwx    2 nobody    nogroup   4.0K Feb 27 16:34 2025032900
082327.759: [08:23:27]drwxrwxrwx    2 nobody    nogroup   4.0K Feb 27 16:34 2025032901
082327.759: [08:23:27]drwxrwxrwx    2 nobody    nogroup   4.0K Feb 27 16:34 2025032902
082327.759: [08:23:27]drwxrwxrwx    2 nobody    nogroup   4.0K Feb 27 16:34 2025032903
082327.759: [08:23:27]drwxrwxrwx    2 nobody    nogroup   4.0K Feb 27 16:35 2025032904
082327.759: [08:23:27]drwxrwxrwx    2 nobody    nogroup   4.0K Feb 27 16:35 2025032905
082327.759: [08:23:27]drwxrwxrwx    2 nobody    nogroup   4.0K Feb 27 16:35 2025032906
082327.759: [08:23:27]drwxrwxrwx    2 nobody    nogroup   4.0K Feb 27 16:35 2025032907
082327.759: [08:23:27]drwxrwxrwx    2 nobody    nogroup   4.0K Feb 27 16:35 2025032908
082327.759: [08:23:27]drwxrwxrwx    2 nobody    nogroup   4.0K Feb 27 16:35 2025032909
082327.759: [08:23:27]drwxrwxrwx    2 nobody    nogroup   4.0K Feb 27 16:35 2025032914
082327.759: [08:23:27]drwxrwxrwx    2 nobody    nogroup   4.0K Feb 27 16:35 2025032915
082327.759: [08:23:27]drwxrwxrwx    2 nobody    nogroup   4.0K Feb 27 16:35 2025032918
082327.759: [08:23:27]drwxrwxrwx    2 nobody    nogroup   4.0K Feb 27 16:35 2025032919
082327.759: [08:23:27]drwxrwxrwx    2 nobody    nogroup   4.0K Feb 27 16:35 2025032920
082327.759: [08:23:27]drwxrwxrwx    2 nobody    nogroup   4.0K Feb 27 16:35 2025032921
082327.759: [08:23:27]drwxrwxrwx    2 nobody    nogroup   4.0K Feb 27 16:35 2025032922
082327.759: [08:23:27]drwxrwxrwx    2 nobody    nogroup   4.0K Feb 27 16:35 2025032923
082327.759: [08:23:27]drwxrwxrwx    2 nobody    nogroup   4.0K Feb 27 16:35 2025033000
082327.759: [08:23:27]drwxrwxrwx    2 nobody    nogroup   4.0K Feb 27 16:35 2025033001
082327.759: [08:23:27]drwxrwxrwx    2 nobody    nogroup   4.0K Feb 27 16:35 2025033002
082327.759: [08:23:27]drwxrwxrwx    2 nobody    nogroup   4.0K Feb 27 16:35 2025033003
082327.759: [08:23:27]drwxrwxrwx    2 nobody    nogroup   4.0K Feb 27 16:35 2025033004
082327.759: [08:23:27]drwxrwxrwx    2 nobody    nogroup   4.0K Feb 27 16:35 2025033005
082327.759: [08:23:27]drwxrwxrwx    2 nobody    nogroup   4.0K Feb 27 16:35 2025033006
082327.760: [08:23:27]drwxrwxrwx    2 nobody    nogroup   4.0K Feb 27 16:35 2025033007
082327.760: [08:23:27]drwxrwxrwx    2 nobody    nogroup   4.0K Feb 27 16:35 2025033013
082327.760: [08:23:27]drwxrwxrwx    2 nobody    nogroup   4.0K Feb 27 16:35 2025033014
082327.760: [08:23:27]drwxrwxrwx    2 nobody    nogroup   4.0K Feb 27 16:35 2025033015
082327.760: [08:23:27]drwxrwxrwx    2 nobody    nogroup   4.0K Feb 27 16:35 2025033016
082327.760: [08:23:27]drwxrwxrwx    2 nobody    nogroup   4.0K Feb 27 16:35 2025033017
082327.760: [08:23:27]drwxrwxrwx    2 nobody    nogroup   4.0K Feb 27 16:35 2025033018
082327.760: [08:23:27]drwxrwxrwx    2 nobody    nogroup   4.0K Feb 27 16:35 2025033019
082327.760: [08:23:27]drwxrwxrwx    2 nobody    nogroup   4.0K Feb 27 16:35 2025033020
082327.760: [08:23:27]drwxrwxrwx    2 nobody    nogroup   4.0K Feb 27 16:35 2025033021
082327.760: [08:23:27]drwxrwxrwx    2 nobody    nogroup   4.0K Feb 27 16:35 2025033022
082327.760: [08:23:27]drwxrwxrwx    2 nobody    nogroup   4.0K Feb 27 16:35 2025033023
082327.760: [08:23:27]drwxrwxrwx    2 nobody    nogroup   4.0K Feb 27 16:35 2025033100
082327.760: [08:23:27]drwxrwxrwx    2 nobody    nogroup   4.0K Feb 27 16:35 2025033101
082327.760: [08:23:27]drwxrwxrwx    2 nobody    nogroup   4.0K Feb 27 16:35 2025033102
082327.760: [08:23:27]drwxrwxrwx    2 nobody    nogroup   4.0K Feb 27 16:35 2025033103
082327.760: [08:23:27]drwxrwxrwx    2 nobody    nogroup   4.0K Feb 27 16:35 2025033104
082327.760: [08:23:27]drwxrwxrwx    2 nobody    nogroup   4.0K Feb 27 16:35 2025033105
082327.760: [08:23:27]drwxrwxrwx    2 nobody    nogroup   4.0K Feb 27 16:35 2025033106
082327.760: [08:23:27]drwxrwxrwx    2 nobody    nogroup   4.0K Feb 27 16:35 2025033109
082327.760: [08:23:27]drwxrwxrwx    2 nobody    nogroup   4.0K Feb 27 16:35 2025033112
082327.760: [08:23:27]drwxrwxrwx    2 nobody    nogroup   4.0K Feb 27 16:35 2025033113
082327.760: [08:23:27]drwxrwxrwx    2 nobody    nogroup   4.0K Feb 27 16:35 2025033115
082327.760: [08:23:27]drwxrwxrwx    2 nobody    nogroup   4.0K Feb 27 16:35 2025033118
082327.760: [08:23:27]drwxrwxrwx    2 nobody    nogroup   4.0K Feb 27 16:35 2025033119
082327.760: [08:23:27]drwxrwxrwx    2 nobody    nogroup   4.0K Feb 27 16:35 2025033120
082327.761: [08:23:27]drwxrwxrwx    2 nobody    nogroup   4.0K Feb 27 16:35 2025033121
082327.761: [08:23:27]drwxrwxrwx    2 nobody    nogroup   4.0K Feb 27 16:35 2025033122
082327.761: [08:23:27]drwxrwxrwx    2 nobody    nogroup   4.0K Feb 27 16:35 2025033123
082327.761: [08:23:27]drwxrwxrwx    2 nobody    nogroup   4.0K Feb 27 16:35 2025040100
082327.761: [08:23:27]drwxrwxrwx    2 nobody    nogroup   4.0K Feb 27 16:35 2025040101
082327.761: [08:23:27]drwxrwxrwx    2 nobody    nogroup   4.0K Feb 27 16:35 2025040102
082327.761: [08:23:27]drwxrwxrwx    2 nobody    nogroup   4.0K Feb 27 16:35 2025040103
082327.761: [08:23:27]drwxrwxrwx    2 nobody    nogroup   4.0K Feb 27 16:35 2025040104
082327.761: [08:23:27]drwxrwxrwx    2 nobody    nogroup   4.0K Feb 27 16:35 2025040105
082327.761: [08:23:27]drwxrwxrwx    2 nobody    nogroup   4.0K Feb 27 16:35 2025040106
082327.761: [08:23:27]drwxrwxrwx    2 nobody    nogroup   4.0K Feb 27 16:35 2025040110
082327.761: [08:23:27]drwxrwxrwx    2 nobody    nogroup   4.0K Feb 27 16:35 2025040111
082327.761: [08:23:27]drwxrwxrwx    2 nobody    nogroup   4.0K Apr  9  2025 2025040201
082327.761: [08:23:27]drwxrwxrwx    2 nobody    nogroup   4.0K Apr 10  2025 2025040301
082327.761: [08:23:27]drwxrwxrwx    2 nobody    nogroup   4.0K Apr 11  2025 2025040401
082327.761: [08:23:27]drwxrwxrwx    2 nobody    nogroup   4.0K Apr 12  2025 2025040501
082327.761: [08:23:27]drwxrwxrwx    2 nobody    nogroup   4.0K Feb 27 16:35 2025040601
082327.761: [08:23:27]drwxrwxrwx    2 nobody    nogroup   4.0K Feb 27 16:35 2025040701
082327.761: [08:23:27]drwxrwxrwx    2 nobody    nogroup   4.0K Feb 27 16:35 2025040702
082327.761: [08:23:27]drwxrwxrwx    2 nobody    nogroup   4.0K Feb 27 16:35 2025040703
082327.761: [08:23:27]drwxrwxrwx    2 nobody    nogroup   4.0K Feb 27 16:36 2025040704
082327.761: [08:23:27]drwxrwxrwx    2 nobody    nogroup   4.0K Feb 27 16:36 2025040705
082327.761: [08:23:27]drwxrwxrwx    2 nobody    nogroup   4.0K Feb 27 16:36 2025040706
082327.761: [08:23:27]drwxrwxrwx    2 nobody    nogroup   4.0K Feb 27 16:36 2025040709
082327.762: [08:23:27]drwxrwxrwx    2 nobody    nogroup   4.0K Feb 27 16:36 2025040711
082327.762: [08:23:27]drwxrwxrwx    2 nobody    nogroup   4.0K Feb 27 16:36 2025040712
082327.762: [08:23:27]drwxrwxrwx    2 nobody    nogroup   4.0K Feb 27 16:36 2025040714
082327.762: [08:23:27]drwxrwxrwx    2 nobody    nogroup   4.0K Feb 27 16:36 2025040715
082327.762: [08:23:27]drwxrwxrwx    2 nobody    nogroup   4.0K Feb 27 16:36 2025040718
082327.762: [08:23:27]drwxrwxrwx    2 nobody    nogroup   4.0K Feb 27 16:36 2025040719
082327.762: [08:23:27]drwxrwxrwx    2 nobody    nogroup   4.0K Feb 27 16:36 2025040720
082327.762: [08:23:27]drwxrwxrwx    2 nobody    nogroup   4.0K Feb 27 16:36 2025040721
082327.762: [08:23:27]drwxrwxrwx    2 nobody    nogroup   4.0K Feb 27 16:36 2025040722
082327.762: [08:23:27]drwxrwxrwx    2 nobody    nogroup   4.0K Feb 27 16:36 2025040723
082327.762: [08:23:27]drwxrwxrwx    2 nobody    nogroup   4.0K Feb 27 16:36 2025040800
082327.762: [08:23:27]drwxrwxrwx    2 nobody    nogroup   4.0K Feb 27 16:36 2025040801
082327.762: [08:23:27]drwxrwxrwx    2 nobody    nogroup   4.0K Feb 27 16:36 2025040802
082327.762: [08:23:27]drwxrwxrwx    2 nobody    nogroup   4.0K Feb 27 16:36 2025040803
082327.762: [08:23:27]drwxrwxrwx    2 nobody    nogroup   4.0K Feb 27 16:36 2025040804
082327.762: [08:23:27]drwxrwxrwx    2 nobody    nogroup   4.0K Feb 27 16:36 2025040805
082327.762: [08:23:27]drwxrwxrwx    2 nobody    nogroup   4.0K Feb 27 16:36 2025040806
082327.762: [08:23:27]drwxrwxrwx    2 nobody    nogroup   4.0K Feb 27 16:36 2025040808
082327.762: [08:23:27]drwxrwxrwx    2 nobody    nogroup   4.0K Feb 27 16:36 2025040809
082327.762: [08:23:27]drwxrwxrwx    2 nobody    nogroup   4.0K Feb 27 16:36 2025040815
082327.762: [08:23:27]drwxrwxrwx    2 nobody    nogroup   4.0K Feb 27 16:36 2025040817
082327.762: [08:23:27]drwxrwxrwx    2 nobody    nogroup   4.0K Feb 27 16:36 2025040818
082327.762: [08:23:27]drwxrwxrwx    2 nobody    nogroup   4.0K Feb 27 16:36 2025040819
082327.762: [08:23:27]drwxrwxrwx    2 nobody    nogroup   4.0K Feb 27 16:36 2025040820
082327.762: [08:23:27]drwxrwxrwx    2 nobody    nogroup   4.0K Feb 27 16:36 2025040821
082327.762: [08:23:27]drwxrwxrwx    2 nobody    nogroup   4.0K Feb 27 16:36 2025040822
082327.762: [08:23:27]drwxrwxrwx    2 nobody    nogroup   4.0K Feb 27 16:36 2025040823
082327.762: [08:23:27]drwxrwxrwx    2 nobody    nogroup   4.0K Feb 27 16:36 2025040900
082327.762: [08:23:27]drwxrwxrwx    2 nobody    nogroup   4.0K Feb 27 16:36 2025040901
082327.762: [08:23:27]drwxrwxrwx    2 nobody    nogroup   4.0K Feb 27 16:36 2025040902
082327.762: [08:23:27]drwxrwxrwx    2 nobody    nogroup   4.0K Feb 27 16:36 2025040903
082327.763: [08:23:27]drwxrwxrwx    2 nobody    nogroup   4.0K Feb 27 16:36 2025040904
082327.763: [08:23:27]drwxrwxrwx    2 nobody    nogroup   4.0K Feb 27 16:36 2025040905
082327.763: [08:23:27]drwxrwxrwx    2 nobody    nogroup   4.0K Feb 27 16:36 2025040906
082327.763: [08:23:27]drwxrwxrwx    2 nobody    nogroup   4.0K Feb 27 16:36 2025040910
082327.763: [08:23:27]drwxrwxrwx    2 nobody    nogroup   4.0K Feb 27 16:36 2025040911
082327.763: [08:23:27]drwxrwxrwx    2 nobody    nogroup   4.0K Feb 27 16:36 2025040915
082327.763: [08:23:27]drwxrwxrwx    2 nobody    nogroup   4.0K Feb 27 16:36 2025040917
082327.763: [08:23:27]drwxrwxrwx    2 nobody    nogroup   4.0K Feb 27 16:36 2025040918
082327.763: [08:23:27]drwxrwxrwx    2 nobody    nogroup   4.0K Feb 27 16:36 2025040919
082327.770: [08:23:27]drwxrwxrwx    2 nobody    nogroup   4.0K Feb 27 16:36 2025040920
082327.770: [08:23:27]drwxrwxrwx    2 nobody    nogroup   4.0K Feb 27 16:36 2025040921
082327.770: [08:23:27]drwxrwxrwx    2 nobody    nogroup   4.0K Feb 27 16:36 2025040922
082327.770: [08:23:27]drwxrwxrwx    2 nobody    nogroup   4.0K Feb 27 16:36 2025040923
082327.770: [08:23:27]drwxrwxrwx    2 nobody    nogroup   4.0K Feb 27 16:36 2025041000
082327.770: [08:23:27]drwxrwxrwx    2 nobody    nogroup   4.0K Feb 27 16:36 2025041001
082327.770: [08:23:27]drwxrwxrwx    2 nobody    nogroup   4.0K Feb 27 16:36 2025041002
082327.771: [08:23:27]drwxrwxrwx    2 nobody    nogroup   4.0K Feb 27 16:36 2025041003
082327.771: [08:23:27]drwxrwxrwx    2 nobody    nogroup   4.0K Feb 27 16:36 2025041004
082327.771: [08:23:27]drwxrwxrwx    2 nobody    nogroup   4.0K Feb 27 16:36 2025041005
082327.771: [08:23:27]drwxrwxrwx    2 nobody    nogroup   4.0K Feb 27 16:36 2025041006
082327.771: [08:23:27]drwxrwxrwx    2 nobody    nogroup   4.0K Feb 27 16:36 2025041007
082327.771: [08:23:27]drwxrwxrwx    2 nobody    nogroup   4.0K Feb 27 16:36 2025041008
082327.771: [08:23:27]drwxrwxrwx    2 nobody    nogroup   4.0K Feb 27 16:36 2025041009
082327.771: [08:23:27]drwxrwxrwx    2 nobody    nogroup   4.0K Feb 27 16:36 2025041014
082327.771: [08:23:27]drwxrwxrwx    2 nobody    nogroup   4.0K Feb 27 16:36 2025041017
082327.771: [08:23:27]drwxrwxrwx    2 nobody    nogroup   4.0K Feb 27 16:36 2025041018
082327.771: [08:23:27]drwxrwxrwx    2 nobody    nogroup   4.0K Feb 27 16:36 2025041019
082327.771: [08:23:27]drwxrwxrwx    2 nobody    nogroup   4.0K Feb 27 16:36 2025041020
082327.771: [08:23:27]drwxrwxrwx    2 nobody    nogroup   4.0K Feb 27 16:36 2025041021
082327.771: [08:23:27]drwxrwxrwx    2 nobody    nogroup   4.0K Feb 27 16:36 2025041022
082327.771: [08:23:27]drwxrwxrwx    2 nobody    nogroup   4.0K Feb 27 16:36 2025041023
082327.771: [08:23:27]drwxrwxrwx    2 nobody    nogroup   4.0K Feb 27 16:36 2025041100
082327.771: [08:23:27]drwxrwxrwx    2 nobody    nogroup   4.0K Feb 27 16:36 2025041101
082327.771: [08:23:27]drwxrwxrwx    2 nobody    nogroup   4.0K Feb 27 16:36 2025041102
082327.771: [08:23:27]drwxrwxrwx    2 nobody    nogroup   4.0K Feb 27 16:36 2025041103
082327.771: [08:23:27]drwxrwxrwx    2 nobody    nogroup   4.0K Feb 27 16:36 2025041104
082327.771: [08:23:27]drwxrwxrwx    2 nobody    nogroup   4.0K Feb 27 16:36 2025041105
082327.771: [08:23:27]drwxrwxrwx    2 nobody    nogroup   4.0K Feb 27 16:36 2025041106
082327.771: [08:23:27]drwxrwxrwx    2 nobody    nogroup   4.0K Feb 27 16:36 2025041107
082327.771: [08:23:27]drwxrwxrwx    2 nobody    nogroup   4.0K Feb 27 16:36 2025041108
082327.771: [08:23:27]drwxrwxrwx    2 nobody    nogroup   4.0K Feb 27 16:36 2025041109
082327.771: [08:23:27]drwxrwxrwx    2 nobody    nogroup   4.0K Feb 27 16:36 2025041111
082327.771: [08:23:27]drwxrwxrwx    2 nobody    nogroup   4.0K Feb 27 16:36 2025041113
082327.771: [08:23:27]drwxrwxrwx    2 nobody    nogroup   4.0K Feb 27 16:36 2025041115
082327.771: [08:23:27]drwxrwxrwx    2 nobody    nogroup   4.0K Feb 27 16:36 2025041118
082327.772: [08:23:27]drwxrwxrwx    2 nobody    nogroup   4.0K Feb 27 16:36 2025041119
082327.772: [08:23:27]drwxrwxrwx    2 nobody    nogroup   4.0K Feb 27 16:36 2025041120
082327.772: [08:23:27]drwxrwxrwx    2 nobody    nogroup   4.0K Feb 27 16:36 2025041121
082327.772: [08:23:27]drwxrwxrwx    2 nobody    nogroup   4.0K Feb 27 16:36 2025041122
082327.772: [08:23:27]drwxrwxrwx    2 nobody    nogroup   4.0K Feb 27 16:36 2025041123
082327.772: [08:23:27]drwxrwxrwx    2 nobody    nogroup   4.0K Feb 27 16:36 2025041200
082327.772: [08:23:27]drwxrwxrwx    2 nobody    nogroup   4.0K Feb 27 16:36 2025041201
082327.772: [08:23:27]drwxrwxrwx    2 nobody    nogroup   4.0K Feb 27 16:36 2025041202
082327.772: [08:23:27]drwxrwxrwx    2 nobody    nogroup   4.0K Feb 27 16:37 2025041203
082327.772: [08:23:27]drwxrwxrwx    2 nobody    nogroup   4.0K Feb 27 16:37 2025041204
082327.772: [08:23:27]drwxrwxrwx    2 nobody    nogroup   4.0K Feb 27 16:37 2025041205
082327.772: [08:23:27]drwxrwxrwx    2 nobody    nogroup   4.0K Feb 27 16:37 2025041206
082327.772: [08:23:27]drwxrwxrwx    2 nobody    nogroup   4.0K Feb 27 16:37 2025041207
082327.772: [08:23:27]drwxrwxrwx    2 nobody    nogroup   4.0K Feb 27 16:37 2025041208
082327.772: [08:23:27]drwxrwxrwx    2 nobody    nogroup   4.0K Feb 27 16:37 2025041209
082327.772: [08:23:27]drwxrwxrwx    2 nobody    nogroup   4.0K Feb 27 16:37 2025041210
082327.772: [08:23:27]drwxrwxrwx    2 nobody    nogroup   4.0K Feb 27 16:37 2025041211
082327.772: [08:23:27]drwxrwxrwx    2 nobody    nogroup   4.0K Feb 27 16:37 2025041212
082327.772: [08:23:27]drwxrwxrwx    2 nobody    nogroup   4.0K Feb 27 16:37 2025041213
082327.772: [08:23:27]drwxrwxrwx    2 nobody    nogroup   4.0K Feb 27 16:37 2025041216
082327.772: [08:23:27]drwxrwxrwx    2 nobody    nogroup   4.0K Feb 27 16:37 2025041217
082327.772: [08:23:27]drwxrwxrwx    2 nobody    nogroup   4.0K Feb 27 16:37 2025041218
082327.772: [08:23:27]drwxrwxrwx    2 nobody    nogroup   4.0K Feb 27 16:37 2025041219
082327.773: [08:23:27]drwxrwxrwx    2 nobody    nogroup   4.0K Feb 27 16:37 2025041220
082327.773: [08:23:27]drwxrwxrwx    2 nobody    nogroup   4.0K Feb 27 16:37 2025041221
082327.773: [08:23:27]drwxrwxrwx    2 nobody    nogroup   4.0K Feb 27 16:37 2025041222
082327.773: [08:23:27]drwxrwxrwx    2 nobody    nogroup   4.0K Feb 27 16:37 2025041223
082327.773: [08:23:27]drwxrwxrwx    2 nobody    nogroup   4.0K Feb 27 16:37 2025041300
082327.773: [08:23:27]drwxrwxrwx    2 nobody    nogroup   4.0K Feb 27 16:37 2025041301
082327.773: [08:23:27]drwxrwxrwx    2 nobody    nogroup   4.0K Feb 27 16:37 2025041302
082327.773: [08:23:27]drwxrwxrwx    2 nobody    nogroup   4.0K Feb 27 16:37 2025041303
082327.773: [08:23:27]drwxrwxrwx    2 nobody    nogroup   4.0K Feb 27 16:37 2025041304
082327.773: [08:23:27]drwxrwxrwx    2 nobody    nogroup   4.0K Feb 27 16:37 2025041305
082327.773: [08:23:27]drwxrwxrwx    2 nobody    nogroup   4.0K Feb 27 16:37 2025041306
082327.773: [08:23:27]drwxrwxrwx    2 nobody    nogroup   4.0K Feb 27 16:37 2025041307
082327.773: [08:23:27]drwxrwxrwx    2 nobody    nogroup   4.0K Feb 27 16:37 2025041308
082327.773: [08:23:27]drwxrwxrwx    2 nobody    nogroup   4.0K Feb 27 16:37 2025041312
082327.773: [08:23:27]drwxrwxrwx    2 nobody    nogroup   4.0K Feb 27 16:37 2025041313
082327.773: [08:23:27]drwxrwxrwx    2 nobody    nogroup   4.0K Feb 27 16:37 2025041315
082327.773: [08:23:27]drwxrwxrwx    2 nobody    nogroup   4.0K Feb 27 16:37 2025041317
082327.773: [08:23:27]drwxrwxrwx    2 nobody    nogroup   4.0K Feb 27 16:37 2025041318
082327.773: [08:23:27]drwxrwxrwx    2 nobody    nogroup   4.0K Feb 27 16:37 2025041319
082327.773: [08:23:27]drwxrwxrwx    2 nobody    nogroup   4.0K Apr 21  2025 2025041401
082327.774: [08:23:27]drwxrwxrwx    2 nobody    nogroup   4.0K Apr 22  2025 2025041501
082327.774: [08:23:27]drwxrwxrwx    2 nobody    nogroup   4.0K Apr 23  2025 2025041601
082327.774: [08:23:27]drwxrwxrwx    2 nobody    nogroup   4.0K Apr 24  2025 2025041701
082327.774: [08:23:27]drwxrwxrwx    2 nobody    nogroup   4.0K Apr 25  2025 2025041801
082327.774: [08:23:27]drwxrwxrwx    2 nobody    nogroup   4.0K Apr 26  2025 2025041901
082327.774: [08:23:27]drwxrwxrwx    2 nobody    nogroup   4.0K Apr 27  2025 2025042001
082327.774: [08:23:27]drwxrwxrwx    2 nobody    nogroup   4.0K Apr 28  2025 2025042101
082327.774: [08:23:27]drwxrwxrwx    2 nobody    nogroup   4.0K Apr 29  2025 2025042201
082327.774: [08:23:27]drwxrwxrwx    2 nobody    nogroup   4.0K Apr 30  2025 2025042301
082327.774: [08:23:27]drwxrwxrwx    2 nobody    nogroup   4.0K May  1  2025 2025042401
082327.774: [08:23:27]drwxrwxrwx    2 nobody    nogroup   4.0K May  2  2025 2025042501
082327.774: [08:23:27]drwxrwxrwx    2 nobody    nogroup   4.0K May  3  2025 2025042601
082327.774: [08:23:27]drwxrwxrwx    2 nobody    nogroup   4.0K May  4  2025 2025042701
082327.774: [08:23:27]drwxrwxrwx    2 nobody    nogroup   4.0K May  6  2025 2025042901
082327.774: [08:23:27]drwxrwxrwx    2 nobody    nogroup   4.0K Feb 27 16:37 2025050421
082327.774: [08:23:27]drwxrwxrwx    2 nobody    nogroup   4.0K May 12  2025 2025050501
082327.774: [08:23:27]drwxrwxrwx    2 nobody    nogroup   4.0K May 13  2025 2025050601
082327.774: [08:23:27]drwxrwxrwx    2 nobody    nogroup   4.0K May 14  2025 2025050701
082327.774: [08:23:27]drwxrwxrwx    2 nobody    nogroup   4.0K May 15  2025 2025050801
082327.774: [08:23:27]drwxrwxrwx    2 nobody    nogroup   4.0K May 15  2025 2025051121
082327.774: [08:23:27]drwxrwxrwx    2 nobody    nogroup   4.0K May 19  2025 2025051201
082327.774: [08:23:27]drwxrwxrwx    2 nobody    nogroup   4.0K May 20  2025 2025051301
082327.774: [08:23:27]drwxrwxrwx    2 nobody    nogroup   4.0K May 21  2025 2025051401
082327.774: [08:23:27]drwxrwxrwx    2 nobody    nogroup   4.0K Feb 27 16:37 2025051621
082327.774: [08:23:27]drwxrwxrwx    2 nobody    nogroup   4.0K Feb 27 16:37 2025051622
082327.774: [08:23:27]drwxrwxrwx    2 nobody    nogroup   4.0K Feb 27 16:37 2025051623
082327.774: [08:23:27]drwxrwxrwx    2 nobody    nogroup   4.0K Feb 27 16:37 2025051700
082327.774: [08:23:27]drwxrwxrwx    2 nobody    nogroup   4.0K Feb 27 16:37 2025051701
082327.774: [08:23:27]drwxrwxrwx    2 nobody    nogroup   4.0K Feb 27 16:37 2025051702
082327.774: [08:23:27]drwxrwxrwx    2 nobody    nogroup   4.0K Feb 27 16:37 2025051703
082327.774: [08:23:27]drwxrwxrwx    2 nobody    nogroup   4.0K Feb 27 16:37 2025051704
082327.774: [08:23:27]drwxrwxrwx    2 nobody    nogroup   4.0K Feb 27 16:37 2025051705
082327.775: [08:23:27]drwxrwxrwx    2 nobody    nogroup   4.0K Feb 27 16:37 2025051706
082327.775: [08:23:27]drwxrwxrwx    2 nobody    nogroup   4.0K Feb 27 16:37 2025051707
082327.775: [08:23:27]drwxrwxrwx    2 nobody    nogroup   4.0K Feb 27 16:37 2025051709
082327.775: [08:23:27]drwxrwxrwx    2 nobody    nogroup   4.0K Feb 27 16:37 2025051710
082327.775: [08:23:27]drwxrwxrwx    2 nobody    nogroup   4.0K Feb 27 16:37 2025051712
082327.775: [08:23:27]drwxrwxrwx    2 nobody    nogroup   4.0K Feb 27 16:37 2025051718
082327.775: [08:23:27]drwxrwxrwx    2 nobody    nogroup   4.0K Feb 27 16:37 2025051719
082327.775: [08:23:27]drwxrwxrwx    2 nobody    nogroup   4.0K Feb 27 16:37 2025051720
082327.775: [08:23:27]drwxrwxrwx    2 nobody    nogroup   4.0K Feb 27 16:37 2025051721
082327.775: [08:23:27]drwxrwxrwx    2 nobody    nogroup   4.0K Feb 27 16:37 2025051722
082327.775: [08:23:27]drwxrwxrwx    2 nobody    nogroup   4.0K Feb 27 16:37 2025051723
082327.775: [08:23:27]drwxrwxrwx    2 nobody    nogroup   4.0K Feb 27 16:37 2025051800
082327.775: [08:23:27]drwxrwxrwx    2 nobody    nogroup   4.0K Feb 27 16:37 2025051801
082327.775: [08:23:27]drwxrwxrwx    2 nobody    nogroup   4.0K Feb 27 16:37 2025051802
082327.775: [08:23:27]drwxrwxrwx    2 nobody    nogroup   4.0K Feb 27 16:37 2025051803
082327.775: [08:23:27]drwxrwxrwx    2 nobody    nogroup   4.0K Feb 27 16:37 2025051804
082327.775: [08:23:27]drwxrwxrwx    2 nobody    nogroup   4.0K Feb 27 16:37 2025051805
082327.775: [08:23:27]drwxrwxrwx    2 nobody    nogroup   4.0K Feb 27 16:37 2025051806
082327.775: [08:23:27]drwxrwxrwx    2 nobody    nogroup   4.0K Feb 27 16:37 2025051807
082327.775: [08:23:27]drwxrwxrwx    2 nobody    nogroup   4.0K Feb 27 16:37 2025051809
082327.775: [08:23:27]drwxrwxrwx    2 nobody    nogroup   4.0K Feb 27 16:37 2025051810
082327.775: [08:23:27]drwxrwxrwx    2 nobody    nogroup   4.0K Feb 27 16:37 2025051811
082327.775: [08:23:27]drwxrwxrwx    2 nobody    nogroup   4.0K Feb 27 16:37 2025051812
082327.775: [08:23:27]drwxrwxrwx    2 nobody    nogroup   4.0K Feb 27 16:37 2025051813
082327.775: [08:23:27]drwxrwxrwx    2 nobody    nogroup   4.0K Feb 27 16:37 2025051814
082327.775: [08:23:27]drwxrwxrwx    2 nobody    nogroup   4.0K Feb 27 16:37 2025051815
082327.775: [08:23:27]drwxrwxrwx    2 nobody    nogroup   4.0K Feb 27 16:37 2025051816
082327.776: [08:23:27]drwxrwxrwx    2 nobody    nogroup   4.0K Feb 27 16:37 2025051817
082327.776: [08:23:27]drwxrwxrwx    2 nobody    nogroup   4.0K Feb 27 16:37 2025051818
082327.776: [08:23:27]drwxrwxrwx    2 nobody    nogroup   4.0K Feb 27 16:37 2025051819
082327.776: [08:23:27]drwxrwxrwx    2 nobody    nogroup   4.0K Feb 27 16:37 2025051820
082327.776: [08:23:27]drwxrwxrwx    2 nobody    nogroup   4.0K Feb 27 16:37 2025051821
082327.776: [08:23:27]drwxrwxrwx    2 nobody    nogroup   4.0K Feb 27 16:37 2025051822
082327.776: [08:23:27]drwxrwxrwx    2 nobody    nogroup   4.0K Feb 27 16:37 2025051823
082327.776: [08:23:27]drwxrwxrwx    2 nobody    nogroup   4.0K Feb 27 16:37 2025051900
082327.776: [08:23:27]drwxrwxrwx    2 nobody    nogroup   4.0K Feb 27 16:37 2025051901
082327.776: [08:23:27]drwxrwxrwx    2 nobody    nogroup   4.0K Feb 27 16:38 2025051902
082327.776: [08:23:27]drwxrwxrwx    2 nobody    nogroup   4.0K Feb 27 16:38 2025051903
082327.776: [08:23:27]drwxrwxrwx    2 nobody    nogroup   4.0K Feb 27 16:38 2025051904
082327.776: [08:23:27]drwxrwxrwx    2 nobody    nogroup   4.0K Feb 27 16:38 2025051905
082327.776: [08:23:27]drwxrwxrwx    2 nobody    nogroup   4.0K Feb 27 16:38 2025051906
082327.776: [08:23:27]drwxrwxrwx    2 nobody    nogroup   4.0K Feb 27 16:38 2025051907
082327.776: [08:23:27]drwxrwxrwx    2 nobody    nogroup   4.0K Feb 27 16:38 2025051908
082327.776: [08:23:27]drwxrwxrwx    2 nobody    nogroup   4.0K Feb 27 16:38 2025051910
082327.777: [08:23:27]drwxrwxrwx    2 nobody    nogroup   4.0K Feb 27 16:38 2025051912
082327.777: [08:23:27]drwxrwxrwx    2 nobody    nogroup   4.0K Feb 27 16:38 2025051913
082327.777: [08:23:27]drwxrwxrwx    2 nobody    nogroup   4.0K Feb 27 16:38 2025051919
082327.777: [08:23:27]drwxrwxrwx    2 nobody    nogroup   4.0K Feb 27 16:38 2025051920
082327.777: [08:23:27]drwxrwxrwx    2 nobody    nogroup   4.0K Feb 27 16:38 2025051921
082327.777: [08:23:27]drwxrwxrwx    2 nobody    nogroup   4.0K Feb 27 16:38 2025051922
082327.777: [08:23:27]drwxrwxrwx    2 nobody    nogroup   4.0K Feb 27 16:38 2025051923
082327.777: [08:23:27]drwxrwxrwx    2 nobody    nogroup   4.0K Feb 27 16:38 2025052000
082327.777: [08:23:27]drwxrwxrwx    2 nobody    nogroup   4.0K Feb 27 16:38 2025052001
082327.777: [08:23:27]drwxrwxrwx    2 nobody    nogroup   4.0K Feb 27 16:38 2025052002
082327.777: [08:23:27]drwxrwxrwx    2 nobody    nogroup   4.0K Feb 27 16:38 2025052003
082327.777: [08:23:27]drwxrwxrwx    2 nobody    nogroup   4.0K Feb 27 16:38 2025052004
082327.777: [08:23:27]drwxrwxrwx    2 nobody    nogroup   4.0K Feb 27 16:38 2025052005
082327.777: [08:23:27]drwxrwxrwx    2 nobody    nogroup   4.0K Feb 27 16:38 2025052006
082327.777: [08:23:27]drwxrwxrwx    2 nobody    nogroup   4.0K Feb 27 16:38 2025052007
082327.777: [08:23:27]drwxrwxrwx    2 nobody    nogroup   4.0K Feb 27 16:38 2025052008
082327.777: [08:23:27]drwxrwxrwx    2 nobody    nogroup   4.0K Feb 27 16:38 2025052009
082327.777: [08:23:27]drwxrwxrwx    2 nobody    nogroup   4.0K Feb 27 16:38 2025052010
082327.777: [08:23:27]drwxrwxrwx    2 nobody    nogroup   4.0K Feb 27 16:38 2025052013
082327.777: [08:23:27]drwxrwxrwx    2 nobody    nogroup   4.0K Feb 27 16:38 2025052018
082327.777: [08:23:27]drwxrwxrwx    2 nobody    nogroup   4.0K Feb 27 16:38 2025052019
082327.777: [08:23:27]drwxrwxrwx    2 nobody    nogroup   4.0K Feb 27 16:38 2025052020
082327.777: [08:23:27]drwxrwxrwx    2 nobody    nogroup   4.0K Feb 27 16:38 2025052021
082327.777: [08:23:27]drwxrwxrwx    2 nobody    nogroup   4.0K Feb 27 16:38 2025052022
082327.777: [08:23:27]drwxrwxrwx    2 nobody    nogroup   4.0K Feb 27 16:38 2025052023
082327.777: [08:23:27]drwxrwxrwx    2 nobody    nogroup   4.0K Feb 27 16:38 2025052100
082327.777: [08:23:27]drwxrwxrwx    2 nobody    nogroup   4.0K Feb 27 16:38 2025052101
082327.777: [08:23:27]drwxrwxrwx    2 nobody    nogroup   4.0K Feb 27 16:38 2025052102
082327.777: [08:23:27]drwxrwxrwx    2 nobody    nogroup   4.0K Feb 27 16:38 2025052103
082327.777: [08:23:27]drwxrwxrwx    2 nobody    nogroup   4.0K Feb 27 16:38 2025052104
082327.777: [08:23:27]drwxrwxrwx    2 nobody    nogroup   4.0K Feb 27 16:38 2025052105
082327.777: [08:23:27]drwxrwxrwx    2 nobody    nogroup   4.0K Feb 27 16:38 2025052106
082327.777: [08:23:27]drwxrwxrwx    2 nobody    nogroup   4.0K Feb 27 16:38 2025052107
082327.778: [08:23:27]drwxrwxrwx    2 nobody    nogroup   4.0K Feb 27 16:38 2025052109
082327.778: [08:23:27]drwxrwxrwx    2 nobody    nogroup   4.0K Feb 27 16:38 2025052110
082327.778: [08:23:27]drwxrwxrwx    2 nobody    nogroup   4.0K Feb 27 16:38 2025052118
082327.778: [08:23:27]drwxrwxrwx    2 nobody    nogroup   4.0K Feb 27 16:38 2025052119
082327.778: [08:23:27]drwxrwxrwx    2 nobody    nogroup   4.0K Feb 27 16:38 2025052120
082327.778: [08:23:27]drwxrwxrwx    2 nobody    nogroup   4.0K Feb 27 16:38 2025052121
082327.778: [08:23:27]drwxrwxrwx    2 nobody    nogroup   4.0K Feb 27 16:38 2025052122
082327.778: [08:23:27]drwxrwxrwx    2 nobody    nogroup   4.0K Feb 27 16:38 2025052123
082327.778: [08:23:27]drwxrwxrwx    2 nobody    nogroup   4.0K Feb 27 16:38 2025052200
082327.778: [08:23:27]drwxrwxrwx    2 nobody    nogroup   4.0K Feb 27 16:38 2025052201
082327.778: [08:23:27]drwxrwxrwx    2 nobody    nogroup   4.0K Feb 27 16:38 2025052202
082327.778: [08:23:27]drwxrwxrwx    2 nobody    nogroup   4.0K Feb 27 16:38 2025052203
082327.778: [08:23:27]drwxrwxrwx    2 nobody    nogroup   4.0K Feb 27 16:38 2025052204
082327.778: [08:23:27]drwxrwxrwx    2 nobody    nogroup   4.0K Feb 27 16:38 2025052205
082327.778: [08:23:27]drwxrwxrwx    2 nobody    nogroup   4.0K Feb 27 16:38 2025052206
082327.778: [08:23:27]drwxrwxrwx    2 nobody    nogroup   4.0K Feb 27 16:38 2025052209
082327.778: [08:23:27]drwxrwxrwx    2 nobody    nogroup   4.0K Feb 27 16:38 2025052210
082327.778: [08:23:27]drwxrwxrwx    2 nobody    nogroup   4.0K Feb 27 16:38 2025052213
082327.778: [08:23:27]drwxrwxrwx    2 nobody    nogroup   4.0K Feb 27 16:38 2025052214
082327.778: [08:23:27]drwxrwxrwx    2 nobody    nogroup   4.0K Feb 27 16:38 2025052219
082327.778: [08:23:27]drwxrwxrwx    2 nobody    nogroup   4.0K Feb 27 16:38 2025052220
082327.778: [08:23:27]drwxrwxrwx    2 nobody    nogroup   4.0K Feb 27 16:38 2025052221
082327.778: [08:23:27]drwxrwxrwx    2 nobody    nogroup   4.0K Feb 27 16:38 2025052222
082327.778: [08:23:27]drwxrwxrwx    2 nobody    nogroup   4.0K Feb 27 16:38 2025052223
082327.779: [08:23:27]drwxrwxrwx    2 nobody    nogroup   4.0K Feb 27 16:38 2025052300
082327.779: [08:23:27]drwxrwxrwx    2 nobody    nogroup   4.0K Feb 27 16:38 2025052301
082327.779: [08:23:27]drwxrwxrwx    2 nobody    nogroup   4.0K Feb 27 16:38 2025052302
082327.779: [08:23:27]drwxrwxrwx    2 nobody    nogroup   4.0K Feb 27 16:38 2025052303
082327.779: [08:23:27]drwxrwxrwx    2 nobody    nogroup   4.0K Feb 27 16:38 2025052304
082327.779: [08:23:27]drwxrwxrwx    2 nobody    nogroup   4.0K Feb 27 16:38 2025052305
082327.779: [08:23:27]drwxrwxrwx    2 nobody    nogroup   4.0K Feb 27 16:38 2025052306
082327.779: [08:23:27]drwxrwxrwx    2 nobody    nogroup   4.0K Feb 27 16:38 2025052309
082327.779: [08:23:27]drwxrwxrwx    2 nobody    nogroup   4.0K Feb 27 16:38 2025052310
082327.779: [08:23:27]drwxrwxrwx    2 nobody    nogroup   4.0K Feb 27 16:38 2025052316
082327.779: [08:23:27]drwxrwxrwx    2 nobody    nogroup   4.0K Feb 27 16:38 2025052317
082327.779: [08:23:27]drwxrwxrwx    2 nobody    nogroup   4.0K Feb 27 16:38 2025052318
082327.779: [08:23:27]drwxrwxrwx    2 nobody    nogroup   4.0K Feb 27 16:38 2025052319
082327.779: [08:23:27]drwxrwxrwx    2 nobody    nogroup   4.0K Feb 27 16:38 2025052320
082327.779: [08:23:27]drwxrwxrwx    2 nobody    nogroup   4.0K Feb 27 16:39 2025052321
082327.779: [08:23:27]drwxrwxrwx    2 nobody    nogroup   4.0K Feb 27 16:39 2025052322
082327.779: [08:23:27]drwxrwxrwx    2 nobody    nogroup   4.0K Feb 27 16:39 2025052323
082327.779: [08:23:27]drwxrwxrwx    2 nobody    nogroup   4.0K Feb 27 16:39 2025052400
082327.779: [08:23:27]drwxrwxrwx    2 nobody    nogroup   4.0K Feb 27 16:39 2025052401
082327.779: [08:23:27]drwxrwxrwx    2 nobody    nogroup   4.0K Feb 27 16:39 2025052402
082327.779: [08:23:27]drwxrwxrwx    2 nobody    nogroup   4.0K Feb 27 16:39 2025052403
082327.779: [08:23:27]drwxrwxrwx    2 nobody    nogroup   4.0K Feb 27 16:39 2025052404
082327.779: [08:23:27]drwxrwxrwx    2 nobody    nogroup   4.0K Feb 27 16:39 2025052405
082327.779: [08:23:27]drwxrwxrwx    2 nobody    nogroup   4.0K Feb 27 16:39 2025052406
082327.779: [08:23:27]drwxrwxrwx    2 nobody    nogroup   4.0K Feb 27 16:39 2025052407
082327.779: [08:23:27]drwxrwxrwx    2 nobody    nogroup   4.0K Feb 27 16:39 2025052411
082327.779: [08:23:27]drwxrwxrwx    2 nobody    nogroup   4.0K Feb 27 16:39 2025052412
082327.779: [08:23:27]drwxrwxrwx    2 nobody    nogroup   4.0K Feb 27 16:39 2025052413
082327.779: [08:23:27]drwxrwxrwx    2 nobody    nogroup   4.0K Feb 27 16:39 2025052418
082327.780: [08:23:27]drwxrwxrwx    2 nobody    nogroup   4.0K Feb 27 16:39 2025052419
082327.780: [08:23:27]drwxrwxrwx    2 nobody    nogroup   4.0K Feb 27 16:39 2025052420
082327.780: [08:23:27]drwxrwxrwx    2 nobody    nogroup   4.0K Feb 27 16:39 2025052421
082327.780: [08:23:27]drwxrwxrwx    2 nobody    nogroup   4.0K Feb 27 16:39 2025052422
082327.780: [08:23:27]drwxrwxrwx    2 nobody    nogroup   4.0K Feb 27 16:39 2025052423
082327.780: [08:23:27]drwxrwxrwx    2 nobody    nogroup   4.0K Feb 27 16:39 2025052500
082327.780: [08:23:27]drwxrwxrwx    2 nobody    nogroup   4.0K Feb 27 16:39 2025052501
082327.780: [08:23:27]drwxrwxrwx    2 nobody    nogroup   4.0K Feb 27 16:39 2025052503
082327.780: [08:23:27]drwxrwxrwx    2 nobody    nogroup   4.0K Feb 27 16:39 2025052504
082327.780: [08:23:27]drwxrwxrwx    2 nobody    nogroup   4.0K Feb 27 16:39 2025052505
082327.780: [08:23:27]drwxrwxrwx    2 nobody    nogroup   4.0K Feb 27 16:39 2025052506
082327.780: [08:23:27]drwxrwxrwx    2 nobody    nogroup   4.0K Feb 27 16:39 2025052507
082327.780: [08:23:27]drwxrwxrwx    2 nobody    nogroup   4.0K Feb 27 16:39 2025052508
082327.780: [08:23:27]drwxrwxrwx    2 nobody    nogroup   4.0K Feb 27 16:39 2025052509
082327.780: [08:23:27]drwxrwxrwx    2 nobody    nogroup   4.0K Feb 27 16:39 2025052513
082327.780: [08:23:27]drwxrwxrwx    2 nobody    nogroup   4.0K Feb 27 16:39 2025052514
082327.780: [08:23:27]drwxrwxrwx    2 nobody    nogroup   4.0K Feb 27 16:39 2025052515
082327.780: [08:23:27]drwxrwxrwx    2 nobody    nogroup   4.0K Feb 27 16:39 2025052516
082327.780: [08:23:27]drwxrwxrwx    2 nobody    nogroup   4.0K Feb 27 16:39 2025052517
082327.780: [08:23:27]drwxrwxrwx    2 nobody    nogroup   4.0K Feb 27 16:39 2025052518
082327.780: [08:23:27]drwxrwxrwx    2 nobody    nogroup   4.0K Feb 27 16:39 2025052519
082327.780: [08:23:27]drwxrwxrwx    2 nobody    nogroup   4.0K Feb 27 16:39 2025052520
082327.780: [08:23:27]drwxrwxrwx    2 nobody    nogroup   4.0K Feb 27 16:39 2025052521
082327.780: [08:23:27]drwxrwxrwx    2 nobody    nogroup   4.0K Feb 27 16:39 2025052522
082327.781: [08:23:27]drwxrwxrwx    2 nobody    nogroup   4.0K Feb 27 16:39 2025052523
082327.781: [08:23:27]drwxrwxrwx    2 nobody    nogroup   4.0K Feb 27 16:39 2025052600
082327.781: [08:23:27]drwxrwxrwx    2 nobody    nogroup   4.0K Feb 27 16:39 2025052601
082327.781: [08:23:27]drwxrwxrwx    2 nobody    nogroup   4.0K Feb 27 16:39 2025052602
082327.781: [08:23:27]drwxrwxrwx    2 nobody    nogroup   4.0K Feb 27 16:39 2025052603
082327.781: [08:23:27]drwxrwxrwx    2 nobody    nogroup   4.0K Feb 27 16:39 2025052604
082327.781: [08:23:27]drwxrwxrwx    2 nobody    nogroup   4.0K Feb 27 16:39 2025052605
082327.781: [08:23:27]drwxrwxrwx    2 nobody    nogroup   4.0K Feb 27 16:39 2025052606
082327.781: [08:23:27]drwxrwxrwx    2 nobody    nogroup   4.0K Feb 27 16:39 2025052607
082327.781: [08:23:27]drwxrwxrwx    2 nobody    nogroup   4.0K Feb 27 16:39 2025052608
082327.781: [08:23:27]drwxrwxrwx    2 nobody    nogroup   4.0K Feb 27 16:39 2025052611
082327.781: [08:23:27]drwxrwxrwx    2 nobody    nogroup   4.0K Feb 27 16:39 2025052619
082327.781: [08:23:27]drwxrwxrwx    2 nobody    nogroup   4.0K Feb 27 16:39 2025052620
082327.781: [08:23:27]drwxrwxrwx    2 nobody    nogroup   4.0K Feb 27 16:39 2025052621
082327.781: [08:23:27]drwxrwxrwx    2 nobody    nogroup   4.0K Feb 27 16:39 2025052622
082327.781: [08:23:27]drwxrwxrwx    2 nobody    nogroup   4.0K Feb 27 16:39 2025052623
082327.781: [08:23:27]drwxrwxrwx    2 nobody    nogroup   4.0K Feb 27 16:39 2025052700
082327.781: [08:23:27]drwxrwxrwx    2 nobody    nogroup   4.0K Feb 27 16:39 2025052701
082327.781: [08:23:27]drwxrwxrwx    2 nobody    nogroup   4.0K Feb 27 16:39 2025052702
082327.781: [08:23:27]drwxrwxrwx    2 nobody    nogroup   4.0K Feb 27 16:39 2025052703
082327.781: [08:23:27]drwxrwxrwx    2 nobody    nogroup   4.0K Feb 27 16:39 2025052704
082327.781: [08:23:27]drwxrwxrwx    2 nobody    nogroup   4.0K Feb 27 16:39 2025052705
082327.781: [08:23:27]drwxrwxrwx    2 nobody    nogroup   4.0K Feb 27 16:39 2025052706
082327.781: [08:23:27]drwxrwxrwx    2 nobody    nogroup   4.0K Feb 27 16:39 2025052708
082327.781: [08:23:27]drwxrwxrwx    2 nobody    nogroup   4.0K Feb 27 16:39 2025052711
082327.781: [08:23:27]drwxrwxrwx    2 nobody    nogroup   4.0K Feb 27 16:39 2025052713
082327.781: [08:23:27]drwxrwxrwx    2 nobody    nogroup   4.0K Feb 27 16:39 2025052715
082327.781: [08:23:27]drwxrwxrwx    2 nobody    nogroup   4.0K Feb 27 16:39 2025052718
082327.781: [08:23:27]drwxrwxrwx    2 nobody    nogroup   4.0K Feb 27 16:39 2025052719
082327.783: [08:23:27]drwxrwxrwx    2 nobody    nogroup   4.0K Feb 27 16:39 2025052720
082327.783: [08:23:27]drwxrwxrwx    2 nobody    nogroup   4.0K Feb 27 16:39 2025052721
082327.783: [08:23:27]drwxrwxrwx    2 nobody    nogroup   4.0K Feb 27 16:39 2025052722
082327.783: [08:23:27]drwxrwxrwx    2 nobody    nogroup   4.0K Feb 27 16:39 2025052723
082327.783: [08:23:27]drwxrwxrwx    2 nobody    nogroup   4.0K Feb 27 16:39 2025052800
082327.783: [08:23:27]drwxrwxrwx    2 nobody    nogroup   4.0K Feb 27 16:39 2025052801
082327.783: [08:23:27]drwxrwxrwx    2 nobody    nogroup   4.0K Feb 27 16:39 2025052802
082327.783: [08:23:27]drwxrwxrwx    2 nobody    nogroup   4.0K Feb 27 16:39 2025052803
082327.783: [08:23:27]drwxrwxrwx    2 nobody    nogroup   4.0K Feb 27 16:39 2025052804
082327.783: [08:23:27]drwxrwxrwx    2 nobody    nogroup   4.0K Feb 27 16:39 2025052805
082327.783: [08:23:27]drwxrwxrwx    2 nobody    nogroup   4.0K Feb 27 16:39 2025052806
082327.783: [08:23:27]drwxrwxrwx    2 nobody    nogroup   4.0K Feb 27 16:39 2025052807
082327.783: [08:23:27]drwxrwxrwx    2 nobody    nogroup   4.0K Feb 27 16:39 2025052808
082327.783: [08:23:27]drwxrwxrwx    2 nobody    nogroup   4.0K Feb 27 16:39 2025052809
082327.783: [08:23:27]drwxrwxrwx    2 nobody    nogroup   4.0K Feb 27 16:39 2025052811
082327.783: [08:23:27]drwxrwxrwx    2 nobody    nogroup   4.0K Feb 27 16:39 2025052815
082327.783: [08:23:27]drwxrwxrwx    2 nobody    nogroup   4.0K Feb 27 16:39 2025052818
082327.783: [08:23:27]drwxrwxrwx    2 nobody    nogroup   4.0K Feb 27 16:39 2025052819
082327.783: [08:23:27]drwxrwxrwx    2 nobody    nogroup   4.0K Feb 27 16:39 2025052820
082327.783: [08:23:27]drwxrwxrwx    2 nobody    nogroup   4.0K Feb 27 16:39 2025052821
082327.783: [08:23:27]drwxrwxrwx    2 nobody    nogroup   4.0K Feb 27 16:39 2025052822
082327.783: [08:23:27]drwxrwxrwx    2 nobody    nogroup   4.0K Feb 27 16:39 2025052823
082327.783: [08:23:27]drwxrwxrwx    2 nobody    nogroup   4.0K Feb 27 16:39 2025052900
082327.783: [08:23:27]drwxrwxrwx    2 nobody    nogroup   4.0K Feb 27 16:39 2025052901
082327.783: [08:23:27]drwxrwxrwx    2 nobody    nogroup   4.0K Feb 27 16:39 2025052902
082327.783: [08:23:27]drwxrwxrwx    2 nobody    nogroup   4.0K Feb 27 16:39 2025052903
082327.783: [08:23:27]drwxrwxrwx    2 nobody    nogroup   4.0K Feb 27 16:39 2025052904
082327.783: [08:23:27]drwxrwxrwx    2 nobody    nogroup   4.0K Feb 27 16:39 2025052905
082327.783: [08:23:27]drwxrwxrwx    2 nobody    nogroup   4.0K Feb 27 16:39 2025052906
082327.783: [08:23:27]drwxrwxrwx    2 nobody    nogroup   4.0K Feb 27 16:39 2025052910
082327.783: [08:23:27]drwxrwxrwx    2 nobody    nogroup   4.0K Feb 27 16:39 2025052911
082327.784: [08:23:27]drwxrwxrwx    2 nobody    nogroup   4.0K Feb 27 16:39 2025052919
082327.784: [08:23:27]drwxrwxrwx    2 nobody    nogroup   4.0K Feb 27 16:39 2025052920
082327.784: [08:23:27]drwxrwxrwx    2 nobody    nogroup   4.0K Feb 27 16:39 2025052921
082327.784: [08:23:27]drwxrwxrwx    2 nobody    nogroup   4.0K Feb 27 16:39 2025052922
082327.784: [08:23:27]drwxrwxrwx    2 nobody    nogroup   4.0K Feb 27 16:39 2025052923
082327.784: [08:23:27]drwxrwxrwx    2 nobody    nogroup   4.0K Feb 27 16:39 2025053000
082327.784: [08:23:27]drwxrwxrwx    2 nobody    nogroup   4.0K Feb 27 16:39 2025053001
082327.784: [08:23:27]drwxrwxrwx    2 nobody    nogroup   4.0K Feb 27 16:39 2025053002
082327.784: [08:23:27]drwxrwxrwx    2 nobody    nogroup   4.0K Feb 27 16:39 2025053003
082327.784: [08:23:27]drwxrwxrwx    2 nobody    nogroup   4.0K Feb 27 16:39 2025053004
082327.784: [08:23:27]drwxrwxrwx    2 nobody    nogroup   4.0K Feb 27 16:39 2025053005
082327.784: [08:23:27]drwxrwxrwx    2 nobody    nogroup   4.0K Feb 27 16:39 2025053006
082327.784: [08:23:27]drwxrwxrwx    2 nobody    nogroup   4.0K Feb 27 16:39 2025053007
082327.784: [08:23:27]drwxrwxrwx    2 nobody    nogroup   4.0K Feb 27 16:39 2025053008
082327.784: [08:23:27]drwxrwxrwx    2 nobody    nogroup   4.0K Feb 27 16:39 2025053009
082327.784: [08:23:27]drwxrwxrwx    2 nobody    nogroup   4.0K Feb 27 16:39 2025053015
082327.784: [08:23:27]drwxrwxrwx    2 nobody    nogroup   4.0K Feb 27 16:39 2025053016
082327.784: [08:23:27]drwxrwxrwx    2 nobody    nogroup   4.0K Feb 27 16:39 2025053018
082327.784: [08:23:27]drwxrwxrwx    2 nobody    nogroup   4.0K Feb 27 16:40 2025053019
082327.784: [08:23:27]drwxrwxrwx    2 nobody    nogroup   4.0K Feb 27 16:40 2025053020
082327.784: [08:23:27]drwxrwxrwx    2 nobody    nogroup   4.0K Feb 27 16:40 2025053021
082327.784: [08:23:27]drwxrwxrwx    2 nobody    nogroup   4.0K Feb 27 16:40 2025053022
082327.784: [08:23:27]drwxrwxrwx    2 nobody    nogroup   4.0K Feb 27 16:40 2025053023
082327.784: [08:23:27]drwxrwxrwx    2 nobody    nogroup   4.0K Feb 27 16:40 2025053100
082327.784: [08:23:27]drwxrwxrwx    2 nobody    nogroup   4.0K Feb 27 16:40 2025053101
082327.784: [08:23:27]drwxrwxrwx    2 nobody    nogroup   4.0K Feb 27 16:40 2025053102
082327.784: [08:23:27]drwxrwxrwx    2 nobody    nogroup   4.0K Feb 27 16:40 2025053103
082327.785: [08:23:27]drwxrwxrwx    2 nobody    nogroup   4.0K Feb 27 16:40 2025053104
082327.785: [08:23:27]drwxrwxrwx    2 nobody    nogroup   4.0K Feb 27 16:40 2025053105
082327.785: [08:23:27]drwxrwxrwx    2 nobody    nogroup   4.0K Feb 27 16:40 2025053106
082327.785: [08:23:27]drwxrwxrwx    2 nobody    nogroup   4.0K Feb 27 16:40 2025053107
082327.785: [08:23:27]drwxrwxrwx    2 nobody    nogroup   4.0K Feb 27 16:40 2025053108
082327.785: [08:23:27]drwxrwxrwx    2 nobody    nogroup   4.0K Feb 27 16:40 2025053109
082327.785: [08:23:27]drwxrwxrwx    2 nobody    nogroup   4.0K Feb 27 16:40 2025053110
082327.785: [08:23:27]drwxrwxrwx    2 nobody    nogroup   4.0K Feb 27 16:40 2025053111
082327.785: [08:23:27]drwxrwxrwx    2 nobody    nogroup   4.0K Feb 27 16:40 2025053112
082327.785: [08:23:27]drwxrwxrwx    2 nobody    nogroup   4.0K Feb 27 16:40 2025053114
082327.785: [08:23:27]drwxrwxrwx    2 nobody    nogroup   4.0K Feb 27 16:40 2025053115
082327.785: [08:23:27]drwxrwxrwx    2 nobody    nogroup   4.0K Feb 27 16:40 2025053116
082327.785: [08:23:27]drwxrwxrwx    2 nobody    nogroup   4.0K Feb 27 16:40 2025053117
082327.785: [08:23:27]drwxrwxrwx    2 nobody    nogroup   4.0K Feb 27 16:40 2025053118
082327.785: [08:23:27]drwxrwxrwx    2 nobody    nogroup   4.0K Feb 27 16:40 2025053119
082327.785: [08:23:27]drwxrwxrwx    2 nobody    nogroup   4.0K Feb 27 16:40 2025053120
082327.785: [08:23:27]drwxrwxrwx    2 nobody    nogroup   4.0K Feb 27 16:40 2025053121
082327.785: [08:23:27]drwxrwxrwx    2 nobody    nogroup   4.0K Feb 27 16:40 2025053122
082327.785: [08:23:27]drwxrwxrwx    2 nobody    nogroup   4.0K Feb 27 16:40 2025053123
082327.785: [08:23:27]drwxrwxrwx    2 nobody    nogroup   4.0K Feb 27 16:40 2025060100
082327.785: [08:23:27]drwxrwxrwx    2 nobody    nogroup   4.0K Feb 27 16:40 2025060101
082327.785: [08:23:27]drwxrwxrwx    2 nobody    nogroup   4.0K Feb 27 16:40 2025060102
082327.785: [08:23:27]drwxrwxrwx    2 nobody    nogroup   4.0K Feb 27 16:40 2025060103
082327.785: [08:23:27]drwxrwxrwx    2 nobody    nogroup   4.0K Feb 27 16:40 2025060104
082327.785: [08:23:27]drwxrwxrwx    2 nobody    nogroup   4.0K Feb 27 16:40 2025060105
082327.785: [08:23:27]drwxrwxrwx    2 nobody    nogroup   4.0K Feb 27 16:40 2025060106
082327.785: [08:23:27]drwxrwxrwx    2 nobody    nogroup   4.0K Feb 27 16:40 2025060107
082327.786: [08:23:27]drwxrwxrwx    2 nobody    nogroup   4.0K Feb 27 16:40 2025060108
082327.786: [08:23:27]drwxrwxrwx    2 nobody    nogroup   4.0K Feb 27 16:40 2025060109
082327.786: [08:23:27]drwxrwxrwx    2 nobody    nogroup   4.0K Feb 27 16:40 2025060110
082327.786: [08:23:27]drwxrwxrwx    2 nobody    nogroup   4.0K Feb 27 16:40 2025060111
082327.786: [08:23:27]drwxrwxrwx    2 nobody    nogroup   4.0K Feb 27 16:40 2025060113
082327.786: [08:23:27]drwxrwxrwx    2 nobody    nogroup   4.0K Feb 27 16:40 2025060114
082327.786: [08:23:27]drwxrwxrwx    2 nobody    nogroup   4.0K Feb 27 16:40 2025060115
082327.786: [08:23:27]drwxrwxrwx    2 nobody    nogroup   4.0K Feb 27 16:40 2025060116
082327.786: [08:23:27]drwxrwxrwx    2 nobody    nogroup   4.0K Feb 27 16:40 2025060117
082327.786: [08:23:27]drwxrwxrwx    2 nobody    nogroup   4.0K Feb 27 16:40 2025060118
082327.786: [08:23:27]drwxrwxrwx    2 nobody    nogroup   4.0K Feb 27 16:40 2025060119
082327.786: [08:23:27]drwxrwxrwx    2 nobody    nogroup   4.0K Feb 27 16:41 2025060120
082327.786: [08:23:27]drwxrwxrwx    2 nobody    nogroup   4.0K Feb 27 16:41 2025060121
082327.786: [08:23:27]drwxrwxrwx    2 nobody    nogroup   4.0K Feb 27 16:41 2025060122
082327.786: [08:23:27]drwxrwxrwx    2 nobody    nogroup   4.0K Feb 27 16:41 2025060123
082327.786: [08:23:27]drwxrwxrwx    2 nobody    nogroup   4.0K Feb 27 16:41 2025060200
082327.786: [08:23:27]drwxrwxrwx    2 nobody    nogroup   4.0K Feb 27 16:41 2025060201
082327.786: [08:23:27]drwxrwxrwx    2 nobody    nogroup   4.0K Feb 27 16:41 2025060202
082327.786: [08:23:27]drwxrwxrwx    2 nobody    nogroup   4.0K Feb 27 16:41 2025060203
082327.786: [08:23:27]drwxrwxrwx    2 nobody    nogroup   4.0K Feb 27 16:41 2025060204
082327.786: [08:23:27]drwxrwxrwx    2 nobody    nogroup   4.0K Feb 27 16:41 2025060205
082327.786: [08:23:27]drwxrwxrwx    2 nobody    nogroup   4.0K Feb 27 16:41 2025060206
082327.786: [08:23:27]drwxrwxrwx    2 nobody    nogroup   4.0K Feb 27 16:41 2025060208
082327.786: [08:23:27]drwxrwxrwx    2 nobody    nogroup   4.0K Feb 27 16:41 2025060209
082327.786: [08:23:27]drwxrwxrwx    2 nobody    nogroup   4.0K Feb 27 16:41 2025060218
082327.786: [08:23:27]drwxrwxrwx    2 nobody    nogroup   4.0K Feb 27 16:41 2025060219
082327.787: [08:23:27]drwxrwxrwx    2 nobody    nogroup   4.0K Feb 27 16:41 2025060220
082327.787: [08:23:27]drwxrwxrwx    2 nobody    nogroup   4.0K Feb 27 16:41 2025060221
082327.787: [08:23:27]drwxrwxrwx    2 nobody    nogroup   4.0K Feb 27 16:41 2025060222
082327.787: [08:23:27]drwxrwxrwx    2 nobody    nogroup   4.0K Feb 27 16:41 2025060223
082327.787: [08:23:27]drwxrwxrwx    2 nobody    nogroup   4.0K Feb 27 16:41 2025060300
082327.787: [08:23:27]drwxrwxrwx    2 nobody    nogroup   4.0K Feb 27 16:41 2025060302
082327.787: [08:23:27]drwxrwxrwx    2 nobody    nogroup   4.0K Feb 27 16:41 2025060303
082327.787: [08:23:27]drwxrwxrwx    2 nobody    nogroup   4.0K Feb 27 16:41 2025060304
082327.787: [08:23:27]drwxrwxrwx    2 nobody    nogroup   4.0K Feb 27 16:41 2025060305
082327.787: [08:23:27]drwxrwxrwx    2 nobody    nogroup   4.0K Feb 27 16:41 2025060306
082327.787: [08:23:27]drwxrwxrwx    2 nobody    nogroup   4.0K Feb 27 16:41 2025060307
082327.787: [08:23:27]drwxrwxrwx    2 nobody    nogroup   4.0K Feb 27 16:41 2025060309
082327.787: [08:23:27]drwxrwxrwx    2 nobody    nogroup   4.0K Feb 27 16:41 2025060310
082327.787: [08:23:27]drwxrwxrwx    2 nobody    nogroup   4.0K Feb 27 16:41 2025060312
082327.787: [08:23:27]drwxrwxrwx    2 nobody    nogroup   4.0K Feb 27 16:41 2025060314
082327.787: [08:23:27]drwxrwxrwx    2 nobody    nogroup   4.0K Feb 27 16:41 2025060315
082327.787: [08:23:27]drwxrwxrwx    2 nobody    nogroup   4.0K Feb 27 16:41 2025060316
082327.787: [08:23:27]drwxrwxrwx    2 nobody    nogroup   4.0K Feb 27 16:41 2025060318
082327.787: [08:23:27]drwxrwxrwx    2 nobody    nogroup   4.0K Feb 27 16:41 2025060319
082327.787: [08:23:27]drwxrwxrwx    2 nobody    nogroup   4.0K Feb 27 16:41 2025060320
082327.787: [08:23:27]drwxrwxrwx    2 nobody    nogroup   4.0K Feb 27 16:41 2025060321
082327.787: [08:23:27]drwxrwxrwx    2 nobody    nogroup   4.0K Feb 27 16:41 2025060322
082327.787: [08:23:27]drwxrwxrwx    2 nobody    nogroup   4.0K Feb 27 16:41 2025060323
082327.787: [08:23:27]drwxrwxrwx    2 nobody    nogroup   4.0K Feb 27 16:41 2025060400
082327.787: [08:23:27]drwxrwxrwx    2 nobody    nogroup   4.0K Feb 27 16:41 2025060401
082327.787: [08:23:27]drwxrwxrwx    2 nobody    nogroup   4.0K Feb 27 16:41 2025060402
082327.788: [08:23:27]drwxrwxrwx    2 nobody    nogroup   4.0K Feb 27 16:41 2025060403
082327.788: [08:23:27]drwxrwxrwx    2 nobody    nogroup   4.0K Feb 27 16:41 2025060404
082327.788: [08:23:27]drwxrwxrwx    2 nobody    nogroup   4.0K Feb 27 16:41 2025060405
082327.788: [08:23:27]drwxrwxrwx    2 nobody    nogroup   4.0K Feb 27 16:41 2025060406
082327.788: [08:23:27]drwxrwxrwx    2 nobody    nogroup   4.0K Feb 27 16:41 2025060407
082327.788: [08:23:27]drwxrwxrwx    2 nobody    nogroup   4.0K Feb 27 16:41 2025060408
082327.788: [08:23:27]drwxrwxrwx    2 nobody    nogroup   4.0K Feb 27 16:41 2025060410
082327.788: [08:23:27]drwxrwxrwx    2 nobody    nogroup   4.0K Feb 27 16:41 2025060411
082327.788: [08:23:27]drwxrwxrwx    2 nobody    nogroup   4.0K Feb 27 16:41 2025060412
082327.788: [08:23:27]drwxrwxrwx    2 nobody    nogroup   4.0K Feb 27 16:41 2025060413
082327.788: [08:23:27]drwxrwxrwx    2 nobody    nogroup   4.0K Feb 27 16:41 2025060415
082327.788: [08:23:27]drwxrwxrwx    2 nobody    nogroup   4.0K Feb 27 16:41 2025060417
082327.788: [08:23:27]drwxrwxrwx    2 nobody    nogroup   4.0K Feb 27 16:41 2025060418
082327.788: [08:23:27]drwxrwxrwx    2 nobody    nogroup   4.0K Feb 27 16:41 2025060419
082327.788: [08:23:27]drwxrwxrwx    2 nobody    nogroup   4.0K Feb 27 16:41 2025060420
082327.788: [08:23:27]drwxrwxrwx    2 nobody    nogroup   4.0K Feb 27 16:41 2025060421
082327.789: [08:23:27]drwxrwxrwx    2 nobody    nogroup   4.0K Feb 27 16:41 2025060422
082327.789: [08:23:27]drwxrwxrwx    2 nobody    nogroup   4.0K Feb 27 16:41 2025060423
082327.789: [08:23:27]drwxrwxrwx    2 nobody    nogroup   4.0K Feb 27 16:41 2025060500
082327.789: [08:23:27]drwxrwxrwx    2 nobody    nogroup   4.0K Feb 27 16:41 2025060501
082327.789: [08:23:27]drwxrwxrwx    2 nobody    nogroup   4.0K Feb 27 16:41 2025060502
082327.789: [08:23:27]drwxrwxrwx    2 nobody    nogroup   4.0K Feb 27 16:41 2025060503
082327.789: [08:23:27]drwxrwxrwx    2 nobody    nogroup   4.0K Feb 27 16:41 2025060504
082327.789: [08:23:27]drwxrwxrwx    2 nobody    nogroup   4.0K Feb 27 16:41 2025060505
082327.789: [08:23:27]drwxrwxrwx    2 nobody    nogroup   4.0K Feb 27 16:41 2025060506
082327.789: [08:23:27]drwxrwxrwx    2 nobody    nogroup   4.0K Feb 27 16:41 2025060508
082327.789: [08:23:27]drwxrwxrwx    2 nobody    nogroup   4.0K Feb 27 16:41 2025060510
082327.789: [08:23:27]drwxrwxrwx    2 nobody    nogroup   4.0K Feb 27 16:41 2025060511
082327.789: [08:23:27]drwxrwxrwx    2 nobody    nogroup   4.0K Feb 27 16:41 2025060512
082327.789: [08:23:27]drwxrwxrwx    2 nobody    nogroup   4.0K Feb 27 16:41 2025060514
082327.789: [08:23:27]drwxrwxrwx    2 nobody    nogroup   4.0K Feb 27 16:41 2025060515
082327.789: [08:23:27]drwxrwxrwx    2 nobody    nogroup   4.0K Feb 27 16:41 2025060516
082327.789: [08:23:27]drwxrwxrwx    2 nobody    nogroup   4.0K Feb 27 16:41 2025060517
082327.789: [08:23:27]drwxrwxrwx    2 nobody    nogroup   4.0K Feb 27 16:41 2025060518
082327.789: [08:23:27]drwxrwxrwx    2 nobody    nogroup   4.0K Feb 27 16:41 2025060519
082327.789: [08:23:27]drwxrwxrwx    2 nobody    nogroup   4.0K Feb 27 16:41 2025060520
082327.789: [08:23:27]drwxrwxrwx    2 nobody    nogroup   4.0K Feb 27 16:41 2025060521
082327.789: [08:23:27]drwxrwxrwx    2 nobody    nogroup   4.0K Feb 27 16:41 2025060522
082327.789: [08:23:27]drwxrwxrwx    2 nobody    nogroup   4.0K Feb 27 16:41 2025060523
082327.790: [08:23:27]drwxrwxrwx    2 nobody    nogroup   4.0K Feb 27 16:41 2025060600
082327.790: [08:23:27]drwxrwxrwx    2 nobody    nogroup   4.0K Feb 27 16:41 2025060601
082327.790: [08:23:27]drwxrwxrwx    2 nobody    nogroup   4.0K Feb 27 16:41 2025060602
082327.790: [08:23:27]drwxrwxrwx    2 nobody    nogroup   4.0K Feb 27 16:41 2025060603
082327.790: [08:23:27]drwxrwxrwx    2 nobody    nogroup   4.0K Feb 27 16:41 2025060604
082327.790: [08:23:27]drwxrwxrwx    2 nobody    nogroup   4.0K Feb 27 16:41 2025060605
082327.790: [08:23:27]drwxrwxrwx    2 nobody    nogroup   4.0K Feb 27 16:41 2025060606
082327.790: [08:23:27]drwxrwxrwx    2 nobody    nogroup   4.0K Feb 27 16:41 2025060607
082327.790: [08:23:27]drwxrwxrwx    2 nobody    nogroup   4.0K Feb 27 16:41 2025060609
082327.790: [08:23:27]drwxrwxrwx    2 nobody    nogroup   4.0K Feb 27 16:41 2025060612
082327.790: [08:23:27]drwxrwxrwx    2 nobody    nogroup   4.0K Feb 27 16:41 2025060614
082327.790: [08:23:27]drwxrwxrwx    2 nobody    nogroup   4.0K Feb 27 16:41 2025060617
082327.790: [08:23:27]drwxrwxrwx    2 nobody    nogroup   4.0K Feb 27 16:41 2025060619
082327.790: [08:23:27]drwxrwxrwx    2 nobody    nogroup   4.0K Feb 27 16:41 2025060620
082327.790: [08:23:27]drwxrwxrwx    2 nobody    nogroup   4.0K Feb 27 16:41 2025060621
082327.790: [08:23:27]drwxrwxrwx    2 nobody    nogroup   4.0K Feb 27 16:41 2025060622
082327.790: [08:23:27]drwxrwxrwx    2 nobody    nogroup   4.0K Feb 27 16:41 2025060623
082327.790: [08:23:27]drwxrwxrwx    2 nobody    nogroup   4.0K Feb 27 16:41 2025060701
082327.790: [08:23:27]drwxrwxrwx    2 nobody    nogroup   4.0K Feb 27 16:41 2025060702
082327.790: [08:23:27]drwxrwxrwx    2 nobody    nogroup   4.0K Feb 27 16:41 2025060703
082327.791: [08:23:27]drwxrwxrwx    2 nobody    nogroup   4.0K Feb 27 16:41 2025060704
082327.791: [08:23:27]drwxrwxrwx    2 nobody    nogroup   4.0K Feb 27 16:41 2025060705
082327.791: [08:23:27]drwxrwxrwx    2 nobody    nogroup   4.0K Feb 27 16:41 2025060706
082327.791: [08:23:27]drwxrwxrwx    2 nobody    nogroup   4.0K Feb 27 16:41 2025060707
082327.791: [08:23:27]drwxrwxrwx    2 nobody    nogroup   4.0K Feb 27 16:41 2025060708
082327.791: [08:23:27]drwxrwxrwx    2 nobody    nogroup   4.0K Feb 27 16:41 2025060709
082327.791: [08:23:27]drwxrwxrwx    2 nobody    nogroup   4.0K Feb 27 16:41 2025060714
082327.791: [08:23:27]drwxrwxrwx    2 nobody    nogroup   4.0K Feb 27 16:42 2025060715
082327.791: [08:23:27]drwxrwxrwx    2 nobody    nogroup   4.0K Feb 27 16:42 2025060716
082327.791: [08:23:27]drwxrwxrwx    2 nobody    nogroup   4.0K Feb 27 16:42 2025060717
082327.791: [08:23:27]drwxrwxrwx    2 nobody    nogroup   4.0K Feb 27 16:42 2025060718
082327.791: [08:23:27]drwxrwxrwx    2 nobody    nogroup   4.0K Feb 27 16:42 2025060719
082327.791: [08:23:27]drwxrwxrwx    2 nobody    nogroup   4.0K Feb 27 16:42 2025060720
082327.791: [08:23:27]drwxrwxrwx    2 nobody    nogroup   4.0K Feb 27 16:42 2025060721
082327.791: [08:23:27]drwxrwxrwx    2 nobody    nogroup   4.0K Feb 27 16:42 2025060722
082327.791: [08:23:27]drwxrwxrwx    2 nobody    nogroup   4.0K Feb 27 16:42 2025060723
082327.791: [08:23:27]drwxrwxrwx    2 nobody    nogroup   4.0K Feb 27 16:42 2025060800
082327.791: [08:23:27]drwxrwxrwx    2 nobody    nogroup   4.0K Feb 27 16:42 2025060801
082327.791: [08:23:27]drwxrwxrwx    2 nobody    nogroup   4.0K Feb 27 16:42 2025060802
082327.791: [08:23:27]drwxrwxrwx    2 nobody    nogroup   4.0K Feb 27 16:42 2025060803
082327.791: [08:23:27]drwxrwxrwx    2 nobody    nogroup   4.0K Feb 27 16:42 2025060804
082327.791: [08:23:27]drwxrwxrwx    2 nobody    nogroup   4.0K Feb 27 16:42 2025060805
082327.791: [08:23:27]drwxrwxrwx    2 nobody    nogroup   4.0K Feb 27 16:42 2025060806
082327.791: [08:23:27]drwxrwxrwx    2 nobody    nogroup   4.0K Feb 27 16:42 2025060807
082327.791: [08:23:27]drwxrwxrwx    2 nobody    nogroup   4.0K Feb 27 16:42 2025060808
082327.791: [08:23:27]drwxrwxrwx    2 nobody    nogroup   4.0K Feb 27 16:42 2025060810
082327.792: [08:23:27]drwxrwxrwx    2 nobody    nogroup   4.0K Feb 27 16:42 2025060811
082327.792: [08:23:27]drwxrwxrwx    2 nobody    nogroup   4.0K Feb 27 16:42 2025060813
082327.792: [08:23:27]drwxrwxrwx    2 nobody    nogroup   4.0K Feb 27 16:42 2025060814
082327.792: [08:23:27]drwxrwxrwx    2 nobody    nogroup   4.0K Feb 27 16:42 2025060815
082327.792: [08:23:27]drwxrwxrwx    2 nobody    nogroup   4.0K Feb 27 16:42 2025060816
082327.792: [08:23:27]drwxrwxrwx    2 nobody    nogroup   4.0K Feb 27 16:42 2025060818
082327.792: [08:23:27]drwxrwxrwx    2 nobody    nogroup   4.0K Feb 27 16:42 2025060819
082327.792: [08:23:27]drwxrwxrwx    2 nobody    nogroup   4.0K Feb 27 16:42 2025060820
082327.792: [08:23:27]drwxrwxrwx    2 nobody    nogroup   4.0K Feb 27 16:42 2025060821
082327.792: [08:23:27]drwxrwxrwx    2 nobody    nogroup   4.0K Feb 27 16:42 2025060822
082327.792: [08:23:27]drwxrwxrwx    2 nobody    nogroup   4.0K Feb 27 16:42 2025060823
082327.792: [08:23:27]drwxrwxrwx    2 nobody    nogroup   4.0K Feb 27 16:42 2025060900
082327.792: [08:23:27]drwxrwxrwx    2 nobody    nogroup   4.0K Feb 27 16:42 2025060901
082327.792: [08:23:27]drwxrwxrwx    2 nobody    nogroup   4.0K Feb 27 16:42 2025060902
082327.792: [08:23:27]drwxrwxrwx    2 nobody    nogroup   4.0K Feb 27 16:42 2025060903
082327.792: [08:23:27]drwxrwxrwx    2 nobody    nogroup   4.0K Feb 27 16:42 2025060904
082327.792: [08:23:27]drwxrwxrwx    2 nobody    nogroup   4.0K Feb 27 16:42 2025060905
082327.792: [08:23:27]drwxrwxrwx    2 nobody    nogroup   4.0K Feb 27 16:42 2025060906
082327.793: [08:23:27]drwxrwxrwx    2 nobody    nogroup   4.0K Feb 27 16:42 2025060908
082327.793: [08:23:27]drwxrwxrwx    2 nobody    nogroup   4.0K Feb 27 16:42 2025060910
082327.793: [08:23:27]drwxrwxrwx    2 nobody    nogroup   4.0K Feb 27 16:42 2025060918
082327.793: [08:23:27]drwxrwxrwx    2 nobody    nogroup   4.0K Feb 27 16:42 2025060919
082327.793: [08:23:27]drwxrwxrwx    2 nobody    nogroup   4.0K Feb 27 16:43 2025060920
082327.799: [08:23:27]drwxrwxrwx    2 nobody    nogroup   4.0K Feb 27 16:43 2025060921
082327.799: [08:23:27]drwxrwxrwx    2 nobody    nogroup   4.0K Feb 27 16:43 2025060922
082327.799: [08:23:27]drwxrwxrwx    2 nobody    nogroup   4.0K Feb 27 16:43 2025060923
082327.799: [08:23:27]drwxrwxrwx    2 nobody    nogroup   4.0K Feb 27 16:43 2025061000
082327.799: [08:23:27]drwxrwxrwx    2 nobody    nogroup   4.0K Feb 27 16:43 2025061001
082327.799: [08:23:27]drwxrwxrwx    2 nobody    nogroup   4.0K Feb 27 16:43 2025061002
082327.800: [08:23:27]drwxrwxrwx    2 nobody    nogroup   4.0K Feb 27 16:43 2025061003
082327.800: [08:23:27]drwxrwxrwx    2 nobody    nogroup   4.0K Feb 27 16:43 2025061004
082327.800: [08:23:27]drwxrwxrwx    2 nobody    nogroup   4.0K Feb 27 16:43 2025061005
082327.800: [08:23:27]drwxrwxrwx    2 nobody    nogroup   4.0K Feb 27 16:43 2025061006
082327.800: [08:23:27]drwxrwxrwx    2 nobody    nogroup   4.0K Feb 27 16:43 2025061007
082327.800: [08:23:27]drwxrwxrwx    2 nobody    nogroup   4.0K Feb 27 16:43 2025061009
082327.800: [08:23:27]drwxrwxrwx    2 nobody    nogroup   4.0K Feb 27 16:43 2025061018
082327.800: [08:23:27]drwxrwxrwx    2 nobody    nogroup   4.0K Feb 27 16:43 2025061019
082327.800: [08:23:27]drwxrwxrwx    2 nobody    nogroup   4.0K Feb 27 16:43 2025061020
082327.800: [08:23:27]drwxrwxrwx    2 nobody    nogroup   4.0K Feb 27 16:43 2025061021
082327.800: [08:23:27]drwxrwxrwx    2 nobody    nogroup   4.0K Feb 27 16:43 2025061022
082327.800: [08:23:27]drwxrwxrwx    2 nobody    nogroup   4.0K Feb 27 16:43 2025061023
082327.800: [08:23:27]drwxrwxrwx    2 nobody    nogroup   4.0K Feb 27 16:43 2025061100
082327.800: [08:23:27]drwxrwxrwx    2 nobody    nogroup   4.0K Feb 27 16:43 2025061101
082327.800: [08:23:27]drwxrwxrwx    2 nobody    nogroup   4.0K Feb 27 16:43 2025061102
082327.800: [08:23:27]drwxrwxrwx    2 nobody    nogroup   4.0K Feb 27 16:43 2025061103
082327.800: [08:23:27]drwxrwxrwx    2 nobody    nogroup   4.0K Feb 27 16:43 2025061104
082327.800: [08:23:27]drwxrwxrwx    2 nobody    nogroup   4.0K Feb 27 16:43 2025061105
082327.800: [08:23:27]drwxrwxrwx    2 nobody    nogroup   4.0K Feb 27 16:43 2025061106
082327.800: [08:23:27]drwxrwxrwx    2 nobody    nogroup   4.0K Feb 27 16:43 2025061107
082327.800: [08:23:27]drwxrwxrwx    2 nobody    nogroup   4.0K Feb 27 16:43 2025061108
082327.800: [08:23:27]drwxrwxrwx    2 nobody    nogroup   4.0K Feb 27 16:43 2025061109
082327.800: [08:23:27]drwxrwxrwx    2 nobody    nogroup   4.0K Feb 27 16:43 2025061118
082327.800: [08:23:27]drwxrwxrwx    2 nobody    nogroup   4.0K Feb 27 16:43 2025061119
082327.800: [08:23:27]drwxrwxrwx    2 nobody    nogroup   4.0K Feb 27 16:43 2025061120
082327.800: [08:23:27]drwxrwxrwx    2 nobody    nogroup   4.0K Jun 19  2025 2025061201
082327.800: [08:23:27]drwxrwxrwx    2 nobody    nogroup   4.0K Jun 20  2025 2025061301
082327.800: [08:23:27]drwxrwxrwx    2 nobody    nogroup   4.0K Jun 21  2025 2025061401
082327.800: [08:23:27]drwxrwxrwx    2 nobody    nogroup   4.0K Jun 22  2025 2025061501
082327.801: [08:23:27]drwxrwxrwx    2 nobody    nogroup   4.0K Jun 23  2025 2025061601
082327.801: [08:23:27]drwxrwxrwx    2 nobody    nogroup   4.0K Jun 24  2025 2025061701
082327.801: [08:23:27]drwxrwxrwx    2 nobody    nogroup   4.0K Jun 25  2025 2025061801
082327.801: [08:23:27]drwxrwxrwx    2 nobody    nogroup   4.0K Jun 26  2025 2025061901
082327.801: [08:23:27]drwxrwxrwx    2 nobody    nogroup   4.0K Jun 27  2025 2025062001
082327.801: [08:23:27]drwxrwxrwx    2 nobody    nogroup   4.0K Jun 28  2025 2025062101
082327.801: [08:23:27]drwxrwxrwx    2 nobody    nogroup   4.0K Jun 29  2025 2025062201
082327.801: [08:23:27]drwxrwxrwx    2 nobody    nogroup   4.0K Jun 30  2025 2025062301
082327.801: [08:23:27]drwxrwxrwx    2 nobody    nogroup   4.0K Jul  1  2025 2025062401
082327.801: [08:23:27]drwxrwxrwx    2 nobody    nogroup   4.0K Jul  2  2025 2025062501
082327.801: [08:23:27]drwxrwxrwx    2 nobody    nogroup   4.0K Jul  3  2025 2025062601
082327.801: [08:23:27]drwxrwxrwx    2 nobody    nogroup   4.0K Jul  4  2025 2025062701
082327.801: [08:23:27]drwxrwxrwx    2 nobody    nogroup   4.0K Jul  5  2025 2025062801
082327.801: [08:23:27]drwxrwxrwx    2 nobody    nogroup   4.0K Jul  6  2025 2025062901
082327.801: [08:23:27]drwxrwxrwx    2 nobody    nogroup   4.0K Jul  7  2025 2025063001
082327.801: [08:23:27]drwxrwxrwx    2 nobody    nogroup   4.0K Jul  8  2025 2025070101
082327.801: [08:23:27]drwxrwxrwx    2 nobody    nogroup   4.0K Jul  9  2025 2025070201
082327.801: [08:23:27]drwxrwxrwx    2 nobody    nogroup   4.0K Jul 10  2025 2025070301
082327.801: [08:23:27]drwxrwxrwx    2 nobody    nogroup   4.0K Jul 11  2025 2025070401
082327.801: [08:23:27]drwxrwxrwx    2 nobody    nogroup   4.0K Jul 12  2025 2025070501
082327.801: [08:23:27]drwxrwxrwx    2 nobody    nogroup   4.0K Jul 13  2025 2025070601
082327.801: [08:23:27]drwxrwxrwx    2 nobody    nogroup   4.0K Feb 27 16:43 2025070701
082327.801: [08:23:27]drwxrwxrwx    2 nobody    nogroup   4.0K Feb 27 16:43 2025070702
082327.801: [08:23:27]drwxrwxrwx    2 nobody    nogroup   4.0K Feb 27 16:43 2025070703
082327.801: [08:23:27]drwxrwxrwx    2 nobody    nogroup   4.0K Feb 27 16:43 2025070704
082327.801: [08:23:27]drwxrwxrwx    2 nobody    nogroup   4.0K Feb 27 16:43 2025070719
082327.802: [08:23:27]drwxrwxrwx    2 nobody    nogroup   4.0K Feb 27 16:43 2025070720
082327.802: [08:23:27]drwxrwxrwx    2 nobody    nogroup   4.0K Feb 27 16:43 2025070721
082327.802: [08:23:27]drwxrwxrwx    2 nobody    nogroup   4.0K Feb 27 16:43 2025070722
082327.802: [08:23:27]drwxrwxrwx    2 nobody    nogroup   4.0K Feb 27 16:43 2025070723
082327.802: [08:23:27]drwxrwxrwx    2 nobody    nogroup   4.0K Feb 27 16:43 2025070800
082327.802: [08:23:27]drwxrwxrwx    2 nobody    nogroup   4.0K Feb 27 16:43 2025070801
082327.802: [08:23:27]drwxrwxrwx    2 nobody    nogroup   4.0K Feb 27 16:43 2025070802
082327.802: [08:23:27]drwxrwxrwx    2 nobody    nogroup   4.0K Feb 27 16:43 2025070803
082327.802: [08:23:27]drwxrwxrwx    2 nobody    nogroup   4.0K Feb 27 16:43 2025070804
082327.802: [08:23:27]drwxrwxrwx    2 nobody    nogroup   4.0K Feb 27 16:43 2025070819
082327.802: [08:23:27]drwxrwxrwx    2 nobody    nogroup   4.0K Feb 27 16:43 2025070820
082327.802: [08:23:27]drwxrwxrwx    2 nobody    nogroup   4.0K Feb 27 16:43 2025070821
082327.802: [08:23:27]drwxrwxrwx    2 nobody    nogroup   4.0K Feb 27 16:43 2025070822
082327.802: [08:23:27]drwxrwxrwx    2 nobody    nogroup   4.0K Feb 27 16:43 2025070823
082327.802: [08:23:27]drwxrwxrwx    2 nobody    nogroup   4.0K Feb 27 16:43 2025070900
082327.802: [08:23:27]drwxrwxrwx    2 nobody    nogroup   4.0K Feb 27 16:43 2025070901
082327.802: [08:23:27]drwxrwxrwx    2 nobody    nogroup   4.0K Feb 27 16:44 2025070902
082327.802: [08:23:27]drwxrwxrwx    2 nobody    nogroup   4.0K Feb 27 16:44 2025070903
082327.802: [08:23:27]drwxrwxrwx    2 nobody    nogroup   4.0K Feb 27 16:44 2025070904
082327.802: [08:23:27]drwxrwxrwx    2 nobody    nogroup   4.0K Feb 27 16:44 2025070905
082327.802: [08:23:27]drwxrwxrwx    2 nobody    nogroup   4.0K Feb 27 16:44 2025070907
082327.802: [08:23:27]drwxrwxrwx    2 nobody    nogroup   4.0K Feb 27 16:44 2025070913
082327.802: [08:23:27]drwxrwxrwx    2 nobody    nogroup   4.0K Feb 27 16:44 2025070916
082327.802: [08:23:27]drwxrwxrwx    2 nobody    nogroup   4.0K Feb 27 16:44 2025070917
082327.802: [08:23:27]drwxrwxrwx    2 nobody    nogroup   4.0K Feb 27 16:44 2025070918
082327.802: [08:23:27]drwxrwxrwx    2 nobody    nogroup   4.0K Feb 27 16:44 2025070919
082327.802: [08:23:27]drwxrwxrwx    2 nobody    nogroup   4.0K Feb 27 16:44 2025070920
082327.802: [08:23:27]drwxrwxrwx    2 nobody    nogroup   4.0K Feb 27 16:44 2025070921
082327.802: [08:23:27]drwxrwxrwx    2 nobody    nogroup   4.0K Feb 27 16:44 2025070922
082327.802: [08:23:27]drwxrwxrwx    2 nobody    nogroup   4.0K Feb 27 16:44 2025070923
082327.803: [08:23:27]drwxrwxrwx    2 nobody    nogroup   4.0K Feb 27 16:44 2025071000
082327.803: [08:23:27]drwxrwxrwx    2 nobody    nogroup   4.0K Feb 27 16:44 2025071001
082327.803: [08:23:27]drwxrwxrwx    2 nobody    nogroup   4.0K Feb 27 16:44 2025071002
082327.803: [08:23:27]drwxrwxrwx    2 nobody    nogroup   4.0K Feb 27 16:44 2025071003
082327.803: [08:23:27]drwxrwxrwx    2 nobody    nogroup   4.0K Feb 27 16:44 2025071004
082327.803: [08:23:27]drwxrwxrwx    2 nobody    nogroup   4.0K Feb 27 16:44 2025071005
082327.803: [08:23:27]drwxrwxrwx    2 nobody    nogroup   4.0K Feb 27 16:44 2025071014
082327.803: [08:23:27]drwxrwxrwx    2 nobody    nogroup   4.0K Feb 27 16:44 2025071018
082327.803: [08:23:27]drwxrwxrwx    2 nobody    nogroup   4.0K Feb 27 16:44 2025071019
082327.803: [08:23:27]drwxrwxrwx    2 nobody    nogroup   4.0K Feb 27 16:44 2025071020
082327.803: [08:23:27]drwxrwxrwx    2 nobody    nogroup   4.0K Feb 27 16:44 2025071021
082327.803: [08:23:27]drwxrwxrwx    2 nobody    nogroup   4.0K Feb 27 16:44 2025071022
082327.803: [08:23:27]drwxrwxrwx    2 nobody    nogroup   4.0K Feb 27 16:44 2025071023
082327.803: [08:23:27]drwxrwxrwx    2 nobody    nogroup   4.0K Feb 27 16:44 2025071100
082327.803: [08:23:27]drwxrwxrwx    2 nobody    nogroup   4.0K Feb 27 16:44 2025071101
082327.803: [08:23:27]drwxrwxrwx    2 nobody    nogroup   4.0K Feb 27 16:44 2025071102
082327.803: [08:23:27]drwxrwxrwx    2 nobody    nogroup   4.0K Feb 27 16:44 2025071103
082327.803: [08:23:27]drwxrwxrwx    2 nobody    nogroup   4.0K Feb 27 16:44 2025071104
082327.803: [08:23:27]drwxrwxrwx    2 nobody    nogroup   4.0K Feb 27 16:44 2025071105
082327.803: [08:23:27]drwxrwxrwx    2 nobody    nogroup   4.0K Feb 27 16:44 2025071106
082327.803: [08:23:27]drwxrwxrwx    2 nobody    nogroup   4.0K Feb 27 16:44 2025071107
082327.804: [08:23:27]drwxrwxrwx    2 nobody    nogroup   4.0K Feb 27 16:44 2025071112
082327.804: [08:23:27]drwxrwxrwx    2 nobody    nogroup   4.0K Feb 27 16:44 2025071113
082327.804: [08:23:27]drwxrwxrwx    2 nobody    nogroup   4.0K Feb 27 16:44 2025071115
082327.804: [08:23:27]drwxrwxrwx    2 nobody    nogroup   4.0K Feb 27 16:44 2025071119
082327.804: [08:23:27]drwxrwxrwx    2 nobody    nogroup   4.0K Feb 27 16:44 2025071121
082327.804: [08:23:27]drwxrwxrwx    2 nobody    nogroup   4.0K Feb 27 16:44 2025071122
082327.804: [08:23:27]drwxrwxrwx    2 nobody    nogroup   4.0K Feb 27 16:44 2025071123
082327.804: [08:23:27]drwxrwxrwx    2 nobody    nogroup   4.0K Feb 27 16:44 2025071200
082327.804: [08:23:27]drwxrwxrwx    2 nobody    nogroup   4.0K Feb 27 16:44 2025071201
082327.804: [08:23:27]drwxrwxrwx    2 nobody    nogroup   4.0K Feb 27 16:44 2025071202
082327.804: [08:23:27]drwxrwxrwx    2 nobody    nogroup   4.0K Feb 27 16:44 2025071203
082327.804: [08:23:27]drwxrwxrwx    2 nobody    nogroup   4.0K Feb 27 16:44 2025071204
082327.804: [08:23:27]drwxrwxrwx    2 nobody    nogroup   4.0K Feb 27 16:44 2025071205
082327.804: [08:23:27]drwxrwxrwx    2 nobody    nogroup   4.0K Feb 27 16:44 2025071206
082327.804: [08:23:27]drwxrwxrwx    2 nobody    nogroup   4.0K Feb 27 16:44 2025071207
082327.804: [08:23:27]drwxrwxrwx    2 nobody    nogroup   4.0K Feb 27 16:44 2025071208
082327.804: [08:23:27]drwxrwxrwx    2 nobody    nogroup   4.0K Feb 27 16:44 2025071217
082327.804: [08:23:27]drwxrwxrwx    2 nobody    nogroup   4.0K Feb 27 16:44 2025071218
082327.804: [08:23:27]drwxrwxrwx    2 nobody    nogroup   4.0K Feb 27 16:44 2025071219
082327.804: [08:23:27]drwxrwxrwx    2 nobody    nogroup   4.0K Feb 27 16:44 2025071220
082327.804: [08:23:27]drwxrwxrwx    2 nobody    nogroup   4.0K Feb 27 16:44 2025071221
082327.804: [08:23:27]drwxrwxrwx    2 nobody    nogroup   4.0K Feb 27 16:44 2025071222
082327.804: [08:23:27]drwxrwxrwx    2 nobody    nogroup   4.0K Feb 27 16:44 2025071223
082327.804: [08:23:27]drwxrwxrwx    2 nobody    nogroup   4.0K Feb 27 16:44 2025071300
082327.804: [08:23:27]drwxrwxrwx    2 nobody    nogroup   4.0K Feb 27 16:44 2025071301
082327.804: [08:23:27]drwxrwxrwx    2 nobody    nogroup   4.0K Feb 27 16:44 2025071302
082327.805: [08:23:27]drwxrwxrwx    2 nobody    nogroup   4.0K Feb 27 16:44 2025071303
082327.805: [08:23:27]drwxrwxrwx    2 nobody    nogroup   4.0K Feb 27 16:44 2025071304
082327.805: [08:23:27]drwxrwxrwx    2 nobody    nogroup   4.0K Feb 27 16:44 2025071305
082327.805: [08:23:27]drwxrwxrwx    2 nobody    nogroup   4.0K Feb 27 16:44 2025071307
082327.805: [08:23:27]drwxrwxrwx    2 nobody    nogroup   4.0K Feb 27 16:44 2025071308
082327.805: [08:23:27]drwxrwxrwx    2 nobody    nogroup   4.0K Feb 27 16:44 2025071310
082327.805: [08:23:27]drwxrwxrwx    2 nobody    nogroup   4.0K Feb 27 16:44 2025071311
082327.805: [08:23:27]drwxrwxrwx    2 nobody    nogroup   4.0K Feb 27 16:44 2025071312
082327.805: [08:23:27]drwxrwxrwx    2 nobody    nogroup   4.0K Feb 27 16:44 2025071313
082327.805: [08:23:27]drwxrwxrwx    2 nobody    nogroup   4.0K Feb 27 16:44 2025071314
082327.805: [08:23:27]drwxrwxrwx    2 nobody    nogroup   4.0K Feb 27 16:44 2025071317
082327.805: [08:23:27]drwxrwxrwx    2 nobody    nogroup   4.0K Feb 27 16:44 2025071318
082327.805: [08:23:27]drwxrwxrwx    2 nobody    nogroup   4.0K Feb 27 16:44 2025071319
082327.805: [08:23:27]drwxrwxrwx    2 nobody    nogroup   4.0K Feb 27 16:44 2025071320
082327.805: [08:23:27]drwxrwxrwx    2 nobody    nogroup   4.0K Feb 27 16:44 2025071321
082327.805: [08:23:27]drwxrwxrwx    2 nobody    nogroup   4.0K Feb 27 16:44 2025071322
082327.805: [08:23:27]drwxrwxrwx    2 nobody    nogroup   4.0K Feb 27 16:44 2025071323
082327.805: [08:23:27]drwxrwxrwx    2 nobody    nogroup   4.0K Feb 27 16:44 2025071400
082327.805: [08:23:27]drwxrwxrwx    2 nobody    nogroup   4.0K Feb 27 16:44 2025071401
082327.805: [08:23:27]drwxrwxrwx    2 nobody    nogroup   4.0K Feb 27 16:44 2025071402
082327.805: [08:23:27]drwxrwxrwx    2 nobody    nogroup   4.0K Feb 27 16:44 2025071403
082327.805: [08:23:27]drwxrwxrwx    2 nobody    nogroup   4.0K Feb 27 16:44 2025071404
082327.805: [08:23:27]drwxrwxrwx    2 nobody    nogroup   4.0K Feb 27 16:44 2025071405
082327.805: [08:23:27]drwxrwxrwx    2 nobody    nogroup   4.0K Feb 27 16:44 2025071406
082327.805: [08:23:27]drwxrwxrwx    2 nobody    nogroup   4.0K Feb 27 16:44 2025071407
082327.805: [08:23:27]drwxrwxrwx    2 nobody    nogroup   4.0K Feb 27 16:44 2025071413
082327.805: [08:23:27]drwxrwxrwx    2 nobody    nogroup   4.0K Feb 27 16:44 2025071416
082327.805: [08:23:27]drwxrwxrwx    2 nobody    nogroup   4.0K Feb 27 16:44 2025071419
082327.805: [08:23:27]drwxrwxrwx    2 nobody    nogroup   4.0K Feb 27 16:44 2025071423
082327.806: [08:23:27]drwxrwxrwx    2 nobody    nogroup   4.0K Feb 27 16:44 2025071500
082327.806: [08:23:27]drwxrwxrwx    2 nobody    nogroup   4.0K Feb 27 16:44 2025071501
082327.806: [08:23:27]drwxrwxrwx    2 nobody    nogroup   4.0K Feb 27 16:44 2025071502
082327.806: [08:23:27]drwxrwxrwx    2 nobody    nogroup   4.0K Feb 27 16:44 2025071503
082327.806: [08:23:27]drwxrwxrwx    2 nobody    nogroup   4.0K Feb 27 16:44 2025071504
082327.806: [08:23:27]drwxrwxrwx    2 nobody    nogroup   4.0K Feb 27 16:44 2025071505
082327.806: [08:23:27]drwxrwxrwx    2 nobody    nogroup   4.0K Feb 27 16:44 2025071507
082327.806: [08:23:27]drwxrwxrwx    2 nobody    nogroup   4.0K Feb 27 16:44 2025071508
082327.806: [08:23:27]drwxrwxrwx    2 nobody    nogroup   4.0K Feb 27 16:44 2025071514
082327.806: [08:23:27]drwxrwxrwx    2 nobody    nogroup   4.0K Feb 27 16:44 2025071516
082327.806: [08:23:27]drwxrwxrwx    2 nobody    nogroup   4.0K Feb 27 16:44 2025071518
082327.806: [08:23:27]drwxrwxrwx    2 nobody    nogroup   4.0K Feb 27 16:44 2025071519
082327.806: [08:23:27]drwxrwxrwx    2 nobody    nogroup   4.0K Feb 27 16:44 2025071520
082327.806: [08:23:27]drwxrwxrwx    2 nobody    nogroup   4.0K Feb 27 16:44 2025071521
082327.806: [08:23:27]drwxrwxrwx    2 nobody    nogroup   4.0K Feb 27 16:44 2025071522
082327.806: [08:23:27]drwxrwxrwx    2 nobody    nogroup   4.0K Feb 27 16:44 2025071523
082327.806: [08:23:27]drwxrwxrwx    2 nobody    nogroup   4.0K Feb 27 16:44 2025071605
082327.806: [08:23:27]drwxrwxrwx    2 nobody    nogroup   4.0K Feb 27 16:44 2025071616
082327.806: [08:23:27]drwxrwxrwx    2 nobody    nogroup   4.0K Feb 27 16:44 2025071619
082327.806: [08:23:27]drwxrwxrwx    2 nobody    nogroup   4.0K Feb 27 16:44 2025071621
082327.806: [08:23:27]drwxrwxrwx    2 nobody    nogroup   4.0K Feb 27 16:44 2025071622
082327.806: [08:23:27]drwxrwxrwx    2 nobody    nogroup   4.0K Feb 27 16:45 2025071703
082327.806: [08:23:27]drwxrwxrwx    2 nobody    nogroup   4.0K Feb 27 16:45 2025071704
082327.806: [08:23:27]drwxrwxrwx    2 nobody    nogroup   4.0K Feb 27 16:45 2025071705
082327.806: [08:23:27]drwxrwxrwx    2 nobody    nogroup   4.0K Feb 27 16:45 2025071718
082327.806: [08:23:27]drwxrwxrwx    2 nobody    nogroup   4.0K Feb 27 16:45 2025071719
082327.806: [08:23:27]drwxrwxrwx    2 nobody    nogroup   4.0K Feb 27 16:45 2025071802
082327.807: [08:23:27]drwxrwxrwx    2 nobody    nogroup   4.0K Feb 27 16:45 2025071803
082327.807: [08:23:27]drwxrwxrwx    2 nobody    nogroup   4.0K Feb 27 16:45 2025071805
082327.807: [08:23:27]drwxrwxrwx    2 nobody    nogroup   4.0K Feb 27 16:45 2025071818
082327.807: [08:23:27]drwxrwxrwx    2 nobody    nogroup   4.0K Feb 27 16:45 2025071819
082327.807: [08:23:27]drwxrwxrwx    2 nobody    nogroup   4.0K Feb 27 16:45 2025071823
082327.807: [08:23:27]drwxrwxrwx    2 nobody    nogroup   4.0K Feb 27 16:45 2025071900
082327.807: [08:23:27]drwxrwxrwx    2 nobody    nogroup   4.0K Feb 27 16:45 2025071905
082327.807: [08:23:27]drwxrwxrwx    2 nobody    nogroup   4.0K Feb 27 16:45 2025071909
082327.807: [08:23:27]drwxrwxrwx    2 nobody    nogroup   4.0K Feb 27 16:45 2025071918
082327.807: [08:23:27]drwxrwxrwx    2 nobody    nogroup   4.0K Feb 27 16:45 2025071919
082327.807: [08:23:27]drwxrwxrwx    2 nobody    nogroup   4.0K Feb 27 16:45 2025071920
082327.807: [08:23:27]drwxrwxrwx    2 nobody    nogroup   4.0K Feb 27 16:45 2025071922
082327.807: [08:23:27]drwxrwxrwx    2 nobody    nogroup   4.0K Feb 27 16:45 2025071923
082327.807: [08:23:27]drwxrwxrwx    2 nobody    nogroup   4.0K Feb 27 16:45 2025072005
082327.807: [08:23:27]drwxrwxrwx    2 nobody    nogroup   4.0K Feb 27 16:45 2025072008
082327.807: [08:23:27]drwxrwxrwx    2 nobody    nogroup   4.0K Feb 27 16:45 2025072015
082327.807: [08:23:27]drwxrwxrwx    2 nobody    nogroup   4.0K Feb 27 16:45 2025072019
082327.807: [08:23:27]drwxrwxrwx    2 nobody    nogroup   4.0K Feb 27 16:45 2025072022
082327.807: [08:23:27]drwxrwxrwx    2 nobody    nogroup   4.0K Feb 27 16:45 2025072023
082327.807: [08:23:27]drwxrwxrwx    2 nobody    nogroup   4.0K Feb 27 16:45 2025072100
082327.807: [08:23:27]drwxrwxrwx    2 nobody    nogroup   4.0K Feb 27 16:45 2025072101
082327.807: [08:23:27]drwxrwxrwx    2 nobody    nogroup   4.0K Feb 27 16:45 2025072102
082327.807: [08:23:27]drwxrwxrwx    2 nobody    nogroup   4.0K Feb 27 16:45 2025072103
082327.807: [08:23:27]drwxrwxrwx    2 nobody    nogroup   4.0K Feb 27 16:45 2025072104
082327.807: [08:23:27]drwxrwxrwx    2 nobody    nogroup   4.0K Feb 27 16:45 2025072105
082327.807: [08:23:27]drwxrwxrwx    2 nobody    nogroup   4.0K Feb 27 16:45 2025072106
082327.808: [08:23:27]drwxrwxrwx    2 nobody    nogroup   4.0K Feb 27 16:45 2025072107
082327.808: [08:23:27]drwxrwxrwx    2 nobody    nogroup   4.0K Feb 27 16:45 2025072108
082327.808: [08:23:27]drwxrwxrwx    2 nobody    nogroup   4.0K Feb 27 16:45 2025072109
082327.808: [08:23:27]drwxrwxrwx    2 nobody    nogroup   4.0K Feb 27 16:45 2025072113
082327.808: [08:23:27]drwxrwxrwx    2 nobody    nogroup   4.0K Feb 27 16:45 2025072115
082327.808: [08:23:27]drwxrwxrwx    2 nobody    nogroup   4.0K Feb 27 16:45 2025072119
082327.808: [08:23:27]drwxrwxrwx    2 nobody    nogroup   4.0K Feb 27 16:45 2025072121
082327.808: [08:23:27]drwxrwxrwx    2 nobody    nogroup   4.0K Feb 27 16:45 2025072122
082327.808: [08:23:27]drwxrwxrwx    2 nobody    nogroup   4.0K Feb 27 16:45 2025072123
082327.808: [08:23:27]drwxrwxrwx    2 nobody    nogroup   4.0K Feb 27 16:45 2025072200
082327.808: [08:23:27]drwxrwxrwx    2 nobody    nogroup   4.0K Feb 27 16:45 2025072201
082327.808: [08:23:27]drwxrwxrwx    2 nobody    nogroup   4.0K Feb 27 16:45 2025072202
082327.808: [08:23:27]drwxrwxrwx    2 nobody    nogroup   4.0K Feb 27 16:45 2025072203
082327.808: [08:23:27]drwxrwxrwx    2 nobody    nogroup   4.0K Feb 27 16:45 2025072204
082327.808: [08:23:27]drwxrwxrwx    2 nobody    nogroup   4.0K Feb 27 16:45 2025072205
082327.808: [08:23:27]drwxrwxrwx    2 nobody    nogroup   4.0K Feb 27 16:45 2025072206
082327.808: [08:23:27]drwxrwxrwx    2 nobody    nogroup   4.0K Jul 29  2025 2025072305
082327.808: [08:23:27]drwxrwxrwx    2 nobody    nogroup   4.0K Jul 31  2025 2025072401
082327.808: [08:23:27]drwxrwxrwx    2 nobody    nogroup   4.0K Feb 27 16:45 2025072505
082327.808: [08:23:27]drwxrwxrwx    2 nobody    nogroup   4.0K Feb 27 16:45 2025072519
082327.808: [08:23:27]drwxrwxrwx    2 nobody    nogroup   4.0K Feb 27 16:45 2025072520
082327.808: [08:23:27]drwxrwxrwx    2 nobody    nogroup   4.0K Aug  2  2025 2025072601
082327.808: [08:23:27]drwxrwxrwx    2 nobody    nogroup   4.0K Feb 27 16:45 2025072701
082327.808: [08:23:27]drwxrwxrwx    2 nobody    nogroup   4.0K Feb 27 16:45 2025072702
082327.808: [08:23:27]drwxrwxrwx    2 nobody    nogroup   4.0K Feb 27 16:45 2025072703
082327.808: [08:23:27]drwxrwxrwx    2 nobody    nogroup   4.0K Feb 27 16:45 2025072704
082327.809: [08:23:27]drwxrwxrwx    2 nobody    nogroup   4.0K Feb 27 16:45 2025072705
082327.809: [08:23:27]drwxrwxrwx    2 nobody    nogroup   4.0K Feb 27 16:45 2025072706
082327.809: [08:23:27]drwxrwxrwx    2 nobody    nogroup   4.0K Feb 27 16:45 2025072708
082327.809: [08:23:27]drwxrwxrwx    2 nobody    nogroup   4.0K Feb 27 16:45 2025072709
082327.809: [08:23:27]drwxrwxrwx    2 nobody    nogroup   4.0K Feb 27 16:45 2025072719
082327.809: [08:23:27]drwxrwxrwx    2 nobody    nogroup   4.0K Feb 27 16:45 2025072720
082327.809: [08:23:27]drwxrwxrwx    2 nobody    nogroup   4.0K Feb 27 16:45 2025072721
082327.809: [08:23:27]drwxrwxrwx    2 nobody    nogroup   4.0K Feb 27 16:45 2025072722
082327.809: [08:23:27]drwxrwxrwx    2 nobody    nogroup   4.0K Feb 27 16:45 2025072723
082327.809: [08:23:27]drwxrwxrwx    2 nobody    nogroup   4.0K Feb 27 16:45 2025072800
082327.809: [08:23:27]drwxrwxrwx    2 nobody    nogroup   4.0K Feb 27 16:45 2025072801
082327.809: [08:23:27]drwxrwxrwx    2 nobody    nogroup   4.0K Feb 27 16:45 2025072802
082327.809: [08:23:27]drwxrwxrwx    2 nobody    nogroup   4.0K Feb 27 16:45 2025072803
082327.809: [08:23:27]drwxrwxrwx    2 nobody    nogroup   4.0K Feb 27 16:45 2025072804
082327.809: [08:23:27]drwxrwxrwx    2 nobody    nogroup   4.0K Feb 27 16:45 2025072805
082327.809: [08:23:27]drwxrwxrwx    2 nobody    nogroup   4.0K Feb 27 16:45 2025072819
082327.809: [08:23:27]drwxrwxrwx    2 nobody    nogroup   4.0K Feb 27 16:45 2025072820
082327.809: [08:23:27]drwxrwxrwx    2 nobody    nogroup   4.0K Feb 27 16:45 2025072821
082327.809: [08:23:27]drwxrwxrwx    2 nobody    nogroup   4.0K Feb 27 16:45 2025072822
082327.809: [08:23:27]drwxrwxrwx    2 nobody    nogroup   4.0K Feb 27 16:45 2025072823
082327.809: [08:23:27]drwxrwxrwx    2 nobody    nogroup   4.0K Feb 27 16:45 2025072900
082327.809: [08:23:27]drwxrwxrwx    2 nobody    nogroup   4.0K Feb 27 16:45 2025072901
082327.809: [08:23:27]drwxrwxrwx    2 nobody    nogroup   4.0K Feb 27 16:45 2025072902
082327.809: [08:23:27]drwxrwxrwx    2 nobody    nogroup   4.0K Feb 27 16:45 2025072903
082327.809: [08:23:27]drwxrwxrwx    2 nobody    nogroup   4.0K Feb 27 16:45 2025072904
082327.809: [08:23:27]drwxrwxrwx    2 nobody    nogroup   4.0K Feb 27 16:45 2025072905
082327.809: [08:23:27]drwxrwxrwx    2 nobody    nogroup   4.0K Feb 27 16:45 2025072906
082327.809: [08:23:27]drwxrwxrwx    2 nobody    nogroup   4.0K Feb 27 16:45 2025072908
082327.810: [08:23:27]drwxrwxrwx    2 nobody    nogroup   4.0K Feb 27 16:45 2025072918
082327.810: [08:23:27]drwxrwxrwx    2 nobody    nogroup   4.0K Feb 27 16:45 2025072919
082327.810: [08:23:27]drwxrwxrwx    2 nobody    nogroup   4.0K Feb 27 16:45 2025072920
082327.810: [08:23:27]drwxrwxrwx    2 nobody    nogroup   4.0K Feb 27 16:45 2025072921
082327.810: [08:23:27]drwxrwxrwx    2 nobody    nogroup   4.0K Feb 27 16:45 2025072922
082327.810: [08:23:27]drwxrwxrwx    2 nobody    nogroup   4.0K Feb 27 16:45 2025072923
082327.810: [08:23:27]drwxrwxrwx    2 nobody    nogroup   4.0K Feb 27 16:45 2025073000
082327.810: [08:23:27]drwxrwxrwx    2 nobody    nogroup   4.0K Feb 27 16:45 2025073001
082327.810: [08:23:27]drwxrwxrwx    2 nobody    nogroup   4.0K Feb 27 16:45 2025073002
082327.810: [08:23:27]drwxrwxrwx    2 nobody    nogroup   4.0K Feb 27 16:45 2025073003
082327.810: [08:23:27]drwxrwxrwx    2 nobody    nogroup   4.0K Feb 27 16:45 2025073004
082327.810: [08:23:27]drwxrwxrwx    2 nobody    nogroup   4.0K Feb 27 16:45 2025073005
082327.810: [08:23:27]drwxrwxrwx    2 nobody    nogroup   4.0K Feb 27 16:45 2025073006
082327.810: [08:23:27]drwxrwxrwx    2 nobody    nogroup   4.0K Feb 27 16:45 2025073007
082327.810: [08:23:27]drwxrwxrwx    2 nobody    nogroup   4.0K Feb 27 16:45 2025073008
082327.810: [08:23:27]drwxrwxrwx    2 nobody    nogroup   4.0K Feb 27 16:45 2025073011
082327.810: [08:23:27]drwxrwxrwx    2 nobody    nogroup   4.0K Feb 27 16:45 2025073018
082327.810: [08:23:27]drwxrwxrwx    2 nobody    nogroup   4.0K Feb 27 16:45 2025073019
082327.810: [08:23:27]drwxrwxrwx    2 nobody    nogroup   4.0K Feb 27 16:45 2025073020
082327.810: [08:23:27]drwxrwxrwx    2 nobody    nogroup   4.0K Feb 27 16:45 2025073021
082327.810: [08:23:27]drwxrwxrwx    2 nobody    nogroup   4.0K Feb 27 16:45 2025073022
082327.810: [08:23:27]drwxrwxrwx    2 nobody    nogroup   4.0K Feb 27 16:45 2025073023
082327.810: [08:23:27]drwxrwxrwx    2 nobody    nogroup   4.0K Feb 27 16:45 2025073100
082327.810: [08:23:27]drwxrwxrwx    2 nobody    nogroup   4.0K Feb 27 16:45 2025073101
082327.810: [08:23:27]drwxrwxrwx    2 nobody    nogroup   4.0K Feb 27 16:45 2025073102
082327.810: [08:23:27]drwxrwxrwx    2 nobody    nogroup   4.0K Feb 27 16:45 2025073103
082327.810: [08:23:27]drwxrwxrwx    2 nobody    nogroup   4.0K Feb 27 16:45 2025073104
082327.810: [08:23:27]drwxrwxrwx    2 nobody    nogroup   4.0K Feb 27 16:45 2025073105
082327.810: [08:23:27]drwxrwxrwx    2 nobody    nogroup   4.0K Feb 27 16:45 2025073106
082327.810: [08:23:27]drwxrwxrwx    2 nobody    nogroup   4.0K Feb 27 16:45 2025073107
082327.811: [08:23:27]drwxrwxrwx    2 nobody    nogroup   4.0K Feb 27 16:45 2025073110
082327.811: [08:23:27]drwxrwxrwx    2 nobody    nogroup   4.0K Feb 27 16:45 2025073111
082327.811: [08:23:27]drwxrwxrwx    2 nobody    nogroup   4.0K Feb 27 16:45 2025073112
082327.811: [08:23:27]drwxrwxrwx    2 nobody    nogroup   4.0K Feb 27 16:45 2025073113
082327.811: [08:23:27]drwxrwxrwx    2 nobody    nogroup   4.0K Feb 27 16:45 2025073114
082327.811: [08:23:27]drwxrwxrwx    2 nobody    nogroup   4.0K Feb 27 16:45 2025073115
082327.811: [08:23:27]drwxrwxrwx    2 nobody    nogroup   4.0K Feb 27 16:45 2025073119
082327.811: [08:23:27]drwxrwxrwx    2 nobody    nogroup   4.0K Feb 27 16:45 2025073120
082327.811: [08:23:27]drwxrwxrwx    2 nobody    nogroup   4.0K Feb 27 16:45 2025073121
082327.811: [08:23:27]drwxrwxrwx    2 nobody    nogroup   4.0K Feb 27 16:45 2025073122
082327.811: [08:23:27]drwxrwxrwx    2 nobody    nogroup   4.0K Feb 27 16:45 2025073123
082327.811: [08:23:27]drwxrwxrwx    2 nobody    nogroup   4.0K Feb 27 16:45 2025080100
082327.811: [08:23:27]drwxrwxrwx    2 nobody    nogroup   4.0K Feb 27 16:45 2025080101
082327.811: [08:23:27]drwxrwxrwx    2 nobody    nogroup   4.0K Feb 27 16:45 2025080102
082327.811: [08:23:27]drwxrwxrwx    2 nobody    nogroup   4.0K Feb 27 16:45 2025080103
082327.811: [08:23:27]drwxrwxrwx    2 nobody    nogroup   4.0K Feb 27 16:45 2025080104
082327.811: [08:23:27]drwxrwxrwx    2 nobody    nogroup   4.0K Feb 27 16:45 2025080105
082327.811: [08:23:27]drwxrwxrwx    2 nobody    nogroup   4.0K Feb 27 16:45 2025080106
082327.811: [08:23:27]drwxrwxrwx    2 nobody    nogroup   4.0K Feb 27 16:45 2025080108
082327.811: [08:23:27]drwxrwxrwx    2 nobody    nogroup   4.0K Feb 27 16:45 2025080110
082327.811: [08:23:27]drwxrwxrwx    2 nobody    nogroup   4.0K Feb 27 16:45 2025080111
082327.811: [08:23:27]drwxrwxrwx    2 nobody    nogroup   4.0K Feb 27 16:45 2025080112
082327.812: [08:23:27]drwxrwxrwx    2 nobody    nogroup   4.0K Feb 27 16:45 2025080113
082327.812: [08:23:27]drwxrwxrwx    2 nobody    nogroup   4.0K Feb 27 16:45 2025080114
082327.812: [08:23:27]drwxrwxrwx    2 nobody    nogroup   4.0K Feb 27 16:45 2025080115
082327.812: [08:23:27]drwxrwxrwx    2 nobody    nogroup   4.0K Feb 27 16:45 2025080116
082327.812: [08:23:27]drwxrwxrwx    2 nobody    nogroup   4.0K Feb 27 16:45 2025080118
082327.812: [08:23:27]drwxrwxrwx    2 nobody    nogroup   4.0K Feb 27 16:45 2025080119
082327.812: [08:23:27]drwxrwxrwx    2 nobody    nogroup   4.0K Feb 27 16:45 2025080120
082327.812: [08:23:27]drwxrwxrwx    2 nobody    nogroup   4.0K Feb 27 16:45 2025080121
082327.812: [08:23:27]drwxrwxrwx    2 nobody    nogroup   4.0K Feb 27 16:45 2025080122
082327.812: [08:23:27]drwxrwxrwx    2 nobody    nogroup   4.0K Feb 27 16:45 2025080123
082327.812: [08:23:27]drwxrwxrwx    2 nobody    nogroup   4.0K Feb 27 16:45 2025080200
082327.812: [08:23:27]drwxrwxrwx    2 nobody    nogroup   4.0K Feb 27 16:45 2025080201
082327.812: [08:23:27]drwxrwxrwx    2 nobody    nogroup   4.0K Feb 27 16:45 2025080202
082327.812: [08:23:27]drwxrwxrwx    2 nobody    nogroup   4.0K Feb 27 16:45 2025080203
082327.812: [08:23:27]drwxrwxrwx    2 nobody    nogroup   4.0K Feb 27 16:45 2025080204
082327.812: [08:23:27]drwxrwxrwx    2 nobody    nogroup   4.0K Feb 27 16:45 2025080205
082327.812: [08:23:27]drwxrwxrwx    2 nobody    nogroup   4.0K Feb 27 16:45 2025080206
082327.812: [08:23:27]drwxrwxrwx    2 nobody    nogroup   4.0K Feb 27 16:45 2025080207
082327.812: [08:23:27]drwxrwxrwx    2 nobody    nogroup   4.0K Feb 27 16:45 2025080208
082327.812: [08:23:27]drwxrwxrwx    2 nobody    nogroup   4.0K Feb 27 16:45 2025080210
082327.812: [08:23:27]drwxrwxrwx    2 nobody    nogroup   4.0K Feb 27 16:45 2025080211
082327.812: [08:23:27]drwxrwxrwx    2 nobody    nogroup   4.0K Feb 27 16:45 2025080212
082327.812: [08:23:27]drwxrwxrwx    2 nobody    nogroup   4.0K Feb 27 16:45 2025080214
082327.812: [08:23:27]drwxrwxrwx    2 nobody    nogroup   4.0K Feb 27 16:45 2025080216
082327.812: [08:23:27]drwxrwxrwx    2 nobody    nogroup   4.0K Feb 27 16:45 2025080218
082327.812: [08:23:27]drwxrwxrwx    2 nobody    nogroup   4.0K Feb 27 16:45 2025080219
082327.812: [08:23:27]drwxrwxrwx    2 nobody    nogroup   4.0K Feb 27 16:46 2025080220
082327.812: [08:23:27]drwxrwxrwx    2 nobody    nogroup   4.0K Feb 27 16:46 2025080221
082327.812: [08:23:27]drwxrwxrwx    2 nobody    nogroup   4.0K Feb 27 16:46 2025080223
082327.812: [08:23:27]drwxrwxrwx    2 nobody    nogroup   4.0K Feb 27 16:46 2025080305
082327.813: [08:23:27]drwxrwxrwx    2 nobody    nogroup   4.0K Feb 27 16:46 2025080306
082327.813: [08:23:27]drwxrwxrwx    2 nobody    nogroup   4.0K Feb 27 16:46 2025080308
082327.813: [08:23:27]drwxrwxrwx    2 nobody    nogroup   4.0K Feb 27 16:46 2025080309
082327.813: [08:23:27]drwxrwxrwx    2 nobody    nogroup   4.0K Feb 27 16:46 2025080310
082327.813: [08:23:27]drwxrwxrwx    2 nobody    nogroup   4.0K Feb 27 16:46 2025080311
082327.813: [08:23:27]drwxrwxrwx    2 nobody    nogroup   4.0K Feb 27 16:46 2025080314
082327.813: [08:23:27]drwxrwxrwx    2 nobody    nogroup   4.0K Feb 27 16:46 2025080316
082327.813: [08:23:27]drwxrwxrwx    2 nobody    nogroup   4.0K Feb 27 16:46 2025080317
082327.813: [08:23:27]drwxrwxrwx    2 nobody    nogroup   4.0K Feb 27 16:46 2025080318
082327.813: [08:23:27]drwxrwxrwx    2 nobody    nogroup   4.0K Feb 27 16:46 2025080407
082327.813: [08:23:27]drwxrwxrwx    2 nobody    nogroup   4.0K Feb 27 16:46 2025080409
082327.813: [08:23:27]drwxrwxrwx    2 nobody    nogroup   4.0K Feb 27 16:46 2025080415
082327.813: [08:23:27]drwxrwxrwx    2 nobody    nogroup   4.0K Feb 27 16:46 2025080418
082327.813: [08:23:27]drwxrwxrwx    2 nobody    nogroup   4.0K Feb 27 16:46 2025080505
082327.813: [08:23:27]drwxrwxrwx    2 nobody    nogroup   4.0K Feb 27 16:46 2025080508
082327.813: [08:23:27]drwxrwxrwx    2 nobody    nogroup   4.0K Feb 27 16:46 2025080509
082327.813: [08:23:27]drwxrwxrwx    2 nobody    nogroup   4.0K Feb 27 16:46 2025080517
082327.813: [08:23:27]drwxrwxrwx    2 nobody    nogroup   4.0K Feb 27 16:46 2025080607
082327.813: [08:23:27]drwxrwxrwx    2 nobody    nogroup   4.0K Feb 27 16:46 2025080618
082327.813: [08:23:27]drwxrwxrwx    2 nobody    nogroup   4.0K Feb 27 16:46 2025080707
082327.813: [08:23:27]drwxrwxrwx    2 nobody    nogroup   4.0K Feb 27 16:46 2025080718
082327.813: [08:23:27]drwxrwxrwx    2 nobody    nogroup   4.0K Feb 27 16:46 2025080807
082327.813: [08:23:27]drwxrwxrwx    2 nobody    nogroup   4.0K Feb 27 16:46 2025080818
082327.813: [08:23:27]drwxrwxrwx    2 nobody    nogroup   4.0K Feb 27 16:46 2025080821
082327.813: [08:23:27]drwxrwxrwx    2 nobody    nogroup   4.0K Feb 27 16:46 2025080822
082327.813: [08:23:27]drwxrwxrwx    2 nobody    nogroup   4.0K Feb 27 16:46 2025080823
082327.813: [08:23:27]drwxrwxrwx    2 nobody    nogroup   4.0K Feb 27 16:46 2025080900
082327.813: [08:23:27]drwxrwxrwx    2 nobody    nogroup   4.0K Feb 27 16:46 2025080906
082327.813: [08:23:27]drwxrwxrwx    2 nobody    nogroup   4.0K Feb 27 16:46 2025080907
082327.814: [08:23:27]drwxrwxrwx    2 nobody    nogroup   4.0K Feb 27 16:46 2025080912
082327.814: [08:23:27]drwxrwxrwx    2 nobody    nogroup   4.0K Feb 27 16:46 2025080913
082327.814: [08:23:27]drwxrwxrwx    2 nobody    nogroup   4.0K Feb 27 16:46 2025080914
082327.814: [08:23:27]drwxrwxrwx    2 nobody    nogroup   4.0K Feb 27 16:46 2025080915
082327.814: [08:23:27]drwxrwxrwx    2 nobody    nogroup   4.0K Feb 27 16:46 2025080916
082327.814: [08:23:27]drwxrwxrwx    2 nobody    nogroup   4.0K Feb 27 16:46 2025080918
082327.814: [08:23:27]drwxrwxrwx    2 nobody    nogroup   4.0K Feb 27 16:46 2025080919
082327.814: [08:23:27]drwxrwxrwx    2 nobody    nogroup   4.0K Feb 27 16:46 2025080920
082327.814: [08:23:27]drwxrwxrwx    2 nobody    nogroup   4.0K Feb 27 16:46 2025081005
082327.814: [08:23:27]drwxrwxrwx    2 nobody    nogroup   4.0K Feb 27 16:46 2025081009
082327.814: [08:23:27]drwxrwxrwx    2 nobody    nogroup   4.0K Feb 27 16:46 2025081010
082327.814: [08:23:27]drwxrwxrwx    2 nobody    nogroup   4.0K Feb 27 16:46 2025081011
082327.814: [08:23:27]drwxrwxrwx    2 nobody    nogroup   4.0K Feb 27 16:46 2025081017
082327.814: [08:23:27]drwxrwxrwx    2 nobody    nogroup   4.0K Feb 27 16:46 2025081019
082327.814: [08:23:27]drwxrwxrwx    2 nobody    nogroup   4.0K Feb 27 16:46 2025081020
082327.814: [08:23:27]drwxrwxrwx    2 nobody    nogroup   4.0K Feb 27 16:46 2025081021
082327.814: [08:23:27]drwxrwxrwx    2 nobody    nogroup   4.0K Feb 27 16:46 2025081022
082327.814: [08:23:27]drwxrwxrwx    2 nobody    nogroup   4.0K Feb 27 16:46 2025081023
082327.814: [08:23:27]drwxrwxrwx    2 nobody    nogroup   4.0K Feb 27 16:46 2025081105
082327.814: [08:23:27]drwxrwxrwx    2 nobody    nogroup   4.0K Feb 27 16:46 2025081106
082327.814: [08:23:27]drwxrwxrwx    2 nobody    nogroup   4.0K Feb 27 16:46 2025081107
082327.814: [08:23:27]drwxrwxrwx    2 nobody    nogroup   4.0K Aug 19  2025 2025081207
082327.814: [08:23:27]drwxrwxrwx    2 nobody    nogroup   4.0K Aug 20  2025 2025081305
082327.815: [08:23:27]drwxrwxrwx    2 nobody    nogroup   4.0K Aug 21  2025 2025081520
082327.815: [08:23:27]drwxrwxrwx    2 nobody    nogroup   4.0K Aug 23  2025 2025081602
082327.815: [08:23:27]drwxrwxrwx    2 nobody    nogroup   4.0K Feb 27 16:46 2025081701
082327.815: [08:23:27]drwxrwxrwx    2 nobody    nogroup   4.0K Feb 27 16:46 2025081702
082327.815: [08:23:27]drwxrwxrwx    2 nobody    nogroup   4.0K Feb 27 16:46 2025081703
082327.815: [08:23:27]drwxrwxrwx    2 nobody    nogroup   4.0K Feb 27 16:46 2025081704
082327.815: [08:23:27]drwxrwxrwx    2 nobody    nogroup   4.0K Feb 27 16:46 2025081705
082327.815: [08:23:27]drwxrwxrwx    2 nobody    nogroup   4.0K Feb 27 16:46 2025081706
082327.815: [08:23:27]drwxrwxrwx    2 nobody    nogroup   4.0K Feb 27 16:46 2025081707
082327.815: [08:23:27]drwxrwxrwx    2 nobody    nogroup   4.0K Feb 27 16:46 2025081708
082327.815: [08:23:27]drwxrwxrwx    2 nobody    nogroup   4.0K Feb 27 16:46 2025081711
082327.815: [08:23:27]drwxrwxrwx    2 nobody    nogroup   4.0K Feb 27 16:46 2025081712
082327.815: [08:23:27]drwxrwxrwx    2 nobody    nogroup   4.0K Feb 27 16:46 2025081713
082327.815: [08:23:27]drwxrwxrwx    2 nobody    nogroup   4.0K Feb 27 16:46 2025081714
082327.815: [08:23:27]drwxrwxrwx    2 nobody    nogroup   4.0K Feb 27 16:46 2025081715
082327.815: [08:23:27]drwxrwxrwx    2 nobody    nogroup   4.0K Feb 27 16:46 2025081716
082327.815: [08:23:27]drwxrwxrwx    2 nobody    nogroup   4.0K Feb 27 16:46 2025081717
082327.815: [08:23:27]drwxrwxrwx    2 nobody    nogroup   4.0K Feb 27 16:46 2025081718
082327.815: [08:23:27]drwxrwxrwx    2 nobody    nogroup   4.0K Feb 27 16:46 2025081719
082327.815: [08:23:27]drwxrwxrwx    2 nobody    nogroup   4.0K Feb 27 16:46 2025081720
082327.815: [08:23:27]drwxrwxrwx    2 nobody    nogroup   4.0K Feb 27 16:46 2025081721
082327.815: [08:23:27]drwxrwxrwx    2 nobody    nogroup   4.0K Feb 27 16:46 2025081722
082327.815: [08:23:27]drwxrwxrwx    2 nobody    nogroup   4.0K Feb 27 16:46 2025081723
082327.815: [08:23:27]drwxrwxrwx    2 nobody    nogroup   4.0K Feb 27 16:46 2025081800
082327.815: [08:23:27]drwxrwxrwx    2 nobody    nogroup   4.0K Feb 27 16:46 2025081801
082327.815: [08:23:27]drwxrwxrwx    2 nobody    nogroup   4.0K Feb 27 16:46 2025081802
082327.816: [08:23:27]drwxrwxrwx    2 nobody    nogroup   4.0K Feb 27 16:46 2025081803
082327.816: [08:23:27]drwxrwxrwx    2 nobody    nogroup   4.0K Feb 27 16:46 2025081804
082327.816: [08:23:27]drwxrwxrwx    2 nobody    nogroup   4.0K Feb 27 16:46 2025081805
082327.816: [08:23:27]drwxrwxrwx    2 nobody    nogroup   4.0K Feb 27 16:46 2025081806
082327.816: [08:23:27]drwxrwxrwx    2 nobody    nogroup   4.0K Feb 27 16:46 2025081807
082327.816: [08:23:27]drwxrwxrwx    2 nobody    nogroup   4.0K Feb 27 16:46 2025081809
082327.816: [08:23:27]drwxrwxrwx    2 nobody    nogroup   4.0K Feb 27 16:46 2025081812
082327.816: [08:23:27]drwxrwxrwx    2 nobody    nogroup   4.0K Feb 27 16:46 2025081813
082327.816: [08:23:27]drwxrwxrwx    2 nobody    nogroup   4.0K Feb 27 16:46 2025081814
082327.816: [08:23:27]drwxrwxrwx    2 nobody    nogroup   4.0K Feb 27 16:46 2025081816
082327.816: [08:23:27]drwxrwxrwx    2 nobody    nogroup   4.0K Feb 27 16:46 2025081818
082327.816: [08:23:27]drwxrwxrwx    2 nobody    nogroup   4.0K Feb 27 16:46 2025081819
082327.816: [08:23:27]drwxrwxrwx    2 nobody    nogroup   4.0K Feb 27 16:46 2025081820
082327.816: [08:23:27]drwxrwxrwx    2 nobody    nogroup   4.0K Feb 27 16:46 2025081821
082327.816: [08:23:27]drwxrwxrwx    2 nobody    nogroup   4.0K Feb 27 16:46 2025081822
082327.816: [08:23:27]drwxrwxrwx    2 nobody    nogroup   4.0K Feb 27 16:46 2025081823
082327.816: [08:23:27]drwxrwxrwx    2 nobody    nogroup   4.0K Feb 27 16:46 2025081900
082327.816: [08:23:27]drwxrwxrwx    2 nobody    nogroup   4.0K Feb 27 16:46 2025081901
082327.816: [08:23:27]drwxrwxrwx    2 nobody    nogroup   4.0K Feb 27 16:46 2025081902
082327.816: [08:23:27]drwxrwxrwx    2 nobody    nogroup   4.0K Feb 27 16:46 2025081903
082327.816: [08:23:27]drwxrwxrwx    2 nobody    nogroup   4.0K Feb 27 16:46 2025081904
082327.816: [08:23:27]drwxrwxrwx    2 nobody    nogroup   4.0K Feb 27 16:46 2025081905
082327.817: [08:23:27]drwxrwxrwx    2 nobody    nogroup   4.0K Feb 27 16:46 2025081906
082327.817: [08:23:27]drwxrwxrwx    2 nobody    nogroup   4.0K Feb 27 16:46 2025081913
082327.817: [08:23:27]drwxrwxrwx    2 nobody    nogroup   4.0K Feb 27 16:46 2025081914
082327.817: [08:23:27]drwxrwxrwx    2 nobody    nogroup   4.0K Feb 27 16:46 2025081915
082327.817: [08:23:27]drwxrwxrwx    2 nobody    nogroup   4.0K Feb 27 16:46 2025081916
082327.817: [08:23:27]drwxrwxrwx    2 nobody    nogroup   4.0K Feb 27 16:46 2025081917
082327.817: [08:23:27]drwxrwxrwx    2 nobody    nogroup   4.0K Feb 27 16:46 2025081918
082327.817: [08:23:27]drwxrwxrwx    2 nobody    nogroup   4.0K Feb 27 16:46 2025081919
082327.817: [08:23:27]drwxrwxrwx    2 nobody    nogroup   4.0K Feb 27 16:46 2025081920
082327.817: [08:23:27]drwxrwxrwx    2 nobody    nogroup   4.0K Feb 27 16:46 2025082310
082327.817: [08:23:27]drwxrwxrwx    2 nobody    nogroup   4.0K Feb 27 16:46 2025082311
082327.817: [08:23:27]drwxrwxrwx    2 nobody    nogroup   4.0K Feb 27 16:46 2025082312
082327.817: [08:23:27]drwxrwxrwx    2 nobody    nogroup   4.0K Feb 27 16:46 2025082313
082327.817: [08:23:27]drwxrwxrwx    2 nobody    nogroup   4.0K Feb 27 16:46 2025082314
082327.817: [08:23:27]drwxrwxrwx    2 nobody    nogroup   4.0K Feb 27 16:46 2025082315
082327.817: [08:23:27]drwxrwxrwx    2 nobody    nogroup   4.0K Feb 27 16:46 2025082316
082327.817: [08:23:27]drwxrwxrwx    2 nobody    nogroup   4.0K Feb 27 16:46 2025082317
082327.817: [08:23:27]drwxrwxrwx    2 nobody    nogroup   4.0K Feb 27 16:46 2025082318
082327.817: [08:23:27]drwxrwxrwx    2 nobody    nogroup   4.0K Feb 27 16:46 2025082320
082327.817: [08:23:27]drwxrwxrwx    2 nobody    nogroup   4.0K Feb 27 16:46 2025082321
082327.817: [08:23:27]drwxrwxrwx    2 nobody    nogroup   4.0K Feb 27 16:46 2025082322
082327.817: [08:23:27]drwxrwxrwx    2 nobody    nogroup   4.0K Feb 27 16:47 2025082323
082327.817: [08:23:27]drwxrwxrwx    2 nobody    nogroup   4.0K Feb 27 16:47 2025082401
082327.817: [08:23:27]drwxrwxrwx    2 nobody    nogroup   4.0K Feb 27 16:47 2025082402
082327.817: [08:23:27]drwxrwxrwx    2 nobody    nogroup   4.0K Feb 27 16:47 2025082403
082327.817: [08:23:27]drwxrwxrwx    2 nobody    nogroup   4.0K Feb 27 16:47 2025082404
082327.817: [08:23:27]drwxrwxrwx    2 nobody    nogroup   4.0K Feb 27 16:47 2025082405
082327.817: [08:23:27]drwxrwxrwx    2 nobody    nogroup   4.0K Feb 27 16:47 2025082406
082327.818: [08:23:27]drwxrwxrwx    2 nobody    nogroup   4.0K Feb 27 16:47 2025082407
082327.818: [08:23:27]drwxrwxrwx    2 nobody    nogroup   4.0K Feb 27 16:47 2025082412
082327.818: [08:23:27]drwxrwxrwx    2 nobody    nogroup   4.0K Feb 27 16:47 2025082413
082327.818: [08:23:27]drwxrwxrwx    2 nobody    nogroup   4.0K Feb 27 16:47 2025082414
082327.818: [08:23:27]drwxrwxrwx    2 nobody    nogroup   4.0K Feb 27 16:47 2025082415
082327.818: [08:23:27]drwxrwxrwx    2 nobody    nogroup   4.0K Feb 27 16:47 2025082416
082327.818: [08:23:27]drwxrwxrwx    2 nobody    nogroup   4.0K Feb 27 16:47 2025082418
082327.818: [08:23:27]drwxrwxrwx    2 nobody    nogroup   4.0K Feb 27 16:47 2025082419
082327.818: [08:23:27]drwxrwxrwx    2 nobody    nogroup   4.0K Feb 27 16:47 2025082420
082327.818: [08:23:27]drwxrwxrwx    2 nobody    nogroup   4.0K Feb 27 16:47 2025082421
082327.818: [08:23:27]drwxrwxrwx    2 nobody    nogroup   4.0K Feb 27 16:47 2025082422
082327.818: [08:23:27]drwxrwxrwx    2 nobody    nogroup   4.0K Feb 27 16:47 2025082423
082327.818: [08:23:27]drwxrwxrwx    2 nobody    nogroup   4.0K Feb 27 16:47 2025082500
082327.818: [08:23:27]drwxrwxrwx    2 nobody    nogroup   4.0K Feb 27 16:47 2025082501
082327.818: [08:23:27]drwxrwxrwx    2 nobody    nogroup   4.0K Feb 27 16:47 2025082502
082327.818: [08:23:27]drwxrwxrwx    2 nobody    nogroup   4.0K Feb 27 16:47 2025082503
082327.818: [08:23:27]drwxrwxrwx    2 nobody    nogroup   4.0K Feb 27 16:47 2025082504
082327.818: [08:23:27]drwxrwxrwx    2 nobody    nogroup   4.0K Feb 27 16:47 2025082505
082327.818: [08:23:27]drwxrwxrwx    2 nobody    nogroup   4.0K Feb 27 16:47 2025082506
082327.818: [08:23:27]drwxrwxrwx    2 nobody    nogroup   4.0K Feb 27 16:47 2025082507
082327.818: [08:23:27]drwxrwxrwx    2 nobody    nogroup   4.0K Feb 27 16:47 2025082512
082327.818: [08:23:27]drwxrwxrwx    2 nobody    nogroup   4.0K Feb 27 16:47 2025082513
082327.818: [08:23:27]drwxrwxrwx    2 nobody    nogroup   4.0K Feb 27 16:47 2025082514
082327.818: [08:23:27]drwxrwxrwx    2 nobody    nogroup   4.0K Feb 27 16:47 2025083121
082327.818: [08:23:27]drwxrwxrwx    2 nobody    nogroup   4.0K Feb 27 16:47 2025083122
082327.818: [08:23:27]drwxrwxrwx    2 nobody    nogroup   4.0K Feb 27 16:47 2025083123
082327.818: [08:23:27]drwxrwxrwx    2 nobody    nogroup   4.0K Feb 27 16:47 2025090100
082327.818: [08:23:27]drwxrwxrwx    2 nobody    nogroup   4.0K Feb 27 16:47 2025090101
082327.819: [08:23:27]drwxrwxrwx    2 nobody    nogroup   4.0K Feb 27 16:47 2025090102
082327.819: [08:23:27]drwxrwxrwx    2 nobody    nogroup   4.0K Feb 27 16:47 2025090103
082327.819: [08:23:27]drwxrwxrwx    2 nobody    nogroup   4.0K Feb 27 16:47 2025090104
082327.819: [08:23:27]drwxrwxrwx    2 nobody    nogroup   4.0K Feb 27 16:47 2025090105
082327.819: [08:23:27]drwxrwxrwx    2 nobody    nogroup   4.0K Feb 27 16:47 2025090106
082327.819: [08:23:27]drwxrwxrwx    2 nobody    nogroup   4.0K Feb 27 16:47 2025090107
082327.819: [08:23:27]drwxrwxrwx    2 nobody    nogroup   4.0K Feb 27 16:47 2025090108
082327.819: [08:23:27]drwxrwxrwx    2 nobody    nogroup   4.0K Feb 27 16:47 2025090109
082327.819: [08:23:27]drwxrwxrwx    2 nobody    nogroup   4.0K Feb 27 16:47 2025090111
082327.819: [08:23:27]drwxrwxrwx    2 nobody    nogroup   4.0K Feb 27 16:47 2025090112
082327.819: [08:23:27]drwxrwxr-x    2 sambauser sambauser 4.0K Feb 27 16:47 2025090113
082327.819: [08:23:27]drwxrwxr-x    2 sambauser sambauser 4.0K Feb 27 16:47 2025090114
082327.819: [08:23:27]drwxrwxr-x    2 sambauser sambauser 4.0K Feb 27 16:47 2025090115
082327.819: [08:23:27]drwxrwxr-x    2 sambauser sambauser 4.0K Feb 27 16:47 2025090116
082327.819: [08:23:27]drwxrwxr-x    2 sambauser sambauser 4.0K Feb 27 16:47 2025090117
082327.819: [08:23:27]drwxrwxr-x    2 sambauser sambauser 4.0K Feb 27 16:47 2025090118
082327.819: [08:23:27]drwxrwxr-x    2 sambauser sambauser 4.0K Feb 27 16:47 2025090120
082327.819: [08:23:27]drwxrwxr-x    2 sambauser sambauser 4.0K Feb 27 16:47 2025090121
082327.819: [08:23:27]drwxrwxr-x    2 sambauser sambauser 4.0K Feb 27 16:47 2025090122
082327.819: [08:23:27]drwxrwxr-x    2 sambauser sambauser 4.0K Feb 27 16:47 2025090123
082327.819: [08:23:27]drwxrwxr-x    2 sambauser sambauser 4.0K Feb 27 16:47 2025090200
082327.819: [08:23:27]drwxrwxr-x    2 sambauser sambauser 4.0K Feb 27 16:47 2025090201
082327.819: [08:23:27]drwxrwxr-x    2 sambauser sambauser 4.0K Feb 27 16:47 2025090202
082327.819: [08:23:27]drwxrwxr-x    2 sambauser sambauser 4.0K Feb 27 16:47 2025090203
082327.819: [08:23:27]drwxrwxr-x    2 sambauser sambauser 4.0K Feb 27 16:47 2025090204
082327.819: [08:23:27]drwxrwxr-x    2 sambauser sambauser 4.0K Feb 27 16:47 2025090205
082327.819: [08:23:27]drwxrwxr-x    2 sambauser sambauser 4.0K Feb 27 16:48 2025090206
082327.826: [08:23:27]drwxrwxr-x    2 sambauser sambauser 4.0K Feb 27 16:48 2025090207
082327.826: [08:23:27]drwxrwxr-x    2 sambauser sambauser 4.0K Feb 27 16:48 2025090209
082327.826: [08:23:27]drwxrwxr-x    2 sambauser sambauser 4.0K Feb 27 16:48 2025090211
082327.826: [08:23:27]drwxrwxr-x    2 sambauser sambauser 4.0K Feb 27 16:48 2025090212
082327.826: [08:23:27]drwxrwxr-x    2 sambauser sambauser 4.0K Feb 27 16:48 2025090213
082327.826: [08:23:27]drwxrwxr-x    2 sambauser sambauser 4.0K Feb 27 16:48 2025090214
082327.826: [08:23:27]drwxrwxr-x    2 sambauser sambauser 4.0K Feb 27 16:48 2025090216
082327.826: [08:23:27]drwxrwxr-x    2 sambauser sambauser 4.0K Feb 27 16:48 2025090218
082327.826: [08:23:27]drwxrwxr-x    2 sambauser sambauser 4.0K Feb 27 16:48 2025090219
082327.826: [08:23:27]drwxrwxr-x    2 sambauser sambauser 4.0K Feb 27 16:48 2025090220
082327.826: [08:23:27]drwxrwxr-x    2 sambauser sambauser 4.0K Feb 27 16:48 2025090221
082327.826: [08:23:27]drwxrwxr-x    2 sambauser sambauser 4.0K Feb 27 16:48 2025090222
082327.826: [08:23:27]drwxrwxr-x    2 sambauser sambauser 4.0K Feb 27 16:48 2025090223
082327.826: [08:23:27]drwxrwxr-x    2 sambauser sambauser 4.0K Feb 27 16:48 2025090300
082327.826: [08:23:27]drwxrwxr-x    2 sambauser sambauser 4.0K Feb 27 16:48 2025090301
082327.826: [08:23:27]drwxrwxr-x    2 sambauser sambauser 4.0K Feb 27 16:48 2025090302
082327.826: [08:23:27]drwxrwxr-x    2 sambauser sambauser 4.0K Feb 27 16:48 2025090303
082327.826: [08:23:27]drwxrwxr-x    2 sambauser sambauser 4.0K Feb 27 16:48 2025090304
082327.826: [08:23:27]drwxrwxr-x    2 sambauser sambauser 4.0K Feb 27 16:48 2025090305
082327.826: [08:23:27]drwxrwxr-x    2 sambauser sambauser 4.0K Feb 27 16:48 2025090306
082327.826: [08:23:27]drwxrwxr-x    2 sambauser sambauser 4.0K Feb 27 16:48 2025090307
082327.827: [08:23:27]drwxrwxr-x    2 sambauser sambauser 4.0K Feb 27 16:48 2025090309
082327.827: [08:23:27]drwxrwxr-x    2 sambauser sambauser 4.0K Feb 27 16:48 2025090310
082327.827: [08:23:27]drwxrwxr-x    2 sambauser sambauser 4.0K Feb 27 16:48 2025090312
082327.827: [08:23:27]drwxrwxr-x    2 sambauser sambauser 4.0K Feb 27 16:48 2025090313
082327.827: [08:23:27]drwxrwxr-x    2 sambauser sambauser 4.0K Feb 27 16:48 2025090314
082327.827: [08:23:27]drwxrwxr-x    2 sambauser sambauser 4.0K Feb 27 16:48 2025090318
082327.827: [08:23:27]drwxrwxr-x    2 sambauser sambauser 4.0K Feb 27 16:48 2025090319
082327.827: [08:23:27]drwxrwxr-x    2 sambauser sambauser 4.0K Feb 27 16:48 2025090320
082327.827: [08:23:27]drwxrwxr-x    2 sambauser sambauser 4.0K Feb 27 16:48 2025090321
082327.827: [08:23:27]drwxrwxr-x    2 sambauser sambauser 4.0K Feb 27 16:48 2025090322
082327.827: [08:23:27]drwxrwxr-x    2 sambauser sambauser 4.0K Feb 27 16:48 2025090323
082327.827: [08:23:27]drwxrwxr-x    2 sambauser sambauser 4.0K Feb 27 16:48 2025090400
082327.827: [08:23:27]drwxrwxr-x    2 sambauser sambauser 4.0K Feb 27 16:48 2025090401
082327.827: [08:23:27]drwxrwxr-x    2 sambauser sambauser 4.0K Feb 27 16:48 2025090402
082327.827: [08:23:27]drwxrwxr-x    2 sambauser sambauser 4.0K Feb 27 16:48 2025090403
082327.827: [08:23:27]drwxrwxr-x    2 sambauser sambauser 4.0K Feb 27 16:48 2025090404
082327.827: [08:23:27]drwxrwxr-x    2 sambauser sambauser 4.0K Feb 27 16:48 2025090405
082327.827: [08:23:27]drwxrwxr-x    2 sambauser sambauser 4.0K Feb 27 16:48 2025090406
082327.827: [08:23:27]drwxrwxr-x    2 sambauser sambauser 4.0K Feb 27 16:48 2025090407
082327.827: [08:23:27]drwxrwxr-x    2 sambauser sambauser 4.0K Feb 27 16:48 2025090409
082327.828: [08:23:27]drwxrwxr-x    2 sambauser sambauser 4.0K Feb 27 16:48 2025090411
082327.828: [08:23:27]drwxrwxr-x    2 sambauser sambauser 4.0K Feb 27 16:48 2025090412
082327.828: [08:23:27]drwxrwxr-x    2 sambauser sambauser 4.0K Feb 27 16:48 2025090418
082327.828: [08:23:27]drwxrwxr-x    2 sambauser sambauser 4.0K Feb 27 16:48 2025090419
082327.828: [08:23:27]drwxrwxr-x    2 sambauser sambauser 4.0K Feb 27 16:48 2025090420
082327.828: [08:23:27]drwxrwxr-x    2 sambauser sambauser 4.0K Feb 27 16:48 2025090421
082327.828: [08:23:27]drwxrwxr-x    2 sambauser sambauser 4.0K Feb 27 16:48 2025090422
082327.828: [08:23:27]drwxrwxr-x    2 sambauser sambauser 4.0K Feb 27 16:48 2025090423
082327.828: [08:23:27]drwxrwxr-x    2 sambauser sambauser 4.0K Feb 27 16:48 2025090500
082327.828: [08:23:27]drwxrwxr-x    2 sambauser sambauser 4.0K Feb 27 16:48 2025090501
082327.828: [08:23:27]drwxrwxr-x    2 sambauser sambauser 4.0K Feb 27 16:48 2025090502
082327.828: [08:23:27]drwxrwxr-x    2 sambauser sambauser 4.0K Feb 27 16:48 2025090503
082327.828: [08:23:27]drwxrwxr-x    2 sambauser sambauser 4.0K Feb 27 16:48 2025090504
082327.828: [08:23:27]drwxrwxr-x    2 sambauser sambauser 4.0K Feb 27 16:48 2025090505
082327.828: [08:23:27]drwxrwxr-x    2 sambauser sambauser 4.0K Feb 27 16:48 2025090506
082327.828: [08:23:27]drwxrwxr-x    2 sambauser sambauser 4.0K Feb 27 16:48 2025090507
082327.828: [08:23:27]drwxrwxr-x    2 sambauser sambauser 4.0K Feb 27 16:48 2025090512
082327.828: [08:23:27]drwxrwxr-x    2 sambauser sambauser 4.0K Feb 27 16:48 2025090513
082327.828: [08:23:27]drwxrwxr-x    2 sambauser sambauser 4.0K Feb 27 16:48 2025090514
082327.828: [08:23:27]drwxrwxr-x    2 sambauser sambauser 4.0K Feb 27 16:48 2025090515
082327.828: [08:23:27]drwxrwxr-x    2 sambauser sambauser 4.0K Feb 27 16:48 2025090516
082327.828: [08:23:27]drwxrwxr-x    2 sambauser sambauser 4.0K Feb 27 16:48 2025090517
082327.828: [08:23:27]drwxrwxr-x    2 sambauser sambauser 4.0K Feb 27 16:48 2025090518
082327.828: [08:23:27]drwxrwxr-x    2 sambauser sambauser 4.0K Feb 27 16:48 2025090519
082327.828: [08:23:27]drwxrwxr-x    2 sambauser sambauser 4.0K Feb 27 16:48 2025090520
082327.828: [08:23:27]drwxrwxr-x    2 sambauser sambauser 4.0K Feb 27 16:49 2025090521
082327.828: [08:23:27]drwxrwxr-x    2 sambauser sambauser 4.0K Feb 27 16:49 2025090522
082327.828: [08:23:27]drwxrwxr-x    2 sambauser sambauser 4.0K Feb 27 16:49 2025090523
082327.828: [08:23:27]drwxrwxr-x    2 sambauser sambauser 4.0K Feb 27 16:49 2025090600
082327.828: [08:23:27]drwxrwxr-x    2 sambauser sambauser 4.0K Feb 27 16:49 2025090601
082327.828: [08:23:27]drwxrwxr-x    2 sambauser sambauser 4.0K Feb 27 16:49 2025090602
082327.829: [08:23:27]drwxrwxr-x    2 sambauser sambauser 4.0K Feb 27 16:49 2025090603
082327.829: [08:23:27]drwxrwxr-x    2 sambauser sambauser 4.0K Feb 27 16:49 2025090604
082327.829: [08:23:27]drwxrwxr-x    2 sambauser sambauser 4.0K Feb 27 16:49 2025090605
082327.829: [08:23:27]drwxrwxr-x    2 sambauser sambauser 4.0K Feb 27 16:49 2025090606
082327.829: [08:23:27]drwxrwxr-x    2 sambauser sambauser 4.0K Feb 27 16:49 2025090607
082327.829: [08:23:27]drwxrwxr-x    2 sambauser sambauser 4.0K Feb 27 16:49 2025090608
082327.829: [08:23:27]drwxrwxr-x    2 sambauser sambauser 4.0K Feb 27 16:49 2025090609
082327.829: [08:23:27]drwxrwxr-x    2 sambauser sambauser 4.0K Feb 27 16:49 2025090617
082327.829: [08:23:27]drwxrwxr-x    2 sambauser sambauser 4.0K Feb 27 16:49 2025090618
082327.829: [08:23:27]drwxrwxr-x    2 sambauser sambauser 4.0K Feb 27 16:49 2025090619
082327.829: [08:23:27]drwxrwxr-x    2 sambauser sambauser 4.0K Feb 27 16:49 2025090620
082327.829: [08:23:27]drwxrwxr-x    2 sambauser sambauser 4.0K Feb 27 16:49 2025090621
082327.829: [08:23:27]drwxrwxr-x    2 sambauser sambauser 4.0K Feb 27 16:49 2025090622
082327.829: [08:23:27]drwxrwxr-x    2 sambauser sambauser 4.0K Feb 27 16:49 2025090623
082327.829: [08:23:27]drwxrwxr-x    2 sambauser sambauser 4.0K Feb 27 16:49 2025090700
082327.829: [08:23:27]drwxrwxr-x    2 sambauser sambauser 4.0K Feb 27 16:49 2025090701
082327.829: [08:23:27]drwxrwxr-x    2 sambauser sambauser 4.0K Feb 27 16:49 2025090702
082327.829: [08:23:27]drwxrwxr-x    2 sambauser sambauser 4.0K Feb 27 16:49 2025090703
082327.829: [08:23:27]drwxrwxr-x    2 sambauser sambauser 4.0K Feb 27 16:49 2025090704
082327.829: [08:23:27]drwxrwxr-x    2 sambauser sambauser 4.0K Feb 27 16:49 2025090705
082327.829: [08:23:27]drwxrwxr-x    2 sambauser sambauser 4.0K Feb 27 16:49 2025090706
082327.829: [08:23:27]drwxrwxr-x    2 sambauser sambauser 4.0K Feb 27 16:49 2025090707
082327.829: [08:23:27]drwxrwxr-x    2 sambauser sambauser 4.0K Feb 27 16:49 2025090708
082327.829: [08:23:27]drwxrwxr-x    2 sambauser sambauser 4.0K Feb 27 16:49 2025090709
082327.829: [08:23:27]drwxrwxr-x    2 sambauser sambauser 4.0K Feb 27 16:49 2025090718
082327.829: [08:23:27]drwxrwxr-x    2 sambauser sambauser 4.0K Feb 27 16:49 2025090719
082327.830: [08:23:27]drwxrwxr-x    2 sambauser sambauser 4.0K Feb 27 16:49 2025090720
082327.830: [08:23:27]drwxrwxr-x    2 sambauser sambauser 4.0K Feb 27 16:49 2025090721
082327.830: [08:23:27]drwxrwxr-x    2 sambauser sambauser 4.0K Feb 27 16:49 2025090722
082327.830: [08:23:27]drwxrwxr-x    2 sambauser sambauser 4.0K Feb 27 16:49 2025090723
082327.830: [08:23:27]drwxrwxr-x    2 sambauser sambauser 4.0K Feb 27 16:49 2025090800
082327.830: [08:23:27]drwxrwxr-x    2 sambauser sambauser 4.0K Feb 27 16:49 2025090801
082327.830: [08:23:27]drwxrwxr-x    2 sambauser sambauser 4.0K Feb 27 16:49 2025090802
082327.830: [08:23:27]drwxrwxr-x    2 sambauser sambauser 4.0K Feb 27 16:49 2025090803
082327.830: [08:23:27]drwxrwxr-x    2 sambauser sambauser 4.0K Feb 27 16:49 2025090804
082327.830: [08:23:27]drwxrwxr-x    2 sambauser sambauser 4.0K Feb 27 16:49 2025090805
082327.830: [08:23:27]drwxrwxr-x    2 sambauser sambauser 4.0K Feb 27 16:49 2025090806
082327.830: [08:23:27]drwxrwxr-x    2 sambauser sambauser 4.0K Feb 27 16:49 2025090807
082327.830: [08:23:27]drwxrwxr-x    2 sambauser sambauser 4.0K Feb 27 16:49 2025090808
082327.830: [08:23:27]drwxrwxr-x    2 sambauser sambauser 4.0K Feb 27 16:49 2025090811
082327.830: [08:23:27]drwxrwxr-x    2 sambauser sambauser 4.0K Feb 27 16:49 2025090812
082327.830: [08:23:27]drwxrwxr-x    2 sambauser sambauser 4.0K Feb 27 16:49 2025090813
082327.830: [08:23:27]drwxrwxr-x    2 sambauser sambauser 4.0K Feb 27 16:49 2025090814
082327.830: [08:23:27]drwxrwxr-x    2 sambauser sambauser 4.0K Feb 27 16:49 2025090816
082327.830: [08:23:27]drwxrwxr-x    2 sambauser sambauser 4.0K Feb 27 16:49 2025090818
082327.830: [08:23:27]drwxrwxr-x    2 sambauser sambauser 4.0K Feb 27 16:49 2025090819
082327.830: [08:23:27]drwxrwxr-x    2 sambauser sambauser 4.0K Feb 27 16:49 2025090820
082327.830: [08:23:27]drwxrwxr-x    2 sambauser sambauser 4.0K Feb 27 16:49 2025090821
082327.830: [08:23:27]drwxrwxr-x    2 sambauser sambauser 4.0K Feb 27 16:49 2025090822
082327.830: [08:23:27]drwxrwxr-x    2 sambauser sambauser 4.0K Feb 27 16:49 2025090823
082327.830: [08:23:27]drwxrwxr-x    2 sambauser sambauser 4.0K Feb 27 16:49 2025090901
082327.831: [08:23:27]drwxrwxr-x    2 sambauser sambauser 4.0K Feb 27 16:49 2025090902
082327.831: [08:23:27]drwxrwxr-x    2 sambauser sambauser 4.0K Feb 27 16:49 2025090903
082327.831: [08:23:27]drwxrwxr-x    2 sambauser sambauser 4.0K Feb 27 16:49 2025090904
082327.831: [08:23:27]drwxrwxr-x    2 sambauser sambauser 4.0K Feb 27 16:49 2025090905
082327.831: [08:23:27]drwxrwxr-x    2 sambauser sambauser 4.0K Feb 27 16:49 2025090906
082327.831: [08:23:27]drwxrwxr-x    2 sambauser sambauser 4.0K Feb 27 16:49 2025090910
082327.831: [08:23:27]drwxrwxr-x    2 sambauser sambauser 4.0K Feb 27 16:49 2025090911
082327.831: [08:23:27]drwxrwxr-x    2 sambauser sambauser 4.0K Feb 27 16:49 2025090912
082327.831: [08:23:27]drwxrwxr-x    2 sambauser sambauser 4.0K Feb 27 16:49 2025090913
082327.831: [08:23:27]drwxrwxr-x    2 sambauser sambauser 4.0K Feb 27 16:49 2025090917
082327.831: [08:23:27]drwxrwxr-x    2 sambauser sambauser 4.0K Feb 27 16:49 2025090918
082327.831: [08:23:27]drwxrwxr-x    2 sambauser sambauser 4.0K Feb 27 16:49 2025090920
082327.831: [08:23:27]drwxrwxr-x    2 sambauser sambauser 4.0K Feb 27 16:49 2025090921
082327.831: [08:23:27]drwxrwxr-x    2 sambauser sambauser 4.0K Feb 27 16:49 2025090922
082327.831: [08:23:27]drwxrwxr-x    2 sambauser sambauser 4.0K Feb 27 16:49 2025090923
082327.831: [08:23:27]drwxrwxr-x    2 sambauser sambauser 4.0K Feb 27 16:49 2025091000
082327.831: [08:23:27]drwxrwxr-x    2 sambauser sambauser 4.0K Feb 27 16:49 2025091001
082327.831: [08:23:27]drwxrwxr-x    2 sambauser sambauser 4.0K Feb 27 16:49 2025091002
082327.831: [08:23:27]drwxrwxr-x    2 sambauser sambauser 4.0K Feb 27 16:49 2025091003
082327.831: [08:23:27]drwxrwxr-x    2 sambauser sambauser 4.0K Feb 27 16:49 2025091004
082327.831: [08:23:27]drwxrwxr-x    2 sambauser sambauser 4.0K Feb 27 16:49 2025091005
082327.831: [08:23:27]drwxrwxr-x    2 sambauser sambauser 4.0K Feb 27 16:49 2025091006
082327.831: [08:23:27]drwxrwxr-x    2 sambauser sambauser 4.0K Feb 27 16:49 2025091010
082327.831: [08:23:27]drwxrwxr-x    2 sambauser sambauser 4.0K Feb 27 16:49 2025091011
082327.831: [08:23:27]drwxrwxr-x    2 sambauser sambauser 4.0K Feb 27 16:49 2025091014
082327.831: [08:23:27]drwxrwxr-x    2 sambauser sambauser 4.0K Feb 27 16:49 2025091018
082327.831: [08:23:27]drwxrwxr-x    2 sambauser sambauser 4.0K Feb 27 16:49 2025091019
082327.831: [08:23:27]drwxrwxr-x    2 sambauser sambauser 4.0K Feb 27 16:49 2025091020
082327.832: [08:23:27]drwxrwxr-x    2 sambauser sambauser 4.0K Feb 27 16:49 2025091021
082327.832: [08:23:27]drwxrwxr-x    2 sambauser sambauser 4.0K Feb 27 16:49 2025091022
082327.832: [08:23:27]drwxrwxr-x    2 sambauser sambauser 4.0K Feb 27 16:49 2025091023
082327.832: [08:23:27]drwxrwxr-x    2 sambauser sambauser 4.0K Feb 27 16:49 2025091100
082327.832: [08:23:27]drwxrwxr-x    2 sambauser sambauser 4.0K Feb 27 16:49 2025091101
082327.832: [08:23:27]drwxrwxr-x    2 sambauser sambauser 4.0K Feb 27 16:49 2025091102
082327.832: [08:23:27]drwxrwxr-x    2 sambauser sambauser 4.0K Feb 27 16:49 2025091103
082327.832: [08:23:27]drwxrwxr-x    2 sambauser sambauser 4.0K Feb 27 16:49 2025091104
082327.832: [08:23:27]drwxrwxr-x    2 sambauser sambauser 4.0K Feb 27 16:50 2025091105
082327.832: [08:23:27]drwxrwxr-x    2 sambauser sambauser 4.0K Feb 27 16:50 2025091106
082327.832: [08:23:27]drwxrwxr-x    2 sambauser sambauser 4.0K Feb 27 16:50 2025091107
082327.832: [08:23:27]drwxrwxr-x    2 sambauser sambauser 4.0K Feb 27 16:50 2025091112
082327.832: [08:23:27]drwxrwxr-x    2 sambauser sambauser 4.0K Feb 27 16:50 2025091113
082327.832: [08:23:27]drwxrwxr-x    2 sambauser sambauser 4.0K Feb 27 16:50 2025091118
082327.832: [08:23:27]drwxrwxr-x    2 sambauser sambauser 4.0K Feb 27 16:50 2025091120
082327.832: [08:23:27]drwxrwxr-x    2 sambauser sambauser 4.0K Feb 27 16:50 2025091121
082327.832: [08:23:27]drwxrwxr-x    2 sambauser sambauser 4.0K Feb 27 16:50 2025091122
082327.832: [08:23:27]drwxrwxr-x    2 sambauser sambauser 4.0K Feb 27 16:50 2025091123
082327.832: [08:23:27]drwxrwxr-x    2 sambauser sambauser 4.0K Feb 27 16:50 2025091200
082327.832: [08:23:27]drwxrwxr-x    2 sambauser sambauser 4.0K Feb 27 16:50 2025091201
082327.832: [08:23:27]drwxrwxr-x    2 sambauser sambauser 4.0K Feb 27 16:50 2025091202
082327.832: [08:23:27]drwxrwxr-x    2 sambauser sambauser 4.0K Feb 27 16:50 2025091203
082327.832: [08:23:27]drwxrwxr-x    2 sambauser sambauser 4.0K Feb 27 16:50 2025091204
082327.832: [08:23:27]drwxrwxr-x    2 sambauser sambauser 4.0K Feb 27 16:50 2025091205
082327.832: [08:23:27]drwxrwxr-x    2 sambauser sambauser 4.0K Feb 27 16:50 2025091206
082327.832: [08:23:27]drwxrwxr-x    2 sambauser sambauser 4.0K Feb 27 16:50 2025091207
082327.832: [08:23:27]drwxrwxr-x    2 sambauser sambauser 4.0K Feb 27 16:50 2025091209
082327.832: [08:23:27]drwxrwxr-x    2 sambauser sambauser 4.0K Feb 27 16:50 2025091210
082327.832: [08:23:27]drwxrwxr-x    2 sambauser sambauser 4.0K Feb 27 16:50 2025091211
082327.832: [08:23:27]drwxrwxr-x    2 sambauser sambauser 4.0K Feb 27 16:50 2025091212
082327.832: [08:23:27]drwxrwxr-x    2 sambauser sambauser 4.0K Feb 27 16:50 2025091213
082327.833: [08:23:27]drwxrwxr-x    2 sambauser sambauser 4.0K Feb 27 16:50 2025091214
082327.833: [08:23:27]drwxrwxr-x    2 sambauser sambauser 4.0K Feb 27 16:50 2025091215
082327.833: [08:23:27]drwxrwxr-x    2 sambauser sambauser 4.0K Feb 27 16:50 2025091219
082327.833: [08:23:27]drwxrwxr-x    2 sambauser sambauser 4.0K Feb 27 16:50 2025091220
082327.833: [08:23:27]drwxrwxr-x    2 sambauser sambauser 4.0K Feb 27 16:50 2025091221
082327.833: [08:23:27]drwxrwxr-x    2 sambauser sambauser 4.0K Feb 27 16:50 2025091223
082327.833: [08:23:27]drwxrwxr-x    2 sambauser sambauser 4.0K Feb 27 16:50 2025091300
082327.833: [08:23:27]drwxrwxr-x    2 sambauser sambauser 4.0K Feb 27 16:50 2025091301
082327.833: [08:23:27]drwxrwxr-x    2 sambauser sambauser 4.0K Feb 27 16:50 2025091302
082327.833: [08:23:27]drwxrwxr-x    2 sambauser sambauser 4.0K Feb 27 16:50 2025091303
082327.833: [08:23:27]drwxrwxr-x    2 sambauser sambauser 4.0K Feb 27 16:50 2025091304
082327.833: [08:23:27]drwxrwxr-x    2 sambauser sambauser 4.0K Feb 27 16:50 2025091305
082327.833: [08:23:27]drwxrwxr-x    2 sambauser sambauser 4.0K Feb 27 16:50 2025091306
082327.833: [08:23:27]drwxrwxr-x    2 sambauser sambauser 4.0K Feb 27 16:50 2025091307
082327.833: [08:23:27]drwxrwxr-x    2 sambauser sambauser 4.0K Feb 27 16:50 2025091308
082327.833: [08:23:27]drwxrwxr-x    2 sambauser sambauser 4.0K Feb 27 16:50 2025091309
082327.833: [08:23:27]drwxrwxr-x    2 sambauser sambauser 4.0K Feb 27 16:50 2025091311
082327.833: [08:23:27]drwxrwxr-x    2 sambauser sambauser 4.0K Feb 27 16:50 2025091312
082327.833: [08:23:27]drwxrwxr-x    2 sambauser sambauser 4.0K Feb 27 16:50 2025091313
082327.833: [08:23:27]drwxrwxr-x    2 sambauser sambauser 4.0K Feb 27 16:50 2025091314
082327.834: [08:23:27]drwxrwxr-x    2 sambauser sambauser 4.0K Feb 27 16:50 2025091315
082327.834: [08:23:27]drwxrwxr-x    2 sambauser sambauser 4.0K Feb 27 16:50 2025091318
082327.834: [08:23:27]drwxrwxr-x    2 sambauser sambauser 4.0K Feb 27 16:50 2025091320
082327.834: [08:23:27]drwxrwxr-x    2 sambauser sambauser 4.0K Feb 27 16:50 2025091321
082327.834: [08:23:27]drwxrwxr-x    2 sambauser sambauser 4.0K Feb 27 16:50 2025091322
082327.834: [08:23:27]drwxrwxr-x    2 sambauser sambauser 4.0K Feb 27 16:50 2025091323
082327.834: [08:23:27]drwxrwxr-x    2 sambauser sambauser 4.0K Feb 27 16:50 2025091400
082327.834: [08:23:27]drwxrwxr-x    2 sambauser sambauser 4.0K Feb 27 16:50 2025091401
082327.834: [08:23:27]drwxrwxr-x    2 sambauser sambauser 4.0K Feb 27 16:50 2025091402
082327.834: [08:23:27]drwxrwxr-x    2 sambauser sambauser 4.0K Feb 27 16:50 2025091403
082327.834: [08:23:27]drwxrwxr-x    2 sambauser sambauser 4.0K Feb 27 16:50 2025091404
082327.834: [08:23:27]drwxrwxr-x    2 sambauser sambauser 4.0K Feb 27 16:51 2025091405
082327.834: [08:23:27]drwxrwxr-x    2 sambauser sambauser 4.0K Feb 27 16:51 2025091406
082327.834: [08:23:27]drwxrwxr-x    2 sambauser sambauser 4.0K Feb 27 16:51 2025091407
082327.834: [08:23:27]drwxrwxr-x    2 sambauser sambauser 4.0K Feb 27 16:51 2025091408
082327.834: [08:23:27]drwxrwxr-x    2 sambauser sambauser 4.0K Feb 27 16:51 2025091409
082327.834: [08:23:27]drwxrwxr-x    2 sambauser sambauser 4.0K Feb 27 16:51 2025091414
082327.834: [08:23:27]drwxrwxr-x    2 sambauser sambauser 4.0K Feb 27 16:51 2025091415
082327.834: [08:23:27]drwxrwxr-x    2 sambauser sambauser 4.0K Feb 27 16:51 2025091416
082327.834: [08:23:27]drwxrwxr-x    2 sambauser sambauser 4.0K Feb 27 16:51 2025091417
082327.834: [08:23:27]drwxrwxr-x    2 sambauser sambauser 4.0K Feb 27 16:51 2025091418
082327.834: [08:23:27]drwxrwxr-x    2 sambauser sambauser 4.0K Feb 27 16:51 2025091419
082327.834: [08:23:27]drwxrwxr-x    2 sambauser sambauser 4.0K Feb 27 16:51 2025091420
082327.834: [08:23:27]drwxrwxr-x    2 sambauser sambauser 4.0K Feb 27 16:51 2025091421
082327.834: [08:23:27]drwxrwxr-x    2 sambauser sambauser 4.0K Feb 27 16:51 2025091422
082327.834: [08:23:27]drwxrwxr-x    2 sambauser sambauser 4.0K Feb 27 16:51 2025091423
082327.834: [08:23:27]drwxrwxr-x    2 sambauser sambauser 4.0K Feb 27 16:51 2025091500
082327.834: [08:23:27]drwxrwxr-x    2 sambauser sambauser 4.0K Feb 27 16:51 2025091501
082327.834: [08:23:27]drwxrwxr-x    2 sambauser sambauser 4.0K Feb 27 16:51 2025091502
082327.834: [08:23:27]drwxrwxr-x    2 sambauser sambauser 4.0K Feb 27 16:51 2025091503
082327.834: [08:23:27]drwxrwxr-x    2 sambauser sambauser 4.0K Feb 27 16:51 2025091504
082327.835: [08:23:27]drwxrwxr-x    2 sambauser sambauser 4.0K Feb 27 16:51 2025091505
082327.835: [08:23:27]drwxrwxr-x    2 sambauser sambauser 4.0K Feb 27 16:51 2025091506
082327.835: [08:23:27]drwxrwxr-x    2 sambauser sambauser 4.0K Feb 27 16:51 2025091507
082327.835: [08:23:27]drwxrwxr-x    2 sambauser sambauser 4.0K Feb 27 16:51 2025091509
082327.835: [08:23:27]drwxrwxr-x    2 sambauser sambauser 4.0K Feb 27 16:51 2025091510
082327.835: [08:23:27]drwxrwxr-x    2 sambauser sambauser 4.0K Feb 27 16:51 2025091512
082327.835: [08:23:27]drwxrwxr-x    2 sambauser sambauser 4.0K Feb 27 16:51 2025091514
082327.835: [08:23:27]drwxrwxr-x    2 sambauser sambauser 4.0K Feb 27 16:51 2025091516
082327.835: [08:23:27]drwxrwxr-x    2 sambauser sambauser 4.0K Feb 27 16:51 2025091518
082327.835: [08:23:27]drwxrwxr-x    2 sambauser sambauser 4.0K Feb 27 16:51 2025091520
082327.835: [08:23:27]drwxrwxr-x    2 sambauser sambauser 4.0K Feb 27 16:51 2025091521
082327.835: [08:23:27]drwxrwxr-x    2 sambauser sambauser 4.0K Feb 27 16:51 2025091522
082327.835: [08:23:27]drwxrwxr-x    2 sambauser sambauser 4.0K Feb 27 16:51 2025091523
082327.835: [08:23:27]drwxrwxr-x    2 sambauser sambauser 4.0K Feb 27 16:51 2025091600
082327.835: [08:23:27]drwxrwxr-x    2 sambauser sambauser 4.0K Feb 27 16:51 2025091601
082327.835: [08:23:27]drwxrwxr-x    2 sambauser sambauser 4.0K Feb 27 16:51 2025091602
082327.835: [08:23:27]drwxrwxr-x    2 sambauser sambauser 4.0K Feb 27 16:51 2025091603
082327.835: [08:23:27]drwxrwxr-x    2 sambauser sambauser 4.0K Feb 27 16:51 2025091604
082327.835: [08:23:27]drwxrwxr-x    2 sambauser sambauser 4.0K Feb 27 16:51 2025091605
082327.835: [08:23:27]drwxrwxr-x    2 sambauser sambauser 4.0K Feb 27 16:51 2025091606
082327.835: [08:23:27]drwxrwxr-x    2 sambauser sambauser 4.0K Feb 27 16:51 2025091607
082327.835: [08:23:27]drwxrwxr-x    2 sambauser sambauser 4.0K Feb 27 16:51 2025091608
082327.835: [08:23:27]drwxrwxr-x    2 sambauser sambauser 4.0K Feb 27 16:51 2025091609
082327.836: [08:23:27]drwxrwxr-x    2 sambauser sambauser 4.0K Feb 27 16:51 2025091611
082327.836: [08:23:27]drwxrwxr-x    2 sambauser sambauser 4.0K Feb 27 16:51 2025091612
082327.836: [08:23:27]drwxrwxr-x    2 sambauser sambauser 4.0K Feb 27 16:51 2025091613
082327.836: [08:23:27]drwxrwxr-x    2 sambauser sambauser 4.0K Feb 27 16:51 2025091614
082327.836: [08:23:27]drwxrwxr-x    2 sambauser sambauser 4.0K Feb 27 16:51 2025091615
082327.836: [08:23:27]drwxrwxr-x    2 sambauser sambauser 4.0K Feb 27 16:51 2025091616
082327.836: [08:23:27]drwxrwxr-x    2 sambauser sambauser 4.0K Feb 27 16:51 2025091617
082327.836: [08:23:27]drwxrwxr-x    2 sambauser sambauser 4.0K Feb 27 16:51 2025091620
082327.836: [08:23:27]drwxrwxr-x    2 sambauser sambauser 4.0K Feb 27 16:51 2025091621
082327.836: [08:23:27]drwxrwxr-x    2 sambauser sambauser 4.0K Feb 27 16:51 2025091622
082327.836: [08:23:27]drwxrwxr-x    2 sambauser sambauser 4.0K Feb 27 16:51 2025091623
082327.836: [08:23:27]drwxrwxr-x    2 sambauser sambauser 4.0K Feb 27 16:51 2025091700
082327.836: [08:23:27]drwxrwxr-x    2 sambauser sambauser 4.0K Feb 27 16:51 2025091701
082327.836: [08:23:27]drwxrwxr-x    2 sambauser sambauser 4.0K Feb 27 16:51 2025091702
082327.836: [08:23:27]drwxrwxr-x    2 sambauser sambauser 4.0K Feb 27 16:51 2025091703
082327.836: [08:23:27]drwxrwxr-x    2 sambauser sambauser 4.0K Feb 27 16:51 2025091704
082327.836: [08:23:27]drwxrwxr-x    2 sambauser sambauser 4.0K Feb 27 16:51 2025091705
082327.836: [08:23:27]drwxrwxr-x    2 sambauser sambauser 4.0K Feb 27 16:51 2025091706
082327.836: [08:23:27]drwxrwxr-x    2 sambauser sambauser 4.0K Feb 27 16:51 2025091707
082327.836: [08:23:27]drwxrwxr-x    2 sambauser sambauser 4.0K Feb 27 16:51 2025091709
082327.836: [08:23:27]drwxrwxr-x    2 sambauser sambauser 4.0K Feb 27 16:51 2025091710
082327.837: [08:23:27]drwxrwxr-x    2 sambauser sambauser 4.0K Feb 27 16:51 2025091711
082327.837: [08:23:27]drwxrwxr-x    2 sambauser sambauser 4.0K Feb 27 16:51 2025091712
082327.837: [08:23:27]drwxrwxr-x    2 sambauser sambauser 4.0K Feb 27 16:51 2025091717
082327.837: [08:23:27]drwxrwxr-x    2 sambauser sambauser 4.0K Feb 27 16:51 2025091718
082327.837: [08:23:27]drwxrwxr-x    2 sambauser sambauser 4.0K Feb 27 16:51 2025091719
082327.837: [08:23:27]drwxrwxr-x    2 sambauser sambauser 4.0K Feb 27 16:51 2025091720
082327.837: [08:23:27]drwxrwxr-x    2 sambauser sambauser 4.0K Feb 27 16:51 2025091721
082327.837: [08:23:27]drwxrwxr-x    2 sambauser sambauser 4.0K Feb 27 16:51 2025091722
082327.837: [08:23:27]drwxrwxr-x    2 sambauser sambauser 4.0K Feb 27 16:51 2025091723
082327.837: [08:23:27]drwxrwxr-x    2 sambauser sambauser 4.0K Feb 27 16:52 2025091800
082327.837: [08:23:27]drwxrwxr-x    2 sambauser sambauser 4.0K Feb 27 16:52 2025091801
082327.837: [08:23:27]drwxrwxr-x    2 sambauser sambauser 4.0K Feb 27 16:52 2025091802
082327.837: [08:23:27]drwxrwxr-x    2 sambauser sambauser 4.0K Feb 27 16:52 2025091803
082327.837: [08:23:27]drwxrwxr-x    2 sambauser sambauser 4.0K Feb 27 16:52 2025091804
082327.837: [08:23:27]drwxrwxr-x    2 sambauser sambauser 4.0K Feb 27 16:52 2025091805
082327.837: [08:23:27]drwxrwxr-x    2 sambauser sambauser 4.0K Feb 27 16:52 2025091806
082327.837: [08:23:27]drwxrwxr-x    2 sambauser sambauser 4.0K Feb 27 16:52 2025091807
082327.837: [08:23:27]drwxrwxr-x    2 sambauser sambauser 4.0K Feb 27 16:52 2025091809
082327.837: [08:23:27]drwxrwxr-x    2 sambauser sambauser 4.0K Feb 27 16:52 2025091811
082327.837: [08:23:27]drwxrwxr-x    2 sambauser sambauser 4.0K Feb 27 16:52 2025091814
082327.837: [08:23:27]drwxrwxr-x    2 sambauser sambauser 4.0K Feb 27 16:52 2025091818
082327.837: [08:23:27]drwxrwxr-x    2 sambauser sambauser 4.0K Feb 27 16:52 2025091819
082327.837: [08:23:27]drwxrwxr-x    2 sambauser sambauser 4.0K Feb 27 16:52 2025091820
082327.837: [08:23:27]drwxrwxr-x    2 sambauser sambauser 4.0K Feb 27 16:52 2025091821
082327.837: [08:23:27]drwxrwxr-x    2 sambauser sambauser 4.0K Feb 27 16:52 2025091822
082327.837: [08:23:27]drwxrwxr-x    2 sambauser sambauser 4.0K Feb 27 16:52 2025091823
082327.837: [08:23:27]drwxrwxr-x    2 sambauser sambauser 4.0K Feb 27 16:52 2025091900
082327.837: [08:23:27]drwxrwxr-x    2 sambauser sambauser 4.0K Feb 27 16:52 2025091901
082327.838: [08:23:27]drwxrwxr-x    2 sambauser sambauser 4.0K Feb 27 16:52 2025091902
082327.838: [08:23:27]drwxrwxr-x    2 sambauser sambauser 4.0K Feb 27 16:52 2025091903
082327.838: [08:23:27]drwxrwxr-x    2 sambauser sambauser 4.0K Feb 27 16:52 2025091904
082327.838: [08:23:27]drwxrwxr-x    2 sambauser sambauser 4.0K Feb 27 16:52 2025091905
082327.838: [08:23:27]drwxrwxr-x    2 sambauser sambauser 4.0K Feb 27 16:52 2025091906
082327.838: [08:23:27]drwxrwxr-x    2 sambauser sambauser 4.0K Feb 27 16:52 2025091907
082327.838: [08:23:27]drwxrwxr-x    2 sambauser sambauser 4.0K Feb 27 16:52 2025091909
082327.838: [08:23:27]drwxrwxr-x    2 sambauser sambauser 4.0K Feb 27 16:52 2025091911
082327.838: [08:23:27]drwxrwxr-x    2 sambauser sambauser 4.0K Feb 27 16:52 2025091918
082327.838: [08:23:27]drwxrwxr-x    2 sambauser sambauser 4.0K Feb 27 16:52 2025091919
082327.838: [08:23:27]drwxrwxr-x    2 sambauser sambauser 4.0K Feb 27 16:52 2025091920
082327.838: [08:23:27]drwxrwxr-x    2 sambauser sambauser 4.0K Feb 27 16:52 2025091921
082327.838: [08:23:27]drwxrwxr-x    2 sambauser sambauser 4.0K Feb 27 16:52 2025091922
082327.838: [08:23:27]drwxrwxr-x    2 sambauser sambauser 4.0K Feb 27 16:52 2025091923
082327.838: [08:23:27]drwxrwxr-x    2 sambauser sambauser 4.0K Feb 27 16:52 2025092000
082327.838: [08:23:27]drwxrwxr-x    2 sambauser sambauser 4.0K Feb 27 16:52 2025092001
082327.838: [08:23:27]drwxrwxr-x    2 sambauser sambauser 4.0K Feb 27 16:52 2025092002
082327.838: [08:23:27]drwxrwxr-x    2 sambauser sambauser 4.0K Feb 27 16:52 2025092003
082327.838: [08:23:27]drwxrwxr-x    2 sambauser sambauser 4.0K Feb 27 16:52 2025092004
082327.838: [08:23:27]drwxrwxr-x    2 sambauser sambauser 4.0K Feb 27 16:52 2025092005
082327.838: [08:23:27]drwxrwxr-x    2 sambauser sambauser 4.0K Feb 27 16:52 2025092006
082327.838: [08:23:27]drwxrwxr-x    2 sambauser sambauser 4.0K Feb 27 16:52 2025092007
082327.838: [08:23:27]drwxrwxr-x    2 sambauser sambauser 4.0K Feb 27 16:52 2025092008
082327.838: [08:23:27]drwxrwxr-x    2 sambauser sambauser 4.0K Feb 27 16:52 2025092009
082327.838: [08:23:27]drwxrwxr-x    2 sambauser sambauser 4.0K Feb 27 16:52 2025092010
082327.838: [08:23:27]drwxrwxr-x    2 sambauser sambauser 4.0K Feb 27 16:52 2025092011
082327.838: [08:23:27]drwxrwxr-x    2 sambauser sambauser 4.0K Feb 27 16:52 2025092012
082327.838: [08:23:27]drwxrwxr-x    2 sambauser sambauser 4.0K Feb 27 16:52 2025092016
082327.838: [08:23:27]drwxrwxr-x    2 sambauser sambauser 4.0K Feb 27 16:52 2025092017
082327.838: [08:23:27]drwxrwxr-x    2 sambauser sambauser 4.0K Feb 27 16:52 2025092018
082327.838: [08:23:27]drwxrwxr-x    2 sambauser sambauser 4.0K Feb 27 16:52 2025092019
082327.839: [08:23:27]drwxrwxr-x    2 sambauser sambauser 4.0K Feb 27 16:52 2025092020
082327.839: [08:23:27]drwxrwxr-x    2 sambauser sambauser 4.0K Feb 27 16:52 2025092021
082327.839: [08:23:27]drwxrwxr-x    2 sambauser sambauser 4.0K Feb 27 16:52 2025092022
082327.839: [08:23:27]drwxrwxr-x    2 sambauser sambauser 4.0K Feb 27 16:52 2025092023
082327.839: [08:23:27]drwxrwxr-x    2 sambauser sambauser 4.0K Feb 27 16:52 2025092100
082327.839: [08:23:27]drwxrwxr-x    2 sambauser sambauser 4.0K Feb 27 16:52 2025092101
082327.839: [08:23:27]drwxrwxr-x    2 sambauser sambauser 4.0K Feb 27 16:52 2025092102
082327.839: [08:23:27]drwxrwxr-x    2 sambauser sambauser 4.0K Feb 27 16:52 2025092103
082327.839: [08:23:27]drwxrwxr-x    2 sambauser sambauser 4.0K Feb 27 16:52 2025092104
082327.839: [08:23:27]drwxrwxr-x    2 sambauser sambauser 4.0K Feb 27 16:52 2025092105
082327.839: [08:23:27]drwxrwxr-x    2 sambauser sambauser 4.0K Feb 27 16:53 2025092106
082327.839: [08:23:27]drwxrwxr-x    2 sambauser sambauser 4.0K Feb 27 16:53 2025092107
082327.839: [08:23:27]drwxrwxr-x    2 sambauser sambauser 4.0K Feb 27 16:53 2025092111
082327.839: [08:23:27]drwxrwxr-x    2 sambauser sambauser 4.0K Feb 27 16:53 2025092112
082327.839: [08:23:27]drwxrwxr-x    2 sambauser sambauser 4.0K Feb 27 16:53 2025092113
082327.839: [08:23:27]drwxrwxr-x    2 sambauser sambauser 4.0K Feb 27 16:53 2025092114
082327.840: [08:23:27]drwxrwxr-x    2 sambauser sambauser 4.0K Feb 27 16:53 2025092115
082327.840: [08:23:27]drwxrwxr-x    2 sambauser sambauser 4.0K Feb 27 16:53 2025092116
082327.840: [08:23:27]drwxrwxr-x    2 sambauser sambauser 4.0K Feb 27 16:53 2025092117
082327.840: [08:23:27]drwxrwxr-x    2 sambauser sambauser 4.0K Feb 27 16:53 2025092118
082327.840: [08:23:27]drwxrwxr-x    2 sambauser sambauser 4.0K Feb 27 16:53 2025092119
082327.840: [08:23:27]drwxrwxr-x    2 sambauser sambauser 4.0K Feb 27 16:53 2025092120
082327.840: [08:23:27]drwxrwxr-x    2 sambauser sambauser 4.0K Feb 27 16:53 2025092121
082327.840: [08:23:27]drwxrwxr-x    2 sambauser sambauser 4.0K Feb 27 16:53 2025092122
082327.840: [08:23:27]drwxrwxr-x    2 sambauser sambauser 4.0K Feb 27 16:53 2025092123
082327.840: [08:23:27]drwxrwxr-x    2 sambauser sambauser 4.0K Feb 27 16:53 2025092200
082327.840: [08:23:27]drwxrwxr-x    2 sambauser sambauser 4.0K Feb 27 16:53 2025092201
082327.840: [08:23:27]drwxrwxr-x    2 sambauser sambauser 4.0K Feb 27 16:53 2025092202
082327.840: [08:23:27]drwxrwxr-x    2 sambauser sambauser 4.0K Feb 27 16:53 2025092203
082327.840: [08:23:27]drwxrwxr-x    2 sambauser sambauser 4.0K Feb 27 16:53 2025092204
082327.840: [08:23:27]drwxrwxr-x    2 sambauser sambauser 4.0K Feb 27 16:53 2025092205
082327.840: [08:23:27]drwxrwxr-x    2 sambauser sambauser 4.0K Feb 27 16:53 2025092206
082327.840: [08:23:27]drwxrwxr-x    2 sambauser sambauser 4.0K Feb 27 16:53 2025092207
082327.840: [08:23:27]drwxrwxr-x    2 sambauser sambauser 4.0K Feb 27 16:53 2025092208
082327.840: [08:23:27]drwxrwxr-x    2 sambauser sambauser 4.0K Feb 27 16:53 2025092211
082327.840: [08:23:27]drwxrwxr-x    2 sambauser sambauser 4.0K Feb 27 16:53 2025092212
082327.840: [08:23:27]drwxrwxr-x    2 sambauser sambauser 4.0K Feb 27 16:53 2025092214
082327.840: [08:23:27]drwxrwxr-x    2 sambauser sambauser 4.0K Feb 27 16:53 2025092215
082327.840: [08:23:27]drwxrwxr-x    2 sambauser sambauser 4.0K Feb 27 16:53 2025092217
082327.840: [08:23:27]drwxrwxr-x    2 sambauser sambauser 4.0K Feb 27 16:53 2025092218
082327.840: [08:23:27]drwxrwxr-x    2 sambauser sambauser 4.0K Feb 27 16:53 2025092219
082327.840: [08:23:27]drwxrwxr-x    2 sambauser sambauser 4.0K Feb 27 16:53 2025092220
082327.840: [08:23:27]drwxrwxr-x    2 sambauser sambauser 4.0K Feb 27 16:53 2025092221
082327.841: [08:23:27]drwxrwxr-x    2 sambauser sambauser 4.0K Feb 27 16:53 2025092222
082327.841: [08:23:27]drwxrwxr-x    2 sambauser sambauser 4.0K Feb 27 16:53 2025092223
082327.841: [08:23:27]drwxrwxr-x    2 sambauser sambauser 4.0K Feb 27 16:53 2025092300
082327.841: [08:23:27]drwxrwxr-x    2 sambauser sambauser 4.0K Feb 27 16:53 2025092301
082327.841: [08:23:27]drwxrwxr-x    2 sambauser sambauser 4.0K Feb 27 16:53 2025092302
082327.841: [08:23:27]drwxrwxr-x    2 sambauser sambauser 4.0K Feb 27 16:53 2025092303
082327.841: [08:23:27]drwxrwxr-x    2 sambauser sambauser 4.0K Feb 27 16:53 2025092304
082327.841: [08:23:27]drwxrwxr-x    2 sambauser sambauser 4.0K Feb 27 16:53 2025092305
082327.841: [08:23:27]drwxrwxr-x    2 sambauser sambauser 4.0K Feb 27 16:53 2025092306
082327.841: [08:23:27]drwxrwxr-x    2 sambauser sambauser 4.0K Feb 27 16:53 2025092307
082327.841: [08:23:27]drwxrwxr-x    2 sambauser sambauser 4.0K Feb 27 16:53 2025092309
082327.841: [08:23:27]drwxrwxr-x    2 sambauser sambauser 4.0K Feb 27 16:53 2025092311
082327.841: [08:23:27]drwxrwxr-x    2 sambauser sambauser 4.0K Feb 27 16:53 2025092317
082327.841: [08:23:27]drwxrwxr-x    2 sambauser sambauser 4.0K Feb 27 16:53 2025092318
082327.841: [08:23:27]drwxrwxr-x    2 sambauser sambauser 4.0K Feb 27 16:53 2025092319
082327.841: [08:23:27]drwxrwxr-x    2 sambauser sambauser 4.0K Feb 27 16:53 2025092320
082327.841: [08:23:27]drwxrwxr-x    2 sambauser sambauser 4.0K Feb 27 16:53 2025092321
082327.841: [08:23:27]drwxrwxr-x    2 sambauser sambauser 4.0K Feb 27 16:53 2025092322
082327.841: [08:23:27]drwxrwxr-x    2 sambauser sambauser 4.0K Feb 27 16:53 2025092323
082327.841: [08:23:27]drwxrwxr-x    2 sambauser sambauser 4.0K Feb 27 16:53 2025092400
082327.841: [08:23:27]drwxrwxr-x    2 sambauser sambauser 4.0K Feb 27 16:53 2025092401
082327.841: [08:23:27]drwxrwxr-x    2 sambauser sambauser 4.0K Feb 27 16:54 2025092402
082327.841: [08:23:27]drwxrwxr-x    2 sambauser sambauser 4.0K Feb 27 16:54 2025092403
082327.842: [08:23:27]drwxrwxr-x    2 sambauser sambauser 4.0K Feb 27 16:54 2025092405
082327.842: [08:23:27]drwxrwxr-x    2 sambauser sambauser 4.0K Feb 27 16:54 2025092406
082327.842: [08:23:27]drwxrwxr-x    2 sambauser sambauser 4.0K Feb 27 16:54 2025092411
082327.842: [08:23:27]drwxrwxr-x    2 sambauser sambauser 4.0K Feb 27 16:54 2025092412
082327.842: [08:23:27]drwxrwxr-x    2 sambauser sambauser 4.0K Feb 27 16:54 2025092413
082327.842: [08:23:27]drwxrwxr-x    2 sambauser sambauser 4.0K Feb 27 16:54 2025092417
082327.842: [08:23:27]drwxrwxr-x    2 sambauser sambauser 4.0K Feb 27 16:54 2025092419
082327.842: [08:23:27]drwxrwxr-x    2 sambauser sambauser 4.0K Feb 27 16:54 2025092420
082327.842: [08:23:27]drwxrwxr-x    2 sambauser sambauser 4.0K Feb 27 16:54 2025092421
082327.842: [08:23:27]drwxrwxr-x    2 sambauser sambauser 4.0K Feb 27 16:54 2025092422
082327.842: [08:23:27]drwxrwxr-x    2 sambauser sambauser 4.0K Feb 27 16:54 2025092423
082327.842: [08:23:27]drwxrwxr-x    2 sambauser sambauser 4.0K Feb 27 16:54 2025092500
082327.842: [08:23:27]drwxrwxr-x    2 sambauser sambauser 4.0K Feb 27 16:54 2025092501
082327.842: [08:23:27]drwxrwxr-x    2 sambauser sambauser 4.0K Feb 27 16:54 2025092502
082327.842: [08:23:27]drwxrwxr-x    2 sambauser sambauser 4.0K Feb 27 16:54 2025092503
082327.842: [08:23:27]drwxrwxr-x    2 sambauser sambauser 4.0K Feb 27 16:54 2025092504
082327.842: [08:23:27]drwxrwxr-x    2 sambauser sambauser 4.0K Feb 27 16:54 2025092505
082327.842: [08:23:27]drwxrwxr-x    2 sambauser sambauser 4.0K Feb 27 16:54 2025092506
082327.842: [08:23:27]drwxrwxr-x    2 sambauser sambauser 4.0K Feb 27 16:54 2025092507
082327.842: [08:23:27]drwxrwxr-x    2 sambauser sambauser 4.0K Feb 27 16:54 2025092510
082327.842: [08:23:27]drwxrwxr-x    2 sambauser sambauser 4.0K Feb 27 16:54 2025092511
082327.842: [08:23:27]drwxrwxr-x    2 sambauser sambauser 4.0K Feb 27 16:54 2025092512
082327.842: [08:23:27]drwxrwxr-x    2 sambauser sambauser 4.0K Feb 27 16:54 2025092513
082327.842: [08:23:27]drwxrwxr-x    2 sambauser sambauser 4.0K Feb 27 16:54 2025092515
082327.843: [08:23:27]drwxrwxr-x    2 sambauser sambauser 4.0K Feb 27 16:54 2025092518
082327.843: [08:23:27]drwxrwxr-x    2 sambauser sambauser 4.0K Feb 27 16:54 2025092519
082327.843: [08:23:27]drwxrwxr-x    2 sambauser sambauser 4.0K Feb 27 16:54 2025092520
082327.843: [08:23:27]drwxrwxr-x    2 sambauser sambauser 4.0K Feb 27 16:54 2025092521
082327.843: [08:23:27]drwxrwxr-x    2 sambauser sambauser 4.0K Feb 27 16:54 2025092522
082327.843: [08:23:27]drwxrwxr-x    2 sambauser sambauser 4.0K Feb 27 16:54 2025092523
082327.843: [08:23:27]drwxrwxr-x    2 sambauser sambauser 4.0K Feb 27 16:54 2025092600
082327.843: [08:23:27]drwxrwxr-x    2 sambauser sambauser 4.0K Feb 27 16:54 2025092601
082327.843: [08:23:27]drwxrwxr-x    2 sambauser sambauser 4.0K Feb 27 16:54 2025092602
082327.843: [08:23:27]drwxrwxr-x    2 sambauser sambauser 4.0K Feb 27 16:54 2025092603
082327.843: [08:23:27]drwxrwxr-x    2 sambauser sambauser 4.0K Feb 27 16:54 2025092604
082327.843: [08:23:27]drwxrwxr-x    2 sambauser sambauser 4.0K Feb 27 16:54 2025092605
082327.843: [08:23:27]drwxrwxr-x    2 sambauser sambauser 4.0K Feb 27 16:54 2025092606
082327.843: [08:23:27]drwxrwxr-x    2 sambauser sambauser 4.0K Feb 27 16:55 2025092607
082327.843: [08:23:27]drwxrwxr-x    2 sambauser sambauser 4.0K Feb 27 16:55 2025092610
082327.843: [08:23:27]drwxrwxr-x    2 sambauser sambauser 4.0K Feb 27 16:55 2025092611
082327.843: [08:23:27]drwxrwxr-x    2 sambauser sambauser 4.0K Feb 27 16:55 2025092612
082327.843: [08:23:27]drwxrwxr-x    2 sambauser sambauser 4.0K Feb 27 16:55 2025092613
082327.843: [08:23:27]drwxrwxr-x    2 sambauser sambauser 4.0K Feb 27 16:55 2025092617
082327.843: [08:23:27]drwxrwxr-x    2 sambauser sambauser 4.0K Feb 27 16:55 2025092618
082327.843: [08:23:27]drwxrwxr-x    2 sambauser sambauser 4.0K Feb 27 16:55 2025092620
082327.843: [08:23:27]drwxrwxr-x    2 sambauser sambauser 4.0K Feb 27 16:55 2025092621
082327.843: [08:23:27]drwxrwxr-x    2 sambauser sambauser 4.0K Feb 27 16:55 2025092622
082327.843: [08:23:27]drwxrwxr-x    2 sambauser sambauser 4.0K Feb 27 16:55 2025092623
082327.843: [08:23:27]drwxrwxr-x    2 sambauser sambauser 4.0K Feb 27 16:55 2025092700
082327.843: [08:23:27]drwxrwxr-x    2 sambauser sambauser 4.0K Feb 27 16:55 2025092701
082327.844: [08:23:27]drwxrwxr-x    2 sambauser sambauser 4.0K Feb 27 16:55 2025092702
082327.844: [08:23:27]drwxrwxr-x    2 sambauser sambauser 4.0K Feb 27 16:55 2025092703
082327.844: [08:23:27]drwxrwxr-x    2 sambauser sambauser 4.0K Feb 27 16:55 2025092704
082327.844: [08:23:27]drwxrwxr-x    2 sambauser sambauser 4.0K Feb 27 16:55 2025092705
082327.844: [08:23:27]drwxrwxr-x    2 sambauser sambauser 4.0K Feb 27 16:55 2025092706
082327.844: [08:23:27]drwxrwxr-x    2 sambauser sambauser 4.0K Feb 27 16:55 2025092707
082327.844: [08:23:27]drwxrwxr-x    2 sambauser sambauser 4.0K Feb 27 16:55 2025092709
082327.844: [08:23:27]drwxrwxr-x    2 sambauser sambauser 4.0K Feb 27 16:55 2025092710
082327.844: [08:23:27]drwxrwxr-x    2 sambauser sambauser 4.0K Feb 27 16:55 2025092711
082327.844: [08:23:27]drwxrwxr-x    2 sambauser sambauser 4.0K Feb 27 16:55 2025092712
082327.844: [08:23:27]drwxrwxr-x    2 sambauser sambauser 4.0K Feb 27 16:55 2025092716
082327.844: [08:23:27]drwxrwxr-x    2 sambauser sambauser 4.0K Feb 27 16:55 2025092717
082327.844: [08:23:27]drwxrwxr-x    2 sambauser sambauser 4.0K Feb 27 16:55 2025092718
082327.844: [08:23:27]drwxrwxr-x    2 sambauser sambauser 4.0K Feb 27 16:55 2025092719
082327.844: [08:23:27]drwxrwxr-x    2 sambauser sambauser 4.0K Feb 27 16:55 2025092720
082327.844: [08:23:27]drwxrwxr-x    2 sambauser sambauser 4.0K Feb 27 16:55 2025092721
082327.844: [08:23:27]drwxrwxr-x    2 sambauser sambauser 4.0K Feb 27 16:55 2025092722
082327.844: [08:23:27]drwxrwxr-x    2 sambauser sambauser 4.0K Feb 27 16:55 2025092723
082327.844: [08:23:27]drwxrwxr-x    2 sambauser sambauser 4.0K Feb 27 16:55 2025092800
082327.844: [08:23:27]drwxrwxr-x    2 sambauser sambauser 4.0K Feb 27 16:55 2025092801
082327.844: [08:23:27]drwxrwxr-x    2 sambauser sambauser 4.0K Feb 27 16:55 2025092802
082327.844: [08:23:27]drwxrwxr-x    2 sambauser sambauser 4.0K Feb 27 16:55 2025092803
082327.844: [08:23:27]drwxrwxr-x    2 sambauser sambauser 4.0K Feb 27 16:55 2025092804
082327.844: [08:23:27]drwxrwxr-x    2 sambauser sambauser 4.0K Feb 27 16:55 2025092805
082327.845: [08:23:27]drwxrwxr-x    2 sambauser sambauser 4.0K Feb 27 16:55 2025092806
082327.845: [08:23:27]drwxrwxr-x    2 sambauser sambauser 4.0K Feb 27 16:55 2025092807
082327.845: [08:23:27]drwxrwxr-x    2 sambauser sambauser 4.0K Feb 27 16:55 2025092809
082327.845: [08:23:27]drwxrwxr-x    2 sambauser sambauser 4.0K Feb 27 16:55 2025092810
082327.845: [08:23:27]drwxrwxr-x    2 sambauser sambauser 4.0K Feb 27 16:55 2025092811
082327.845: [08:23:27]drwxrwxr-x    2 sambauser sambauser 4.0K Feb 27 16:55 2025092812
082327.845: [08:23:27]drwxrwxr-x    2 sambauser sambauser 4.0K Feb 27 16:55 2025092813
082327.845: [08:23:27]drwxrwxr-x    2 sambauser sambauser 4.0K Feb 27 16:55 2025092814
082327.845: [08:23:27]drwxrwxr-x    2 sambauser sambauser 4.0K Feb 27 16:55 2025092815
082327.845: [08:23:27]drwxrwxr-x    2 sambauser sambauser 4.0K Feb 27 16:55 2025092817
082327.845: [08:23:27]drwxrwxr-x    2 sambauser sambauser 4.0K Feb 27 16:55 2025092820
082327.845: [08:23:27]drwxrwxr-x    2 sambauser sambauser 4.0K Feb 27 16:55 2025092821
082327.845: [08:23:27]drwxrwxr-x    2 sambauser sambauser 4.0K Feb 27 16:55 2025092822
082327.845: [08:23:27]drwxrwxr-x    2 sambauser sambauser 4.0K Feb 27 16:56 2025092823
082327.845: [08:23:27]drwxrwxr-x    2 sambauser sambauser 4.0K Feb 27 16:56 2025092900
082327.845: [08:23:27]drwxrwxr-x    2 sambauser sambauser 4.0K Feb 27 16:56 2025092901
082327.845: [08:23:27]drwxrwxr-x    2 sambauser sambauser 4.0K Feb 27 16:56 2025092902
082327.845: [08:23:27]drwxrwxr-x    2 sambauser sambauser 4.0K Feb 27 16:56 2025092903
082327.845: [08:23:27]drwxrwxr-x    2 sambauser sambauser 4.0K Feb 27 16:56 2025092904
082327.845: [08:23:27]drwxrwxr-x    2 sambauser sambauser 4.0K Feb 27 16:56 2025092905
082327.845: [08:23:27]drwxrwxr-x    2 sambauser sambauser 4.0K Feb 27 16:56 2025092906
082327.845: [08:23:27]drwxrwxr-x    2 sambauser sambauser 4.0K Feb 27 16:56 2025092907
082327.845: [08:23:27]drwxrwxr-x    2 sambauser sambauser 4.0K Feb 27 16:56 2025092908
082327.845: [08:23:27]drwxrwxr-x    2 sambauser sambauser 4.0K Feb 27 16:56 2025092910
082327.845: [08:23:27]drwxrwxr-x    2 sambauser sambauser 4.0K Feb 27 16:56 2025092912
082327.845: [08:23:27]drwxrwxr-x    2 sambauser sambauser 4.0K Feb 27 16:56 2025092914
082327.846: [08:23:27]drwxrwxr-x    2 sambauser sambauser 4.0K Feb 27 16:56 2025092916
082327.846: [08:23:27]drwxrwxr-x    2 sambauser sambauser 4.0K Feb 27 16:56 2025092917
082327.846: [08:23:27]drwxrwxr-x    2 sambauser sambauser 4.0K Feb 27 16:56 2025092918
082327.846: [08:23:27]drwxrwxr-x    2 sambauser sambauser 4.0K Feb 27 16:56 2025092919
082327.846: [08:23:27]drwxrwxr-x    2 sambauser sambauser 4.0K Feb 27 16:56 2025092920
082327.846: [08:23:27]drwxrwxr-x    2 sambauser sambauser 4.0K Feb 27 16:56 2025092921
082327.846: [08:23:27]drwxrwxr-x    2 sambauser sambauser 4.0K Feb 27 16:56 2025092922
082327.846: [08:23:27]drwxrwxr-x    2 sambauser sambauser 4.0K Feb 27 16:56 2025092923
082327.846: [08:23:27]drwxrwxr-x    2 sambauser sambauser 4.0K Feb 27 16:56 2025093000
082327.846: [08:23:27]drwxrwxr-x    2 sambauser sambauser 4.0K Feb 27 16:56 2025093001
082327.846: [08:23:27]drwxrwxr-x    2 sambauser sambauser 4.0K Feb 27 16:56 2025093002
082327.846: [08:23:27]drwxrwxr-x    2 sambauser sambauser 4.0K Feb 27 16:56 2025093003
082327.846: [08:23:27]drwxrwxr-x    2 sambauser sambauser 4.0K Feb 27 16:56 2025093004
082327.846: [08:23:27]drwxrwxr-x    2 sambauser sambauser 4.0K Feb 27 16:56 2025093005
082327.846: [08:23:27]drwxrwxr-x    2 sambauser sambauser 4.0K Feb 27 16:56 2025093006
082327.846: [08:23:27]drwxrwxr-x    2 sambauser sambauser 4.0K Feb 27 16:56 2025093007
082327.846: [08:23:27]drwxrwxr-x    2 sambauser sambauser 4.0K Feb 27 16:56 2025093008
082327.846: [08:23:27]drwxrwxr-x    2 sambauser sambauser 4.0K Feb 27 16:56 2025093009
082327.846: [08:23:27]drwxrwxr-x    2 sambauser sambauser 4.0K Feb 27 16:56 2025093015
082327.846: [08:23:27]drwxrwxr-x    2 sambauser sambauser 4.0K Feb 27 16:56 2025093016
082327.846: [08:23:27]drwxrwxr-x    2 sambauser sambauser 4.0K Feb 27 16:56 2025093017
082327.846: [08:23:27]drwxrwxr-x    2 sambauser sambauser 4.0K Feb 27 16:56 2025093018
082327.846: [08:23:27]drwxrwxr-x    2 sambauser sambauser 4.0K Feb 27 16:56 2025093019
082327.846: [08:23:27]drwxrwxr-x    2 sambauser sambauser 4.0K Feb 27 16:56 2025093020
082327.846: [08:23:27]drwxrwxr-x    2 sambauser sambauser 4.0K Feb 27 16:56 2025093021
082327.846: [08:23:27]drwxrwxr-x    2 sambauser sambauser 4.0K Feb 27 16:56 2025100106
082327.846: [08:23:27]drwxrwxr-x    2 sambauser sambauser 4.0K Feb 27 16:56 2025100116
082327.846: [08:23:27]drwxrwxr-x    2 sambauser sambauser 4.0K Feb 27 16:56 2025100117
082327.846: [08:23:27]drwxrwxr-x    2 sambauser sambauser 4.0K Feb 27 16:56 2025100206
082327.846: [08:23:27]drwxrwxr-x    2 sambauser sambauser 4.0K Feb 27 16:56 2025100217
082327.846: [08:23:27]drwxrwxr-x    2 sambauser sambauser 4.0K Feb 27 16:56 2025100306
082327.846: [08:23:27]drwxrwxr-x    2 sambauser sambauser 4.0K Feb 27 16:56 2025100317
082327.847: [08:23:27]drwxrwxr-x    2 sambauser sambauser 4.0K Feb 27 16:56 2025100407
082327.847: [08:23:27]drwxrwxr-x    2 sambauser sambauser 4.0K Feb 27 16:56 2025100417
082327.847: [08:23:27]drwxrwxr-x    2 sambauser sambauser 4.0K Feb 27 16:56 2025100500
082327.847: [08:23:27]drwxrwxr-x    2 sambauser sambauser 4.0K Feb 27 16:56 2025100506
082327.847: [08:23:27]drwxrwxr-x    2 sambauser sambauser 4.0K Feb 27 16:56 2025100517
082327.853: [08:23:27]drwxrwxr-x    2 sambauser sambauser 4.0K Feb 27 16:56 2025100606
082327.854: [08:23:27]drwxrwxr-x    2 sambauser sambauser 4.0K Feb 27 16:56 2025100617
082327.854: [08:23:27]drwxrwxr-x    2 sambauser sambauser 4.0K Feb 27 16:56 2025100707
082327.854: [08:23:27]drwxrwxr-x    2 sambauser sambauser 4.0K Feb 27 16:56 2025100708
082327.854: [08:23:27]drwxrwxr-x    2 sambauser sambauser 4.0K Feb 27 16:56 2025100711
082327.854: [08:23:27]drwxrwxr-x    2 sambauser sambauser 4.0K Feb 27 16:56 2025100712
082327.854: [08:23:27]drwxrwxr-x    2 sambauser sambauser 4.0K Feb 27 16:56 2025100713
082327.854: [08:23:27]drwxrwxr-x    2 sambauser sambauser 4.0K Feb 27 16:56 2025100714
082327.854: [08:23:27]drwxrwxr-x    2 sambauser sambauser 4.0K Feb 27 16:56 2025100715
082327.854: [08:23:27]drwxrwxr-x    2 sambauser sambauser 4.0K Feb 27 16:56 2025100716
082327.854: [08:23:27]drwxrwxr-x    2 sambauser sambauser 4.0K Feb 27 16:56 2025100717
082327.854: [08:23:27]drwxrwxr-x    2 sambauser sambauser 4.0K Feb 27 16:56 2025100718
082327.854: [08:23:27]drwxrwxr-x    2 sambauser sambauser 4.0K Feb 27 16:56 2025100720
082327.854: [08:23:27]drwxrwxr-x    2 sambauser sambauser 4.0K Feb 27 16:56 2025100721
082327.854: [08:23:27]drwxrwxr-x    2 sambauser sambauser 4.0K Feb 27 16:56 2025100722
082327.854: [08:23:27]drwxrwxr-x    2 sambauser sambauser 4.0K Feb 27 16:56 2025100723
082327.854: [08:23:27]drwxrwxr-x    2 sambauser sambauser 4.0K Feb 27 16:56 2025100800
082327.854: [08:23:27]drwxrwxr-x    2 sambauser sambauser 4.0K Feb 27 16:56 2025100801
082327.854: [08:23:27]drwxrwxr-x    2 sambauser sambauser 4.0K Feb 27 16:56 2025100802
082327.854: [08:23:27]drwxrwxr-x    2 sambauser sambauser 4.0K Feb 27 16:56 2025100803
082327.854: [08:23:27]drwxrwxr-x    2 sambauser sambauser 4.0K Feb 27 16:56 2025100804
082327.854: [08:23:27]drwxrwxr-x    2 sambauser sambauser 4.0K Feb 27 16:56 2025100805
082327.854: [08:23:27]drwxrwxr-x    2 sambauser sambauser 4.0K Feb 27 16:56 2025100806
082327.854: [08:23:27]drwxrwxr-x    2 sambauser sambauser 4.0K Feb 27 16:56 2025100807
082327.854: [08:23:27]drwxrwxr-x    2 sambauser sambauser 4.0K Feb 27 16:56 2025100809
082327.854: [08:23:27]drwxrwxr-x    2 sambauser sambauser 4.0K Feb 27 16:56 2025100810
082327.854: [08:23:27]drwxrwxr-x    2 sambauser sambauser 4.0K Feb 27 16:56 2025100811
082327.854: [08:23:27]drwxrwxr-x    2 sambauser sambauser 4.0K Feb 27 16:56 2025100812
082327.854: [08:23:27]drwxrwxr-x    2 sambauser sambauser 4.0K Feb 27 16:57 2025100813
082327.854: [08:23:27]drwxrwxr-x    2 sambauser sambauser 4.0K Feb 27 16:57 2025100814
082327.854: [08:23:27]drwxrwxr-x    2 sambauser sambauser 4.0K Feb 27 16:57 2025100815
082327.854: [08:23:27]drwxrwxr-x    2 sambauser sambauser 4.0K Feb 27 16:57 2025100816
082327.855: [08:23:27]drwxrwxr-x    2 sambauser sambauser 4.0K Feb 27 16:57 2025100817
082327.855: [08:23:27]drwxrwxr-x    2 sambauser sambauser 4.0K Feb 27 16:57 2025100819
082327.855: [08:23:27]drwxrwxr-x    2 sambauser sambauser 4.0K Feb 27 16:57 2025100820
082327.855: [08:23:27]drwxrwxr-x    2 sambauser sambauser 4.0K Feb 27 16:57 2025100821
082327.855: [08:23:27]drwxrwxr-x    2 sambauser sambauser 4.0K Feb 27 16:57 2025100822
082327.855: [08:23:27]drwxrwxr-x    2 sambauser sambauser 4.0K Feb 27 16:57 2025100823
082327.855: [08:23:27]drwxrwxr-x    2 sambauser sambauser 4.0K Feb 27 16:57 2025100900
082327.855: [08:23:27]drwxrwxr-x    2 sambauser sambauser 4.0K Feb 27 16:57 2025100901
082327.855: [08:23:27]drwxrwxr-x    2 sambauser sambauser 4.0K Feb 27 16:57 2025100902
082327.855: [08:23:27]drwxrwxr-x    2 sambauser sambauser 4.0K Feb 27 16:57 2025100903
082327.855: [08:23:27]drwxrwxr-x    2 sambauser sambauser 4.0K Feb 27 16:57 2025100904
082327.855: [08:23:27]drwxrwxr-x    2 sambauser sambauser 4.0K Feb 27 16:57 2025100905
082327.855: [08:23:27]drwxrwxr-x    2 sambauser sambauser 4.0K Feb 27 16:57 2025100906
082327.855: [08:23:27]drwxrwxr-x    2 sambauser sambauser 4.0K Feb 27 16:57 2025100907
082327.855: [08:23:27]drwxrwxr-x    2 sambauser sambauser 4.0K Feb 27 16:57 2025100909
082327.855: [08:23:27]drwxrwxr-x    2 sambauser sambauser 4.0K Feb 27 16:57 2025100910
082327.855: [08:23:27]drwxrwxr-x    2 sambauser sambauser 4.0K Feb 27 16:57 2025100911
082327.855: [08:23:27]drwxrwxr-x    2 sambauser sambauser 4.0K Feb 27 16:57 2025100912
082327.855: [08:23:27]drwxrwxr-x    2 sambauser sambauser 4.0K Feb 27 16:57 2025100913
082327.855: [08:23:27]drwxrwxr-x    2 sambauser sambauser 4.0K Feb 27 16:57 2025100914
082327.855: [08:23:27]drwxrwxr-x    2 sambauser sambauser 4.0K Feb 27 16:57 2025100917
082327.855: [08:23:27]drwxrwxr-x    2 sambauser sambauser 4.0K Feb 27 16:57 2025100918
082327.855: [08:23:27]drwxrwxr-x    2 sambauser sambauser 4.0K Feb 27 16:57 2025100919
082327.855: [08:23:27]drwxrwxr-x    2 sambauser sambauser 4.0K Feb 27 16:57 2025100920
082327.855: [08:23:27]drwxrwxr-x    2 sambauser sambauser 4.0K Feb 27 16:57 2025100921
082327.855: [08:23:27]drwxrwxr-x    2 sambauser sambauser 4.0K Feb 27 16:57 2025100922
082327.855: [08:23:27]drwxrwxr-x    2 sambauser sambauser 4.0K Feb 27 16:57 2025100923
082327.856: [08:23:27]drwxrwxr-x    2 sambauser sambauser 4.0K Feb 27 16:57 2025101000
082327.856: [08:23:27]drwxrwxr-x    2 sambauser sambauser 4.0K Feb 27 16:57 2025101001
082327.856: [08:23:27]drwxrwxr-x    2 sambauser sambauser 4.0K Feb 27 16:57 2025101002
082327.856: [08:23:27]drwxrwxr-x    2 sambauser sambauser 4.0K Feb 27 16:57 2025101003
082327.856: [08:23:27]drwxrwxr-x    2 sambauser sambauser 4.0K Feb 27 16:57 2025101004
082327.856: [08:23:27]drwxrwxr-x    2 sambauser sambauser 4.0K Feb 27 16:57 2025101005
082327.856: [08:23:27]drwxrwxr-x    2 sambauser sambauser 4.0K Feb 27 16:57 2025101006
082327.856: [08:23:27]drwxrwxr-x    2 sambauser sambauser 4.0K Feb 27 16:57 2025101007
082327.856: [08:23:27]drwxrwxr-x    2 sambauser sambauser 4.0K Feb 27 16:57 2025101009
082327.856: [08:23:27]drwxrwxr-x    2 sambauser sambauser 4.0K Feb 27 16:57 2025101011
082327.856: [08:23:27]drwxrwxr-x    2 sambauser sambauser 4.0K Feb 27 16:57 2025101012
082327.856: [08:23:27]drwxrwxr-x    2 sambauser sambauser 4.0K Feb 27 16:57 2025101013
082327.856: [08:23:27]drwxrwxr-x    2 sambauser sambauser 4.0K Feb 27 16:57 2025101014
082327.856: [08:23:27]drwxrwxr-x    2 sambauser sambauser 4.0K Feb 27 16:57 2025101016
082327.856: [08:23:27]drwxrwxr-x    2 sambauser sambauser 4.0K Feb 27 16:57 2025101017
082327.856: [08:23:27]drwxrwxr-x    2 sambauser sambauser 4.0K Feb 27 16:57 2025101019
082327.856: [08:23:27]drwxrwxr-x    2 sambauser sambauser 4.0K Feb 27 16:57 2025101020
082327.856: [08:23:27]drwxrwxr-x    2 sambauser sambauser 4.0K Feb 27 16:57 2025101021
082327.856: [08:23:27]drwxrwxr-x    2 sambauser sambauser 4.0K Feb 27 16:57 2025101022
082327.856: [08:23:27]drwxrwxr-x    2 sambauser sambauser 4.0K Feb 27 16:57 2025101023
082327.856: [08:23:27]drwxrwxr-x    2 sambauser sambauser 4.0K Feb 27 16:57 2025101100
082327.856: [08:23:27]drwxrwxr-x    2 sambauser sambauser 4.0K Feb 27 16:57 2025101101
082327.856: [08:23:27]drwxrwxr-x    2 sambauser sambauser 4.0K Feb 27 16:57 2025101102
082327.856: [08:23:27]drwxrwxr-x    2 sambauser sambauser 4.0K Feb 27 16:57 2025101103
082327.856: [08:23:27]drwxrwxr-x    2 sambauser sambauser 4.0K Feb 27 16:57 2025101104
082327.856: [08:23:27]drwxrwxr-x    2 sambauser sambauser 4.0K Feb 27 16:57 2025101105
082327.856: [08:23:27]drwxrwxr-x    2 sambauser sambauser 4.0K Feb 27 16:58 2025101106
082327.856: [08:23:27]drwxrwxr-x    2 sambauser sambauser 4.0K Feb 27 16:58 2025101107
082327.856: [08:23:27]drwxrwxr-x    2 sambauser sambauser 4.0K Feb 27 16:58 2025101109
082327.856: [08:23:27]drwxrwxr-x    2 sambauser sambauser 4.0K Feb 27 16:58 2025101111
082327.856: [08:23:27]drwxrwxr-x    2 sambauser sambauser 4.0K Feb 27 16:58 2025101112
082327.856: [08:23:27]drwxrwxr-x    2 sambauser sambauser 4.0K Feb 27 16:58 2025101113
082327.856: [08:23:27]drwxrwxr-x    2 sambauser sambauser 4.0K Feb 27 16:58 2025101115
082327.856: [08:23:27]drwxrwxr-x    2 sambauser sambauser 4.0K Feb 27 16:58 2025101117
082327.856: [08:23:27]drwxrwxr-x    2 sambauser sambauser 4.0K Feb 27 16:58 2025101119
082327.857: [08:23:27]drwxrwxr-x    2 sambauser sambauser 4.0K Feb 27 16:58 2025101120
082327.857: [08:23:27]drwxrwxr-x    2 sambauser sambauser 4.0K Feb 27 16:58 2025101121
082327.857: [08:23:27]drwxrwxr-x    2 sambauser sambauser 4.0K Feb 27 16:58 2025101122
082327.857: [08:23:27]drwxrwxr-x    2 sambauser sambauser 4.0K Feb 27 16:58 2025101123
082327.857: [08:23:27]drwxrwxr-x    2 sambauser sambauser 4.0K Feb 27 16:58 2025101200
082327.857: [08:23:27]drwxrwxr-x    2 sambauser sambauser 4.0K Feb 27 16:58 2025101201
082327.857: [08:23:27]drwxrwxr-x    2 sambauser sambauser 4.0K Feb 27 16:58 2025101202
082327.857: [08:23:27]drwxrwxr-x    2 sambauser sambauser 4.0K Feb 27 16:58 2025101203
082327.857: [08:23:27]drwxrwxr-x    2 sambauser sambauser 4.0K Feb 27 16:58 2025101204
082327.857: [08:23:27]drwxrwxr-x    2 sambauser sambauser 4.0K Feb 27 16:58 2025101205
082327.857: [08:23:27]drwxrwxr-x    2 sambauser sambauser 4.0K Feb 27 16:58 2025101206
082327.857: [08:23:27]drwxrwxr-x    2 sambauser sambauser 4.0K Feb 27 16:58 2025101207
082327.857: [08:23:27]drwxrwxr-x    2 sambauser sambauser 4.0K Feb 27 16:58 2025101208
082327.857: [08:23:27]drwxrwxr-x    2 sambauser sambauser 4.0K Feb 27 16:58 2025101209
082327.857: [08:23:27]drwxrwxr-x    2 sambauser sambauser 4.0K Feb 27 16:58 2025101210
082327.857: [08:23:27]drwxrwxr-x    2 sambauser sambauser 4.0K Feb 27 16:58 2025101213
082327.857: [08:23:27]drwxrwxr-x    2 sambauser sambauser 4.0K Feb 27 16:58 2025101214
082327.857: [08:23:27]drwxrwxr-x    2 sambauser sambauser 4.0K Feb 27 16:58 2025101215
082327.857: [08:23:27]drwxrwxr-x    2 sambauser sambauser 4.0K Feb 27 16:58 2025101216
082327.857: [08:23:27]drwxrwxr-x    2 sambauser sambauser 4.0K Feb 27 16:58 2025101217
082327.857: [08:23:27]drwxrwxr-x    2 sambauser sambauser 4.0K Feb 27 16:58 2025101218
082327.857: [08:23:27]drwxrwxr-x    2 sambauser sambauser 4.0K Feb 27 16:58 2025101219
082327.857: [08:23:27]drwxrwxr-x    2 sambauser sambauser 4.0K Feb 27 16:58 2025101220
082327.857: [08:23:27]drwxrwxr-x    2 sambauser sambauser 4.0K Feb 27 16:58 2025101221
082327.857: [08:23:27]drwxrwxr-x    2 sambauser sambauser 4.0K Feb 27 16:58 2025101223
082327.857: [08:23:27]drwxrwxr-x    2 sambauser sambauser 4.0K Feb 27 16:58 2025101302
082327.857: [08:23:27]drwxrwxr-x    2 sambauser sambauser 4.0K Feb 27 16:58 2025101305
082327.857: [08:23:27]drwxrwxr-x    2 sambauser sambauser 4.0K Feb 27 16:58 2025101306
082327.857: [08:23:27]drwxrwxr-x    2 sambauser sambauser 4.0K Feb 27 16:58 2025101307
082327.857: [08:23:27]drwxrwxr-x    2 sambauser sambauser 4.0K Feb 27 16:58 2025101309
082327.858: [08:23:27]drwxrwxr-x    2 sambauser sambauser 4.0K Feb 27 16:58 2025101311
082327.858: [08:23:27]drwxrwxr-x    2 sambauser sambauser 4.0K Feb 27 16:58 2025101312
082327.858: [08:23:27]drwxrwxr-x    2 sambauser sambauser 4.0K Feb 27 16:58 2025101313
082327.858: [08:23:27]drwxrwxr-x    2 sambauser sambauser 4.0K Feb 27 16:58 2025101314
082327.858: [08:23:27]drwxrwxr-x    2 sambauser sambauser 4.0K Feb 27 16:58 2025101315
082327.858: [08:23:27]drwxrwxr-x    2 sambauser sambauser 4.0K Feb 27 16:58 2025101316
082327.858: [08:23:27]drwxrwxr-x    2 sambauser sambauser 4.0K Feb 27 16:58 2025101317
082327.858: [08:23:27]drwxrwxr-x    2 sambauser sambauser 4.0K Feb 27 16:58 2025101319
082327.858: [08:23:27]drwxrwxr-x    2 sambauser sambauser 4.0K Feb 27 16:58 2025101320
082327.858: [08:23:27]drwxrwxr-x    2 sambauser sambauser 4.0K Feb 27 16:58 2025101321
082327.858: [08:23:27]drwxrwxr-x    2 sambauser sambauser 4.0K Feb 27 16:58 2025101322
082327.858: [08:23:27]drwxrwxr-x    2 sambauser sambauser 4.0K Feb 27 16:58 2025101323
082327.858: [08:23:27]drwxrwxr-x    2 sambauser sambauser 4.0K Feb 27 16:58 2025101400
082327.858: [08:23:27]drwxrwxr-x    2 sambauser sambauser 4.0K Feb 27 16:58 2025101401
082327.858: [08:23:27]drwxrwxr-x    2 sambauser sambauser 4.0K Feb 27 16:58 2025101402
082327.858: [08:23:27]drwxrwxr-x    2 sambauser sambauser 4.0K Feb 27 16:58 2025101403
082327.858: [08:23:27]drwxrwxr-x    2 sambauser sambauser 4.0K Feb 27 16:58 2025101404
082327.858: [08:23:27]drwxrwxr-x    2 sambauser sambauser 4.0K Feb 27 16:58 2025101405
082327.858: [08:23:27]drwxrwxr-x    2 sambauser sambauser 4.0K Feb 27 16:58 2025101406
082327.858: [08:23:27]drwxrwxr-x    2 sambauser sambauser 4.0K Feb 27 16:58 2025101407
082327.858: [08:23:27]drwxrwxr-x    2 sambauser sambauser 4.0K Feb 27 16:58 2025101409
082327.858: [08:23:27]drwxrwxr-x    2 sambauser sambauser 4.0K Feb 27 16:58 2025101410
082327.858: [08:23:27]drwxrwxr-x    2 sambauser sambauser 4.0K Feb 27 16:58 2025101411
082327.858: [08:23:27]drwxrwxr-x    2 sambauser sambauser 4.0K Feb 27 16:58 2025101412
082327.858: [08:23:27]drwxrwxr-x    2 sambauser sambauser 4.0K Feb 27 16:58 2025101413
082327.858: [08:23:27]drwxrwxr-x    2 sambauser sambauser 4.0K Feb 27 16:58 2025101414
082327.859: [08:23:27]drwxrwxr-x    2 sambauser sambauser 4.0K Feb 27 16:58 2025101415
082327.859: [08:23:27]drwxrwxr-x    2 sambauser sambauser 4.0K Feb 27 16:58 2025101416
082327.859: [08:23:27]drwxrwxr-x    2 sambauser sambauser 4.0K Feb 27 16:58 2025101417
082327.859: [08:23:27]drwxrwxr-x    2 sambauser sambauser 4.0K Feb 27 16:58 2025101418
082327.859: [08:23:27]drwxrwxr-x    2 sambauser sambauser 4.0K Feb 27 16:58 2025101419
082327.859: [08:23:27]drwxrwxr-x    2 sambauser sambauser 4.0K Feb 27 16:58 2025101420
082327.859: [08:23:27]drwxrwxr-x    2 sambauser sambauser 4.0K Feb 27 16:58 2025101421
082327.859: [08:23:27]drwxrwxr-x    2 sambauser sambauser 4.0K Feb 27 16:58 2025101422
082327.859: [08:23:27]drwxrwxr-x    2 sambauser sambauser 4.0K Feb 27 16:58 2025101423
082327.859: [08:23:27]drwxrwxr-x    2 sambauser sambauser 4.0K Feb 27 16:58 2025101500
082327.859: [08:23:27]drwxrwxr-x    2 sambauser sambauser 4.0K Feb 27 16:58 2025101501
082327.859: [08:23:27]drwxrwxr-x    2 sambauser sambauser 4.0K Feb 27 16:58 2025101502
082327.859: [08:23:27]drwxrwxr-x    2 sambauser sambauser 4.0K Feb 27 16:58 2025101503
082327.859: [08:23:27]drwxrwxr-x    2 sambauser sambauser 4.0K Feb 27 16:58 2025101504
082327.859: [08:23:27]drwxrwxr-x    2 sambauser sambauser 4.0K Feb 27 16:58 2025101505
082327.859: [08:23:27]drwxrwxr-x    2 sambauser sambauser 4.0K Feb 27 16:58 2025101506
082327.859: [08:23:27]drwxrwxr-x    2 sambauser sambauser 4.0K Feb 27 16:58 2025101507
082327.859: [08:23:27]drwxrwxr-x    2 sambauser sambauser 4.0K Feb 27 16:58 2025101510
082327.859: [08:23:27]drwxrwxr-x    2 sambauser sambauser 4.0K Feb 27 16:59 2025101512
082327.859: [08:23:27]drwxrwxr-x    2 sambauser sambauser 4.0K Feb 27 16:59 2025101513
082327.859: [08:23:27]drwxrwxr-x    2 sambauser sambauser 4.0K Feb 27 16:59 2025101516
082327.859: [08:23:27]drwxrwxr-x    2 sambauser sambauser 4.0K Feb 27 16:59 2025101517
082327.859: [08:23:27]drwxrwxr-x    2 sambauser sambauser 4.0K Feb 27 16:59 2025101518
082327.859: [08:23:27]drwxrwxr-x    2 sambauser sambauser 4.0K Feb 27 16:59 2025101519
082327.859: [08:23:27]drwxrwxr-x    2 sambauser sambauser 4.0K Feb 27 16:59 2025101520
082327.859: [08:23:27]drwxrwxr-x    2 sambauser sambauser 4.0K Feb 27 16:59 2025101521
082327.859: [08:23:27]drwxrwxr-x    2 sambauser sambauser 4.0K Feb 27 16:59 2025101522
082327.860: [08:23:27]drwxrwxr-x    2 sambauser sambauser 4.0K Feb 27 16:59 2025101523
082327.860: [08:23:27]drwxrwxr-x    2 sambauser sambauser 4.0K Feb 27 16:59 2025101600
082327.860: [08:23:27]drwxrwxr-x    2 sambauser sambauser 4.0K Feb 27 16:59 2025101601
082327.860: [08:23:27]drwxrwxr-x    2 sambauser sambauser 4.0K Feb 27 16:59 2025101602
082327.860: [08:23:27]drwxrwxr-x    2 sambauser sambauser 4.0K Feb 27 16:59 2025101603
082327.860: [08:23:27]drwxrwxr-x    2 sambauser sambauser 4.0K Feb 27 16:59 2025101604
082327.860: [08:23:27]drwxrwxr-x    2 sambauser sambauser 4.0K Feb 27 16:59 2025101605
082327.860: [08:23:27]drwxrwxr-x    2 sambauser sambauser 4.0K Feb 27 16:59 2025101606
082327.860: [08:23:27]drwxrwxr-x    2 sambauser sambauser 4.0K Feb 27 16:59 2025101607
082327.860: [08:23:27]drwxrwxr-x    2 sambauser sambauser 4.0K Feb 27 16:59 2025101610
082327.860: [08:23:27]drwxrwxr-x    2 sambauser sambauser 4.0K Feb 27 16:59 2025101617
082327.860: [08:23:27]drwxrwxr-x    2 sambauser sambauser 4.0K Feb 27 16:59 2025101618
082327.860: [08:23:27]drwxrwxr-x    2 sambauser sambauser 4.0K Feb 27 16:59 2025101619
082327.860: [08:23:27]drwxrwxr-x    2 sambauser sambauser 4.0K Feb 27 16:59 2025101620
082327.860: [08:23:27]drwxrwxr-x    2 sambauser sambauser 4.0K Feb 27 16:59 2025101621
082327.860: [08:23:27]drwxrwxr-x    2 sambauser sambauser 4.0K Feb 27 16:59 2025101622
082327.860: [08:23:27]drwxrwxr-x    2 sambauser sambauser 4.0K Feb 27 16:59 2025101623
082327.860: [08:23:27]drwxrwxr-x    2 sambauser sambauser 4.0K Feb 27 16:59 2025101700
082327.860: [08:23:27]drwxrwxr-x    2 sambauser sambauser 4.0K Feb 27 16:59 2025101701
082327.860: [08:23:27]drwxrwxr-x    2 sambauser sambauser 4.0K Feb 27 16:59 2025101702
082327.860: [08:23:27]drwxrwxr-x    2 sambauser sambauser 4.0K Feb 27 16:59 2025101703
082327.860: [08:23:27]drwxrwxr-x    2 sambauser sambauser 4.0K Feb 27 16:59 2025101704
082327.860: [08:23:27]drwxrwxr-x    2 sambauser sambauser 4.0K Feb 27 16:59 2025101705
082327.860: [08:23:27]drwxrwxr-x    2 sambauser sambauser 4.0K Feb 27 16:59 2025101706
082327.860: [08:23:27]drwxrwxr-x    2 sambauser sambauser 4.0K Feb 27 16:59 2025101707
082327.861: [08:23:27]drwxrwxr-x    2 sambauser sambauser 4.0K Feb 27 16:59 2025101708
082327.861: [08:23:27]drwxrwxr-x    2 sambauser sambauser 4.0K Feb 27 16:59 2025101709
082327.861: [08:23:27]drwxrwxr-x    2 sambauser sambauser 4.0K Feb 27 16:59 2025101711
082327.861: [08:23:27]drwxrwxr-x    2 sambauser sambauser 4.0K Feb 27 16:59 2025101712
082327.861: [08:23:27]drwxrwxr-x    2 sambauser sambauser 4.0K Feb 27 16:59 2025101713
082327.861: [08:23:27]drwxrwxr-x    2 sambauser sambauser 4.0K Feb 27 16:59 2025101714
082327.861: [08:23:27]drwxrwxr-x    2 sambauser sambauser 4.0K Feb 27 16:59 2025101715
082327.861: [08:23:27]drwxrwxr-x    2 sambauser sambauser 4.0K Feb 27 16:59 2025101717
082327.861: [08:23:27]drwxrwxr-x    2 sambauser sambauser 4.0K Feb 27 16:59 2025101718
082327.861: [08:23:27]drwxrwxr-x    2 sambauser sambauser 4.0K Feb 27 16:59 2025101719
082327.861: [08:23:27]drwxrwxr-x    2 sambauser sambauser 4.0K Feb 27 16:59 2025101720
082327.861: [08:23:27]drwxrwxr-x    2 sambauser sambauser 4.0K Feb 27 16:59 2025101721
082327.861: [08:23:27]drwxrwxr-x    2 sambauser sambauser 4.0K Feb 27 16:59 2025101722
082327.861: [08:23:27]drwxrwxr-x    2 sambauser sambauser 4.0K Feb 27 16:59 2025101723
082327.861: [08:23:27]drwxrwxr-x    2 sambauser sambauser 4.0K Feb 27 16:59 2025101800
082327.861: [08:23:27]drwxrwxr-x    2 sambauser sambauser 4.0K Feb 27 16:59 2025101801
082327.861: [08:23:27]drwxrwxr-x    2 sambauser sambauser 4.0K Feb 27 16:59 2025101802
082327.861: [08:23:27]drwxrwxr-x    2 sambauser sambauser 4.0K Feb 27 16:59 2025101803
082327.861: [08:23:27]drwxrwxr-x    2 sambauser sambauser 4.0K Feb 27 16:59 2025101804
082327.861: [08:23:27]drwxrwxr-x    2 sambauser sambauser 4.0K Feb 27 16:59 2025101805
082327.861: [08:23:27]drwxrwxr-x    2 sambauser sambauser 4.0K Feb 27 16:59 2025101806
082327.861: [08:23:27]drwxrwxr-x    2 sambauser sambauser 4.0K Feb 27 16:59 2025101807
082327.861: [08:23:27]drwxrwxr-x    2 sambauser sambauser 4.0K Feb 27 16:59 2025101808
082327.861: [08:23:27]drwxrwxr-x    2 sambauser sambauser 4.0K Feb 27 16:59 2025101809
082327.861: [08:23:27]drwxrwxr-x    2 sambauser sambauser 4.0K Feb 27 16:59 2025101810
082327.861: [08:23:27]drwxrwxr-x    2 sambauser sambauser 4.0K Feb 27 16:59 2025101811
082327.861: [08:23:27]drwxrwxr-x    2 sambauser sambauser 4.0K Feb 27 16:59 2025101815
082327.861: [08:23:27]drwxrwxr-x    2 sambauser sambauser 4.0K Feb 27 16:59 2025101817
082327.861: [08:23:27]drwxrwxr-x    2 sambauser sambauser 4.0K Feb 27 16:59 2025101818
082327.861: [08:23:27]drwxrwxr-x    2 sambauser sambauser 4.0K Feb 27 16:59 2025101819
082327.861: [08:23:27]drwxrwxr-x    2 sambauser sambauser 4.0K Feb 27 16:59 2025101820
082327.861: [08:23:27]drwxrwxr-x    2 sambauser sambauser 4.0K Feb 27 16:59 2025101821
082327.861: [08:23:27]drwxrwxr-x    2 sambauser sambauser 4.0K Feb 27 16:59 2025101822
082327.862: [08:23:27]drwxrwxr-x    2 sambauser sambauser 4.0K Feb 27 16:59 2025101823
082327.862: [08:23:27]drwxrwxr-x    2 sambauser sambauser 4.0K Feb 27 16:59 2025101900
082327.862: [08:23:27]drwxrwxr-x    2 sambauser sambauser 4.0K Feb 27 16:59 2025101901
082327.862: [08:23:27]drwxrwxr-x    2 sambauser sambauser 4.0K Feb 27 16:59 2025101902
082327.862: [08:23:27]drwxrwxr-x    2 sambauser sambauser 4.0K Feb 27 16:59 2025101903
082327.862: [08:23:27]drwxrwxr-x    2 sambauser sambauser 4.0K Feb 27 16:59 2025101904
082327.862: [08:23:27]drwxrwxr-x    2 sambauser sambauser 4.0K Feb 27 16:59 2025101905
082327.862: [08:23:27]drwxrwxr-x    2 sambauser sambauser 4.0K Feb 27 16:59 2025101906
082327.862: [08:23:27]drwxrwxr-x    2 sambauser sambauser 4.0K Feb 27 16:59 2025101907
082327.862: [08:23:27]drwxrwxr-x    2 sambauser sambauser 4.0K Feb 27 16:59 2025101908
082327.862: [08:23:27]drwxrwxr-x    2 sambauser sambauser 4.0K Feb 27 16:59 2025101911
082327.862: [08:23:27]drwxrwxr-x    2 sambauser sambauser 4.0K Feb 27 16:59 2025101913
082327.862: [08:23:27]drwxrwxr-x    2 sambauser sambauser 4.0K Feb 27 16:59 2025101914
082327.862: [08:23:27]drwxrwxr-x    2 sambauser sambauser 4.0K Feb 27 16:59 2025101915
082327.862: [08:23:27]drwxrwxr-x    2 sambauser sambauser 4.0K Feb 27 16:59 2025101916
082327.862: [08:23:27]drwxrwxr-x    2 sambauser sambauser 4.0K Feb 27 16:59 2025101917
082327.862: [08:23:27]drwxrwxr-x    2 sambauser sambauser 4.0K Feb 27 16:59 2025101918
082327.862: [08:23:27]drwxrwxr-x    2 sambauser sambauser 4.0K Feb 27 16:59 2025101919
082327.862: [08:23:27]drwxrwxr-x    2 sambauser sambauser 4.0K Feb 27 16:59 2025101920
082327.862: [08:23:27]drwxrwxr-x    2 sambauser sambauser 4.0K Feb 27 16:59 2025101921
082327.862: [08:23:27]drwxrwxr-x    2 sambauser sambauser 4.0K Feb 27 16:59 2025101922
082327.862: [08:23:27]drwxrwxr-x    2 sambauser sambauser 4.0K Feb 27 16:59 2025101923
082327.862: [08:23:27]drwxrwxr-x    2 sambauser sambauser 4.0K Feb 27 16:59 2025102000
082327.862: [08:23:27]drwxrwxr-x    2 sambauser sambauser 4.0K Feb 27 16:59 2025102001
082327.863: [08:23:27]drwxrwxr-x    2 sambauser sambauser 4.0K Feb 27 16:59 2025102002
082327.863: [08:23:27]drwxrwxr-x    2 sambauser sambauser 4.0K Feb 27 16:59 2025102003
082327.863: [08:23:27]drwxrwxr-x    2 sambauser sambauser 4.0K Feb 27 16:59 2025102004
082327.863: [08:23:27]drwxrwxr-x    2 sambauser sambauser 4.0K Feb 27 16:59 2025102005
082327.863: [08:23:27]drwxrwxr-x    2 sambauser sambauser 4.0K Feb 27 16:59 2025102006
082327.863: [08:23:27]drwxrwxr-x    2 sambauser sambauser 4.0K Feb 27 16:59 2025102007
082327.863: [08:23:27]drwxrwxr-x    2 sambauser sambauser 4.0K Feb 27 16:59 2025102008
082327.863: [08:23:27]drwxrwxr-x    2 sambauser sambauser 4.0K Feb 27 16:59 2025102010
082327.863: [08:23:27]drwxrwxr-x    2 sambauser sambauser 4.0K Feb 27 16:59 2025102015
082327.863: [08:23:27]drwxrwxr-x    2 sambauser sambauser 4.0K Feb 27 16:59 2025102017
082327.863: [08:23:27]drwxrwxr-x    2 sambauser sambauser 4.0K Feb 27 16:59 2025102018
082327.863: [08:23:27]drwxrwxr-x    2 sambauser sambauser 4.0K Feb 27 16:59 2025102019
082327.863: [08:23:27]drwxrwxr-x    2 sambauser sambauser 4.0K Feb 27 16:59 2025102020
082327.863: [08:23:27]drwxrwxr-x    2 sambauser sambauser 4.0K Feb 27 16:59 2025102021
082327.863: [08:23:27]drwxrwxr-x    2 sambauser sambauser 4.0K Feb 27 16:59 2025102022
082327.863: [08:23:27]drwxrwxr-x    2 sambauser sambauser 4.0K Feb 27 16:59 2025102023
082327.863: [08:23:27]drwxrwxr-x    2 sambauser sambauser 4.0K Feb 27 17:00 2025102100
082327.863: [08:23:27]drwxrwxr-x    2 sambauser sambauser 4.0K Feb 27 17:00 2025102101
082327.863: [08:23:27]drwxrwxr-x    2 sambauser sambauser 4.0K Feb 27 17:00 2025102102
082327.863: [08:23:27]drwxrwxr-x    2 sambauser sambauser 4.0K Feb 27 17:00 2025102103
082327.863: [08:23:27]drwxrwxr-x    2 sambauser sambauser 4.0K Feb 27 17:00 2025102104
082327.863: [08:23:27]drwxrwxr-x    2 sambauser sambauser 4.0K Feb 27 17:00 2025102105
082327.863: [08:23:27]drwxrwxr-x    2 sambauser sambauser 4.0K Feb 27 17:00 2025102106
082327.863: [08:23:27]drwxrwxr-x    2 sambauser sambauser 4.0K Feb 27 17:00 2025102107
082327.863: [08:23:27]drwxrwxr-x    2 sambauser sambauser 4.0K Feb 27 17:00 2025102111
082327.863: [08:23:27]drwxrwxr-x    2 sambauser sambauser 4.0K Feb 27 17:00 2025102112
082327.863: [08:23:27]drwxrwxr-x    2 sambauser sambauser 4.0K Feb 27 17:00 2025102113
082327.864: [08:23:27]drwxrwxr-x    2 sambauser sambauser 4.0K Feb 27 17:00 2025102114
082327.864: [08:23:27]drwxrwxr-x    2 sambauser sambauser 4.0K Feb 27 17:00 2025102116
082327.864: [08:23:27]drwxrwxr-x    2 sambauser sambauser 4.0K Feb 27 17:00 2025102117
082327.864: [08:23:27]drwxrwxr-x    2 sambauser sambauser 4.0K Feb 27 17:00 2025102118
082327.864: [08:23:27]drwxrwxr-x    2 sambauser sambauser 4.0K Feb 27 17:00 2025102119
082327.864: [08:23:27]drwxrwxr-x    2 sambauser sambauser 4.0K Feb 27 17:00 2025102120
082327.864: [08:23:27]drwxrwxr-x    2 sambauser sambauser 4.0K Feb 27 17:00 2025102121
082327.864: [08:23:27]drwxrwxr-x    2 sambauser sambauser 4.0K Feb 27 17:00 2025102122
082327.864: [08:23:27]drwxrwxr-x    2 sambauser sambauser 4.0K Feb 27 17:00 2025102123
082327.864: [08:23:27]drwxrwxr-x    2 sambauser sambauser 4.0K Feb 27 17:00 2025102200
082327.864: [08:23:27]drwxrwxr-x    2 sambauser sambauser 4.0K Feb 27 17:00 2025102201
082327.864: [08:23:27]drwxrwxr-x    2 sambauser sambauser 4.0K Feb 27 17:00 2025102202
082327.864: [08:23:27]drwxrwxr-x    2 sambauser sambauser 4.0K Feb 27 17:00 2025102203
082327.864: [08:23:27]drwxrwxr-x    2 sambauser sambauser 4.0K Feb 27 17:00 2025102204
082327.864: [08:23:27]drwxrwxr-x    2 sambauser sambauser 4.0K Feb 27 17:00 2025102205
082327.864: [08:23:27]drwxrwxr-x    2 sambauser sambauser 4.0K Feb 27 17:00 2025102206
082327.864: [08:23:27]drwxrwxr-x    2 sambauser sambauser 4.0K Feb 27 17:00 2025102207
082327.864: [08:23:27]drwxrwxr-x    2 sambauser sambauser 4.0K Feb 27 17:00 2025102209
082327.864: [08:23:27]drwxrwxr-x    2 sambauser sambauser 4.0K Feb 27 17:00 2025102212
082327.864: [08:23:27]drwxrwxr-x    2 sambauser sambauser 4.0K Feb 27 17:00 2025102213
082327.864: [08:23:27]drwxrwxr-x    2 sambauser sambauser 4.0K Feb 27 17:00 2025102214
082327.864: [08:23:27]drwxrwxr-x    2 sambauser sambauser 4.0K Feb 27 17:00 2025102216
082327.865: [08:23:27]drwxrwxr-x    2 sambauser sambauser 4.0K Feb 27 17:00 2025102217
082327.865: [08:23:27]drwxrwxr-x    2 sambauser sambauser 4.0K Feb 27 17:00 2025102218
082327.865: [08:23:27]drwxrwxr-x    2 sambauser sambauser 4.0K Feb 27 17:00 2025102219
082327.865: [08:23:27]drwxrwxr-x    2 sambauser sambauser 4.0K Feb 27 17:00 2025102220
082327.865: [08:23:27]drwxrwxr-x    2 sambauser sambauser 4.0K Feb 27 17:00 2025102221
082327.865: [08:23:27]drwxrwxr-x    2 sambauser sambauser 4.0K Feb 27 17:00 2025102222
082327.865: [08:23:27]drwxrwxr-x    2 sambauser sambauser 4.0K Feb 27 17:00 2025102223
082327.865: [08:23:27]drwxrwxr-x    2 sambauser sambauser 4.0K Feb 27 17:00 2025102300
082327.865: [08:23:27]drwxrwxr-x    2 sambauser sambauser 4.0K Feb 27 17:00 2025102301
082327.865: [08:23:27]drwxrwxr-x    2 sambauser sambauser 4.0K Feb 27 17:00 2025102302
082327.865: [08:23:27]drwxrwxr-x    2 sambauser sambauser 4.0K Feb 27 17:00 2025102303
082327.865: [08:23:27]drwxrwxr-x    2 sambauser sambauser 4.0K Feb 27 17:00 2025102304
082327.865: [08:23:27]drwxrwxr-x    2 sambauser sambauser 4.0K Feb 27 17:00 2025102305
082327.865: [08:23:27]drwxrwxr-x    2 sambauser sambauser 4.0K Feb 27 17:00 2025102306
082327.865: [08:23:27]drwxrwxr-x    2 sambauser sambauser 4.0K Feb 27 17:00 2025102307
082327.865: [08:23:27]drwxrwxr-x    2 sambauser sambauser 4.0K Feb 27 17:00 2025102308
082327.865: [08:23:27]drwxrwxr-x    2 sambauser sambauser 4.0K Feb 27 17:00 2025102309
082327.865: [08:23:27]drwxrwxr-x    2 sambauser sambauser 4.0K Feb 27 17:00 2025102310
082327.865: [08:23:27]drwxrwxr-x    2 sambauser sambauser 4.0K Feb 27 17:00 2025102311
082327.865: [08:23:27]drwxrwxr-x    2 sambauser sambauser 4.0K Feb 27 17:00 2025102312
082327.865: [08:23:27]drwxrwxr-x    2 sambauser sambauser 4.0K Feb 27 17:00 2025102313
082327.865: [08:23:27]drwxrwxr-x    2 sambauser sambauser 4.0K Feb 27 17:00 2025102316
082327.865: [08:23:27]drwxrwxr-x    2 sambauser sambauser 4.0K Feb 27 17:00 2025102317
082327.865: [08:23:27]drwxrwxr-x    2 sambauser sambauser 4.0K Feb 27 17:00 2025102318
082327.865: [08:23:27]drwxrwxr-x    2 sambauser sambauser 4.0K Feb 27 17:00 2025102319
082327.866: [08:23:27]drwxrwxr-x    2 sambauser sambauser 4.0K Feb 27 17:00 2025102320
082327.866: [08:23:27]drwxrwxr-x    2 sambauser sambauser 4.0K Feb 27 17:00 2025102321
082327.866: [08:23:27]drwxrwxr-x    2 sambauser sambauser 4.0K Feb 27 17:00 2025102322
082327.866: [08:23:27]drwxrwxr-x    2 sambauser sambauser 4.0K Feb 27 17:00 2025102323
082327.866: [08:23:27]drwxrwxr-x    2 sambauser sambauser 4.0K Feb 27 17:00 2025102401
082327.866: [08:23:27]drwxrwxr-x    2 sambauser sambauser 4.0K Feb 27 17:00 2025102402
082327.866: [08:23:27]drwxrwxr-x    2 sambauser sambauser 4.0K Feb 27 17:00 2025102403
082327.866: [08:23:27]drwxrwxr-x    2 sambauser sambauser 4.0K Feb 27 17:00 2025102404
082327.866: [08:23:27]drwxrwxr-x    2 sambauser sambauser 4.0K Feb 27 17:00 2025102405
082327.866: [08:23:27]drwxrwxr-x    2 sambauser sambauser 4.0K Feb 27 17:00 2025102406
082327.866: [08:23:27]drwxrwxr-x    2 sambauser sambauser 4.0K Feb 27 17:00 2025102407
082327.866: [08:23:27]drwxrwxr-x    2 sambauser sambauser 4.0K Feb 27 17:00 2025102408
082327.866: [08:23:27]drwxrwxr-x    2 sambauser sambauser 4.0K Feb 27 17:00 2025102409
082327.866: [08:23:27]drwxrwxr-x    2 sambauser sambauser 4.0K Feb 27 17:00 2025102411
082327.866: [08:23:27]drwxrwxr-x    2 sambauser sambauser 4.0K Feb 27 17:00 2025102413
082327.866: [08:23:27]drwxrwxr-x    2 sambauser sambauser 4.0K Feb 27 17:00 2025102414
082327.866: [08:23:27]drwxrwxr-x    2 sambauser sambauser 4.0K Feb 27 17:00 2025102417
082327.866: [08:23:27]drwxrwxr-x    2 sambauser sambauser 4.0K Feb 27 17:00 2025102418
082327.866: [08:23:27]drwxrwxr-x    2 sambauser sambauser 4.0K Feb 27 17:00 2025102419
082327.866: [08:23:27]drwxrwxr-x    2 sambauser sambauser 4.0K Feb 27 17:01 2025102420
082327.866: [08:23:27]drwxrwxr-x    2 sambauser sambauser 4.0K Feb 27 17:01 2025102421
082327.866: [08:23:27]drwxrwxr-x    2 sambauser sambauser 4.0K Feb 27 17:01 2025102422
082327.866: [08:23:27]drwxrwxr-x    2 sambauser sambauser 4.0K Feb 27 17:01 2025102423
082327.867: [08:23:27]drwxrwxr-x    2 sambauser sambauser 4.0K Feb 27 17:01 2025102500
082327.867: [08:23:27]drwxrwxr-x    2 sambauser sambauser 4.0K Feb 27 17:01 2025102501
082327.867: [08:23:27]drwxrwxr-x    2 sambauser sambauser 4.0K Feb 27 17:01 2025102502
082327.867: [08:23:27]drwxrwxr-x    2 sambauser sambauser 4.0K Feb 27 17:01 2025102503
082327.867: [08:23:27]drwxrwxr-x    2 sambauser sambauser 4.0K Feb 27 17:01 2025102504
082327.867: [08:23:27]drwxrwxr-x    2 sambauser sambauser 4.0K Feb 27 17:01 2025102505
082327.867: [08:23:27]drwxrwxr-x    2 sambauser sambauser 4.0K Feb 27 17:01 2025102506
082327.867: [08:23:27]drwxrwxr-x    2 sambauser sambauser 4.0K Feb 27 17:01 2025102507
082327.867: [08:23:27]drwxrwxr-x    2 sambauser sambauser 4.0K Feb 27 17:01 2025102508
082327.867: [08:23:27]drwxrwxr-x    2 sambauser sambauser 4.0K Feb 27 17:01 2025102516
082327.867: [08:23:27]drwxrwxr-x    2 sambauser sambauser 4.0K Feb 27 17:01 2025102517
082327.867: [08:23:27]drwxrwxr-x    2 sambauser sambauser 4.0K Feb 27 17:01 2025102518
082327.867: [08:23:27]drwxrwxr-x    2 sambauser sambauser 4.0K Feb 27 17:01 2025102519
082327.867: [08:23:27]drwxrwxr-x    2 sambauser sambauser 4.0K Feb 27 17:01 2025102520
082327.867: [08:23:27]drwxrwxr-x    2 sambauser sambauser 4.0K Feb 27 17:01 2025102521
082327.867: [08:23:27]drwxrwxr-x    2 sambauser sambauser 4.0K Feb 27 17:01 2025102522
082327.867: [08:23:27]drwxrwxr-x    2 sambauser sambauser 4.0K Feb 27 17:01 2025102600
082327.867: [08:23:27]drwxrwxr-x    2 sambauser sambauser 4.0K Feb 27 17:01 2025102601
082327.867: [08:23:27]drwxrwxr-x    2 sambauser sambauser 4.0K Feb 27 17:01 2025102602
082327.867: [08:23:27]drwxrwxr-x    2 sambauser sambauser 4.0K Feb 27 17:01 2025102604
082327.867: [08:23:27]drwxrwxr-x    2 sambauser sambauser 4.0K Feb 27 17:01 2025102606
082327.867: [08:23:27]drwxrwxr-x    2 sambauser sambauser 4.0K Feb 27 17:01 2025102607
082327.867: [08:23:27]drwxrwxr-x    2 sambauser sambauser 4.0K Feb 27 17:01 2025102608
082327.867: [08:23:27]drwxrwxr-x    2 sambauser sambauser 4.0K Feb 27 17:01 2025102613
082327.868: [08:23:27]drwxrwxr-x    2 sambauser sambauser 4.0K Feb 27 17:01 2025102614
082327.868: [08:23:27]drwxrwxr-x    2 sambauser sambauser 4.0K Feb 27 17:01 2025102615
082327.868: [08:23:27]drwxrwxr-x    2 sambauser sambauser 4.0K Feb 27 17:01 2025102616
082327.868: [08:23:27]drwxrwxr-x    2 sambauser sambauser 4.0K Feb 27 17:01 2025102617
082327.868: [08:23:27]drwxrwxr-x    2 sambauser sambauser 4.0K Feb 27 17:01 2025102618
082327.868: [08:23:27]drwxrwxr-x    2 sambauser sambauser 4.0K Feb 27 17:01 2025102619
082327.868: [08:23:27]drwxrwxr-x    2 sambauser sambauser 4.0K Feb 27 17:01 2025102620
082327.868: [08:23:27]drwxrwxr-x    2 sambauser sambauser 4.0K Feb 27 17:01 2025102621
082327.868: [08:23:27]drwxrwxr-x    2 sambauser sambauser 4.0K Feb 27 17:01 2025102622
082327.868: [08:23:27]drwxrwxr-x    2 sambauser sambauser 4.0K Feb 27 17:01 2025102701
082327.868: [08:23:27]drwxrwxr-x    2 sambauser sambauser 4.0K Feb 27 17:01 2025102702
082327.868: [08:23:27]drwxrwxr-x    2 sambauser sambauser 4.0K Feb 27 17:01 2025102706
082327.868: [08:23:27]drwxrwxr-x    2 sambauser sambauser 4.0K Feb 27 17:01 2025102707
082327.868: [08:23:27]drwxrwxr-x    2 sambauser sambauser 4.0K Feb 27 17:01 2025102709
082327.868: [08:23:27]drwxrwxr-x    2 sambauser sambauser 4.0K Feb 27 17:01 2025102711
082327.868: [08:23:27]drwxrwxr-x    2 sambauser sambauser 4.0K Feb 27 17:01 2025102712
082327.868: [08:23:27]drwxrwxr-x    2 sambauser sambauser 4.0K Feb 27 17:01 2025102713
082327.868: [08:23:27]drwxrwxr-x    2 sambauser sambauser 4.0K Feb 27 17:01 2025102714
082327.868: [08:23:27]drwxrwxr-x    2 sambauser sambauser 4.0K Feb 27 17:01 2025102715
082327.868: [08:23:27]drwxrwxr-x    2 sambauser sambauser 4.0K Feb 27 17:01 2025102716
082327.868: [08:23:27]drwxrwxr-x    2 sambauser sambauser 4.0K Feb 27 17:01 2025102717
082327.868: [08:23:27]drwxrwxr-x    2 sambauser sambauser 4.0K Feb 27 17:01 2025102718
082327.868: [08:23:27]drwxrwxr-x    2 sambauser sambauser 4.0K Feb 27 17:01 2025102719
082327.868: [08:23:27]drwxrwxr-x    2 sambauser sambauser 4.0K Feb 27 17:01 2025102720
082327.868: [08:23:27]drwxrwxr-x    2 sambauser sambauser 4.0K Feb 27 17:01 2025102721
082327.868: [08:23:27]drwxrwxr-x    2 sambauser sambauser 4.0K Feb 27 17:01 2025102722
082327.868: [08:23:27]drwxrwxr-x    2 sambauser sambauser 4.0K Feb 27 17:01 2025102723
082327.868: [08:23:27]drwxrwxr-x    2 sambauser sambauser 4.0K Feb 27 17:01 2025102800
082327.868: [08:23:27]drwxrwxr-x    2 sambauser sambauser 4.0K Feb 27 17:01 2025102801
082327.869: [08:23:27]drwxrwxr-x    2 sambauser sambauser 4.0K Feb 27 17:01 2025102802
082327.869: [08:23:27]drwxrwxr-x    2 sambauser sambauser 4.0K Feb 27 17:01 2025102803
082327.869: [08:23:27]drwxrwxr-x    2 sambauser sambauser 4.0K Feb 27 17:01 2025102804
082327.869: [08:23:27]drwxrwxr-x    2 sambauser sambauser 4.0K Feb 27 17:01 2025102805
082327.869: [08:23:27]drwxrwxr-x    2 sambauser sambauser 4.0K Feb 27 17:01 2025102806
082327.869: [08:23:27]drwxrwxr-x    2 sambauser sambauser 4.0K Feb 27 17:01 2025102807
082327.869: [08:23:27]drwxrwxr-x    2 sambauser sambauser 4.0K Feb 27 17:01 2025102811
082327.869: [08:23:27]drwxrwxr-x    2 sambauser sambauser 4.0K Feb 27 17:01 2025102812
082327.869: [08:23:27]drwxrwxr-x    2 sambauser sambauser 4.0K Feb 27 17:01 2025102813
082327.869: [08:23:27]drwxrwxr-x    2 sambauser sambauser 4.0K Feb 27 17:01 2025102814
082327.869: [08:23:27]drwxrwxr-x    2 sambauser sambauser 4.0K Feb 27 17:01 2025102815
082327.869: [08:23:27]drwxrwxr-x    2 sambauser sambauser 4.0K Feb 27 17:01 2025102817
082327.869: [08:23:27]drwxrwxr-x    2 sambauser sambauser 4.0K Feb 27 17:01 2025102818
082327.869: [08:23:27]drwxrwxr-x    2 sambauser sambauser 4.0K Feb 27 17:01 2025102819
082327.869: [08:23:27]drwxrwxr-x    2 sambauser sambauser 4.0K Feb 27 17:01 2025102820
082327.869: [08:23:27]drwxrwxr-x    2 sambauser sambauser 4.0K Feb 27 17:01 2025102821
082327.869: [08:23:27]drwxrwxr-x    2 sambauser sambauser 4.0K Feb 27 17:01 2025102822
082327.869: [08:23:27]drwxrwxr-x    2 sambauser sambauser 4.0K Feb 27 17:01 2025102823
082327.869: [08:23:27]drwxrwxr-x    2 sambauser sambauser 4.0K Feb 27 17:01 2025102900
082327.869: [08:23:27]drwxrwxr-x    2 sambauser sambauser 4.0K Feb 27 17:01 2025102901
082327.869: [08:23:27]drwxrwxr-x    2 sambauser sambauser 4.0K Feb 27 17:01 2025102902
082327.870: [08:23:27]drwxrwxr-x    2 sambauser sambauser 4.0K Feb 27 17:01 2025102903
082327.870: [08:23:27]drwxrwxr-x    2 sambauser sambauser 4.0K Feb 27 17:01 2025102904
082327.870: [08:23:27]drwxrwxr-x    2 sambauser sambauser 4.0K Feb 27 17:01 2025102905
082327.870: [08:23:27]drwxrwxr-x    2 sambauser sambauser 4.0K Feb 27 17:01 2025102906
082327.870: [08:23:27]drwxrwxr-x    2 sambauser sambauser 4.0K Feb 27 17:01 2025102907
082327.870: [08:23:27]drwxrwxr-x    2 sambauser sambauser 4.0K Feb 27 17:01 2025102908
082327.870: [08:23:27]drwxrwxr-x    2 sambauser sambauser 4.0K Feb 27 17:01 2025102909
082327.870: [08:23:27]drwxrwxr-x    2 sambauser sambauser 4.0K Feb 27 17:01 2025102910
082327.870: [08:23:27]drwxrwxr-x    2 sambauser sambauser 4.0K Feb 27 17:01 2025102911
082327.870: [08:23:27]drwxrwxr-x    2 sambauser sambauser 4.0K Feb 27 17:01 2025102913
082327.870: [08:23:27]drwxrwxr-x    2 sambauser sambauser 4.0K Feb 27 17:01 2025102914
082327.870: [08:23:27]drwxrwxr-x    2 sambauser sambauser 4.0K Feb 27 17:01 2025102915
082327.870: [08:23:27]drwxrwxr-x    2 sambauser sambauser 4.0K Feb 27 17:01 2025102916
082327.870: [08:23:27]drwxrwxr-x    2 sambauser sambauser 4.0K Feb 27 17:01 2025102917
082327.870: [08:23:27]drwxrwxr-x    2 sambauser sambauser 4.0K Feb 27 17:01 2025102918
082327.870: [08:23:27]drwxrwxr-x    2 sambauser sambauser 4.0K Feb 27 17:01 2025102919
082327.870: [08:23:27]drwxrwxr-x    2 sambauser sambauser 4.0K Feb 27 17:02 2025102920
082327.870: [08:23:27]drwxrwxr-x    2 sambauser sambauser 4.0K Feb 27 17:02 2025102921
082327.870: [08:23:27]drwxrwxr-x    2 sambauser sambauser 4.0K Feb 27 17:02 2025102922
082327.870: [08:23:27]drwxrwxr-x    2 sambauser sambauser 4.0K Feb 27 17:02 2025102923
082327.870: [08:23:27]drwxrwxr-x    2 sambauser sambauser 4.0K Feb 27 17:02 2025103000
082327.871: [08:23:27]drwxrwxr-x    2 sambauser sambauser 4.0K Feb 27 17:02 2025103001
082327.871: [08:23:27]drwxrwxr-x    2 sambauser sambauser 4.0K Feb 27 17:02 2025103002
082327.871: [08:23:27]drwxrwxr-x    2 sambauser sambauser 4.0K Feb 27 17:02 2025103003
082327.871: [08:23:27]drwxrwxr-x    2 sambauser sambauser 4.0K Feb 27 17:02 2025103004
082327.871: [08:23:27]drwxrwxr-x    2 sambauser sambauser 4.0K Feb 27 17:02 2025103005
082327.871: [08:23:27]drwxrwxr-x    2 sambauser sambauser 4.0K Feb 27 17:02 2025103006
082327.871: [08:23:27]drwxrwxr-x    2 sambauser sambauser 4.0K Feb 27 17:02 2025103007
082327.871: [08:23:27]drwxrwxr-x    2 sambauser sambauser 4.0K Feb 27 17:02 2025103008
082327.871: [08:23:27]drwxrwxr-x    2 sambauser sambauser 4.0K Feb 27 17:02 2025103009
082327.871: [08:23:27]drwxrwxr-x    2 sambauser sambauser 4.0K Feb 27 17:02 2025103011
082327.871: [08:23:27]drwxrwxr-x    2 sambauser sambauser 4.0K Feb 27 17:02 2025103012
082327.871: [08:23:27]drwxrwxr-x    2 sambauser sambauser 4.0K Feb 27 17:02 2025103015
082327.871: [08:23:27]drwxrwxr-x    2 sambauser sambauser 4.0K Feb 27 17:02 2025103017
082327.871: [08:23:27]drwxrwxr-x    2 sambauser sambauser 4.0K Feb 27 17:02 2025103018
082327.871: [08:23:27]drwxrwxr-x    2 sambauser sambauser 4.0K Feb 27 17:02 2025103019
082327.871: [08:23:27]drwxrwxr-x    2 sambauser sambauser 4.0K Feb 27 17:02 2025103020
082327.871: [08:23:27]drwxrwxr-x    2 sambauser sambauser 4.0K Feb 27 17:02 2025103021
082327.871: [08:23:27]drwxrwxr-x    2 sambauser sambauser 4.0K Feb 27 17:02 2025103022
082327.871: [08:23:27]drwxrwxr-x    2 sambauser sambauser 4.0K Feb 27 17:02 2025103023
082327.871: [08:23:27]drwxrwxr-x    2 sambauser sambauser 4.0K Feb 27 17:02 2025103100
082327.871: [08:23:27]drwxrwxr-x    2 sambauser sambauser 4.0K Feb 27 17:02 2025103101
082327.871: [08:23:27]drwxrwxr-x    2 sambauser sambauser 4.0K Feb 27 17:02 2025103102
082327.871: [08:23:27]drwxrwxr-x    2 sambauser sambauser 4.0K Feb 27 17:02 2025103103
082327.871: [08:23:27]drwxrwxr-x    2 sambauser sambauser 4.0K Feb 27 17:02 2025103104
082327.871: [08:23:27]drwxrwxr-x    2 sambauser sambauser 4.0K Feb 27 17:02 2025103105
082327.871: [08:23:27]drwxrwxr-x    2 sambauser sambauser 4.0K Feb 27 17:02 2025103106
082327.872: [08:23:27]drwxrwxr-x    2 sambauser sambauser 4.0K Feb 27 17:02 2025103107
082327.872: [08:23:27]drwxrwxr-x    2 sambauser sambauser 4.0K Feb 27 17:02 2025103108
082327.872: [08:23:27]drwxrwxr-x    2 sambauser sambauser 4.0K Feb 27 17:02 2025103109
082327.872: [08:23:27]drwxrwxr-x    2 sambauser sambauser 4.0K Feb 27 17:02 2025103111
082327.872: [08:23:27]drwxrwxr-x    2 sambauser sambauser 4.0K Feb 27 17:02 2025103117
082327.872: [08:23:27]drwxrwxr-x    2 sambauser sambauser 4.0K Feb 27 17:02 2025103118
082327.872: [08:23:27]drwxrwxr-x    2 sambauser sambauser 4.0K Feb 27 17:02 2025103119
082327.872: [08:23:27]drwxrwxr-x    2 sambauser sambauser 4.0K Feb 27 17:02 2025103120
082327.872: [08:23:27]drwxrwxr-x    2 sambauser sambauser 4.0K Feb 27 17:02 2025103121
082327.872: [08:23:27]drwxrwxr-x    2 sambauser sambauser 4.0K Feb 27 17:02 2025103122
082327.872: [08:23:27]drwxrwxr-x    2 sambauser sambauser 4.0K Feb 27 17:02 2025110100
082327.872: [08:23:27]drwxrwxr-x    2 sambauser sambauser 4.0K Feb 27 17:02 2025110101
082327.872: [08:23:27]drwxrwxr-x    2 sambauser sambauser 4.0K Feb 27 17:02 2025110102
082327.872: [08:23:27]drwxrwxr-x    2 sambauser sambauser 4.0K Feb 27 17:02 2025110106
082327.872: [08:23:27]drwxrwxr-x    2 sambauser sambauser 4.0K Feb 27 17:02 2025110107
082327.872: [08:23:27]drwxrwxr-x    2 sambauser sambauser 4.0K Feb 27 17:02 2025110109
082327.872: [08:23:27]drwxrwxr-x    2 sambauser sambauser 4.0K Feb 27 17:02 2025110111
082327.872: [08:23:27]drwxrwxr-x    2 sambauser sambauser 4.0K Feb 27 17:02 2025110116
082327.872: [08:23:27]drwxrwxr-x    2 sambauser sambauser 4.0K Feb 27 17:02 2025110117
082327.872: [08:23:27]drwxrwxr-x    2 sambauser sambauser 4.0K Feb 27 17:02 2025110118
082327.872: [08:23:27]drwxrwxr-x    2 sambauser sambauser 4.0K Feb 27 17:02 2025110119
082327.872: [08:23:27]drwxrwxr-x    2 sambauser sambauser 4.0K Feb 27 17:02 2025110120
082327.872: [08:23:27]drwxrwxr-x    2 sambauser sambauser 4.0K Feb 27 17:02 2025110121
082327.872: [08:23:27]drwxrwxr-x    2 sambauser sambauser 4.0K Feb 27 17:02 2025110122
082327.872: [08:23:27]drwxrwxr-x    2 sambauser sambauser 4.0K Feb 27 17:02 2025110123
082327.872: [08:23:27]drwxrwxr-x    2 sambauser sambauser 4.0K Feb 27 17:02 2025110200
082327.873: [08:23:27]drwxrwxr-x    2 sambauser sambauser 4.0K Feb 27 17:02 2025110201
082327.873: [08:23:27]drwxrwxr-x    2 sambauser sambauser 4.0K Feb 27 17:02 2025110202
082327.873: [08:23:27]drwxrwxr-x    2 sambauser sambauser 4.0K Feb 27 17:02 2025110203
082327.873: [08:23:27]drwxrwxr-x    2 sambauser sambauser 4.0K Feb 27 17:02 2025110204
082327.873: [08:23:27]drwxrwxr-x    2 sambauser sambauser 4.0K Feb 27 17:02 2025110205
082327.873: [08:23:27]drwxrwxr-x    2 sambauser sambauser 4.0K Feb 27 17:02 2025110206
082327.873: [08:23:27]drwxrwxr-x    2 sambauser sambauser 4.0K Feb 27 17:02 2025110207
082327.873: [08:23:27]drwxrwxr-x    2 sambauser sambauser 4.0K Feb 27 17:02 2025110208
082327.873: [08:23:27]drwxrwxr-x    2 sambauser sambauser 4.0K Feb 27 17:02 2025110210
082327.873: [08:23:27]drwxrwxr-x    2 sambauser sambauser 4.0K Feb 27 17:02 2025110211
082327.873: [08:23:27]drwxrwxr-x    2 sambauser sambauser 4.0K Feb 27 17:02 2025110212
082327.873: [08:23:27]drwxrwxr-x    2 sambauser sambauser 4.0K Feb 27 17:02 2025110213
082327.873: [08:23:27]drwxrwxr-x    2 sambauser sambauser 4.0K Feb 27 17:02 2025110217
082327.873: [08:23:27]drwxrwxr-x    2 sambauser sambauser 4.0K Feb 27 17:02 2025110218
082327.873: [08:23:27]drwxrwxr-x    2 sambauser sambauser 4.0K Feb 27 17:02 2025110219
082327.873: [08:23:27]drwxrwxr-x    2 sambauser sambauser 4.0K Feb 27 17:02 2025110220
082327.873: [08:23:27]drwxrwxr-x    2 sambauser sambauser 4.0K Feb 27 17:02 2025110221
082327.873: [08:23:27]drwxrwxr-x    2 sambauser sambauser 4.0K Feb 27 17:02 2025110222
082327.873: [08:23:27]drwxrwxr-x    2 sambauser sambauser 4.0K Feb 27 17:02 2025110223
082327.873: [08:23:27]drwxrwxr-x    2 sambauser sambauser 4.0K Feb 27 17:02 2025110300
082327.873: [08:23:27]drwxrwxr-x    2 sambauser sambauser 4.0K Feb 27 17:02 2025110301
082327.873: [08:23:27]drwxrwxr-x    2 sambauser sambauser 4.0K Feb 27 17:02 2025110302
082327.873: [08:23:27]drwxrwxr-x    2 sambauser sambauser 4.0K Feb 27 17:02 2025110303
082327.873: [08:23:27]drwxrwxr-x    2 sambauser sambauser 4.0K Feb 27 17:02 2025110304
082327.873: [08:23:27]drwxrwxr-x    2 sambauser sambauser 4.0K Feb 27 17:02 2025110305
082327.873: [08:23:27]drwxrwxr-x    2 sambauser sambauser 4.0K Feb 27 17:02 2025110306
082327.873: [08:23:27]drwxrwxr-x    2 sambauser sambauser 4.0K Feb 27 17:02 2025110307
082327.873: [08:23:27]drwxrwxr-x    2 sambauser sambauser 4.0K Feb 27 17:02 2025110308
082327.873: [08:23:27]drwxrwxr-x    2 sambauser sambauser 4.0K Feb 27 17:02 2025110309
082327.873: [08:23:27]drwxrwxr-x    2 sambauser sambauser 4.0K Feb 27 17:02 2025110311
082327.873: [08:23:27]drwxrwxr-x    2 sambauser sambauser 4.0K Feb 27 17:02 2025110312
082327.873: [08:23:27]drwxrwxr-x    2 sambauser sambauser 4.0K Feb 27 17:02 2025110313
082327.874: [08:23:27]drwxrwxr-x    2 sambauser sambauser 4.0K Feb 27 17:03 2025110314
082327.874: [08:23:27]drwxrwxr-x    2 sambauser sambauser 4.0K Feb 27 17:03 2025110315
082327.874: [08:23:27]drwxrwxr-x    2 sambauser sambauser 4.0K Feb 27 17:03 2025110317
082327.874: [08:23:27]drwxrwxr-x    2 sambauser sambauser 4.0K Feb 27 17:03 2025110318
082327.881: [08:23:27]drwxrwxr-x    2 sambauser sambauser 4.0K Feb 27 17:03 2025110319
082327.881: [08:23:27]drwxrwxr-x    2 sambauser sambauser 4.0K Feb 27 17:03 2025110320
082327.881: [08:23:27]drwxrwxr-x    2 sambauser sambauser 4.0K Feb 27 17:03 2025110321
082327.881: [08:23:27]drwxrwxr-x    2 sambauser sambauser 4.0K Feb 27 17:03 2025110322
082327.881: [08:23:27]drwxrwxr-x    2 sambauser sambauser 4.0K Feb 27 17:03 2025110323
082327.881: [08:23:27]drwxrwxr-x    2 sambauser sambauser 4.0K Feb 27 17:03 2025110400
082327.881: [08:23:27]drwxrwxr-x    2 sambauser sambauser 4.0K Feb 27 17:03 2025110401
082327.881: [08:23:27]drwxrwxr-x    2 sambauser sambauser 4.0K Feb 27 17:03 2025110402
082327.881: [08:23:27]drwxrwxr-x    2 sambauser sambauser 4.0K Feb 27 17:03 2025110403
082327.881: [08:23:27]drwxrwxr-x    2 sambauser sambauser 4.0K Feb 27 17:03 2025110404
082327.881: [08:23:27]drwxrwxr-x    2 sambauser sambauser 4.0K Feb 27 17:03 2025110405
082327.881: [08:23:27]drwxrwxr-x    2 sambauser sambauser 4.0K Feb 27 17:03 2025110406
082327.881: [08:23:27]drwxrwxr-x    2 sambauser sambauser 4.0K Feb 27 17:03 2025110407
082327.881: [08:23:27]drwxrwxr-x    2 sambauser sambauser 4.0K Feb 27 17:03 2025110413
082327.881: [08:23:27]drwxrwxr-x    2 sambauser sambauser 4.0K Feb 27 17:03 2025110416
082327.881: [08:23:27]drwxrwxr-x    2 sambauser sambauser 4.0K Feb 27 17:03 2025110417
082327.881: [08:23:27]drwxrwxr-x    2 sambauser sambauser 4.0K Feb 27 17:03 2025110418
082327.881: [08:23:27]drwxrwxr-x    2 sambauser sambauser 4.0K Feb 27 17:03 2025110419
082327.881: [08:23:27]drwxrwxr-x    2 sambauser sambauser 4.0K Feb 27 17:03 2025110420
082327.881: [08:23:27]drwxrwxr-x    2 sambauser sambauser 4.0K Feb 27 17:03 2025110421
082327.882: [08:23:27]drwxrwxr-x    2 sambauser sambauser 4.0K Feb 27 17:03 2025110422
082327.882: [08:23:27]drwxrwxr-x    2 sambauser sambauser 4.0K Feb 27 17:03 2025110423
082327.882: [08:23:27]drwxrwxr-x    2 sambauser sambauser 4.0K Feb 27 17:03 2025110500
082327.882: [08:23:27]drwxrwxr-x    2 sambauser sambauser 4.0K Feb 27 17:03 2025110501
082327.882: [08:23:27]drwxrwxr-x    2 sambauser sambauser 4.0K Feb 27 17:03 2025110502
082327.882: [08:23:27]drwxrwxr-x    2 sambauser sambauser 4.0K Feb 27 17:03 2025110503
082327.882: [08:23:27]drwxrwxr-x    2 sambauser sambauser 4.0K Feb 27 17:03 2025110504
082327.882: [08:23:27]drwxrwxr-x    2 sambauser sambauser 4.0K Feb 27 17:03 2025110505
082327.882: [08:23:27]drwxrwxr-x    2 sambauser sambauser 4.0K Feb 27 17:03 2025110506
082327.882: [08:23:27]drwxrwxr-x    2 sambauser sambauser 4.0K Feb 27 17:03 2025110507
082327.882: [08:23:27]drwxrwxr-x    2 sambauser sambauser 4.0K Feb 27 17:03 2025110508
082327.882: [08:23:27]drwxrwxr-x    2 sambauser sambauser 4.0K Feb 27 17:03 2025110509
082327.882: [08:23:27]drwxrwxr-x    2 sambauser sambauser 4.0K Feb 27 17:03 2025110512
082327.882: [08:23:27]drwxrwxr-x    2 sambauser sambauser 4.0K Feb 27 17:03 2025110513
082327.882: [08:23:27]drwxrwxr-x    2 sambauser sambauser 4.0K Feb 27 17:03 2025110515
082327.882: [08:23:27]drwxrwxr-x    2 sambauser sambauser 4.0K Feb 27 17:03 2025110517
082327.882: [08:23:27]drwxrwxr-x    2 sambauser sambauser 4.0K Feb 27 17:03 2025110518
082327.882: [08:23:27]drwxrwxr-x    2 sambauser sambauser 4.0K Feb 27 17:03 2025110519
082327.882: [08:23:27]drwxrwxr-x    2 sambauser sambauser 4.0K Feb 27 17:03 2025110520
082327.882: [08:23:27]drwxrwxr-x    2 sambauser sambauser 4.0K Feb 27 17:03 2025110521
082327.882: [08:23:27]drwxrwxr-x    2 sambauser sambauser 4.0K Feb 27 17:03 2025110600
082327.882: [08:23:27]drwxrwxr-x    2 sambauser sambauser 4.0K Feb 27 17:03 2025110601
082327.882: [08:23:27]drwxrwxr-x    2 sambauser sambauser 4.0K Feb 27 17:03 2025110602
082327.882: [08:23:27]drwxrwxr-x    2 sambauser sambauser 4.0K Feb 27 17:03 2025110603
082327.882: [08:23:27]drwxrwxr-x    2 sambauser sambauser 4.0K Feb 27 17:03 2025110604
082327.882: [08:23:27]drwxrwxr-x    2 sambauser sambauser 4.0K Feb 27 17:03 2025110605
082327.882: [08:23:27]drwxrwxr-x    2 sambauser sambauser 4.0K Feb 27 17:03 2025110606
082327.882: [08:23:27]drwxrwxr-x    2 sambauser sambauser 4.0K Feb 27 17:03 2025110607
082327.882: [08:23:27]drwxrwxr-x    2 sambauser sambauser 4.0K Feb 27 17:03 2025110609
082327.883: [08:23:27]drwxrwxr-x    2 sambauser sambauser 4.0K Feb 27 17:03 2025110610
082327.883: [08:23:27]drwxrwxr-x    2 sambauser sambauser 4.0K Feb 27 17:03 2025110611
082327.883: [08:23:27]drwxrwxr-x    2 sambauser sambauser 4.0K Feb 27 17:03 2025110615
082327.883: [08:23:27]drwxrwxr-x    2 sambauser sambauser 4.0K Feb 27 17:03 2025110616
082327.883: [08:23:27]drwxrwxr-x    2 sambauser sambauser 4.0K Feb 27 17:03 2025110617
082327.883: [08:23:27]drwxrwxr-x    2 sambauser sambauser 4.0K Feb 27 17:03 2025110618
082327.883: [08:23:27]drwxrwxr-x    2 sambauser sambauser 4.0K Feb 27 17:03 2025110619
082327.883: [08:23:27]drwxrwxr-x    2 sambauser sambauser 4.0K Feb 27 17:04 2025110620
082327.883: [08:23:27]drwxrwxr-x    2 sambauser sambauser 4.0K Feb 27 17:04 2025110621
082327.883: [08:23:27]drwxrwxr-x    2 sambauser sambauser 4.0K Feb 27 17:04 2025110622
082327.883: [08:23:27]drwxrwxr-x    2 sambauser sambauser 4.0K Feb 27 17:04 2025110623
082327.883: [08:23:27]drwxrwxr-x    2 sambauser sambauser 4.0K Feb 27 17:04 2025110700
082327.883: [08:23:27]drwxrwxr-x    2 sambauser sambauser 4.0K Feb 27 17:04 2025110701
082327.883: [08:23:27]drwxrwxr-x    2 sambauser sambauser 4.0K Feb 27 17:04 2025110702
082327.883: [08:23:27]drwxrwxr-x    2 sambauser sambauser 4.0K Feb 27 17:04 2025110703
082327.883: [08:23:27]drwxrwxr-x    2 sambauser sambauser 4.0K Feb 27 17:04 2025110704
082327.883: [08:23:27]drwxrwxr-x    2 sambauser sambauser 4.0K Feb 27 17:04 2025110705
082327.883: [08:23:27]drwxrwxr-x    2 sambauser sambauser 4.0K Feb 27 17:04 2025110706
082327.883: [08:23:27]drwxrwxr-x    2 sambauser sambauser 4.0K Feb 27 17:04 2025110707
082327.883: [08:23:27]drwxrwxr-x    2 sambauser sambauser 4.0K Feb 27 17:04 2025110708
082327.883: [08:23:27]drwxrwxr-x    2 sambauser sambauser 4.0K Feb 27 17:04 2025110717
082327.883: [08:23:27]drwxrwxr-x    2 sambauser sambauser 4.0K Feb 27 17:04 2025110718
082327.883: [08:23:27]drwxrwxr-x    2 sambauser sambauser 4.0K Feb 27 17:04 2025110719
082327.883: [08:23:27]drwxrwxr-x    2 sambauser sambauser 4.0K Feb 27 17:04 2025110720
082327.883: [08:23:27]drwxrwxr-x    2 sambauser sambauser 4.0K Feb 27 17:04 2025110721
082327.883: [08:23:27]drwxrwxr-x    2 sambauser sambauser 4.0K Feb 27 17:04 2025110722
082327.884: [08:23:27]drwxrwxr-x    2 sambauser sambauser 4.0K Feb 27 17:04 2025110723
082327.884: [08:23:27]drwxrwxr-x    2 sambauser sambauser 4.0K Feb 27 17:04 2025110800
082327.884: [08:23:27]drwxrwxr-x    2 sambauser sambauser 4.0K Feb 27 17:04 2025110801
082327.884: [08:23:27]drwxrwxr-x    2 sambauser sambauser 4.0K Feb 27 17:04 2025110802
082327.884: [08:23:27]drwxrwxr-x    2 sambauser sambauser 4.0K Feb 27 17:04 2025110803
082327.884: [08:23:27]drwxrwxr-x    2 sambauser sambauser 4.0K Feb 27 17:04 2025110804
082327.884: [08:23:27]drwxrwxr-x    2 sambauser sambauser 4.0K Feb 27 17:04 2025110805
082327.884: [08:23:27]drwxrwxr-x    2 sambauser sambauser 4.0K Feb 27 17:04 2025110806
082327.884: [08:23:27]drwxrwxr-x    2 sambauser sambauser 4.0K Feb 27 17:04 2025110807
082327.884: [08:23:27]drwxrwxr-x    2 sambauser sambauser 4.0K Feb 27 17:04 2025110808
082327.884: [08:23:27]drwxrwxr-x    2 sambauser sambauser 4.0K Feb 27 17:04 2025110809
082327.884: [08:23:27]drwxrwxr-x    2 sambauser sambauser 4.0K Feb 27 17:04 2025110812
082327.884: [08:23:27]drwxrwxr-x    2 sambauser sambauser 4.0K Feb 27 17:04 2025110814
082327.884: [08:23:27]drwxrwxr-x    2 sambauser sambauser 4.0K Feb 27 17:04 2025110815
082327.884: [08:23:27]drwxrwxr-x    2 sambauser sambauser 4.0K Feb 27 17:04 2025110817
082327.884: [08:23:27]drwxrwxr-x    2 sambauser sambauser 4.0K Feb 27 17:04 2025110818
082327.884: [08:23:27]drwxrwxr-x    2 sambauser sambauser 4.0K Feb 27 17:04 2025110819
082327.884: [08:23:27]drwxrwxr-x    2 sambauser sambauser 4.0K Feb 27 17:04 2025110820
082327.884: [08:23:27]drwxrwxr-x    2 sambauser sambauser 4.0K Feb 27 17:04 2025110821
082327.884: [08:23:27]drwxrwxr-x    2 sambauser sambauser 4.0K Feb 27 17:04 2025110822
082327.884: [08:23:27]drwxrwxr-x    2 sambauser sambauser 4.0K Feb 27 17:04 2025110823
082327.884: [08:23:27]drwxrwxr-x    2 sambauser sambauser 4.0K Feb 27 17:04 2025110900
082327.884: [08:23:27]drwxrwxr-x    2 sambauser sambauser 4.0K Feb 27 17:04 2025110901
082327.884: [08:23:27]drwxrwxr-x    2 sambauser sambauser 4.0K Feb 27 17:04 2025110902
082327.884: [08:23:27]drwxrwxr-x    2 sambauser sambauser 4.0K Feb 27 17:04 2025110903
082327.885: [08:23:27]drwxrwxr-x    2 sambauser sambauser 4.0K Feb 27 17:04 2025110904
082327.885: [08:23:27]drwxrwxr-x    2 sambauser sambauser 4.0K Feb 27 17:04 2025110905
082327.885: [08:23:27]drwxrwxr-x    2 sambauser sambauser 4.0K Feb 27 17:04 2025110906
082327.885: [08:23:27]drwxrwxr-x    2 sambauser sambauser 4.0K Feb 27 17:04 2025110907
082327.885: [08:23:27]drwxrwxr-x    2 sambauser sambauser 4.0K Feb 27 17:04 2025110908
082327.885: [08:23:27]drwxrwxr-x    2 sambauser sambauser 4.0K Feb 27 17:04 2025110910
082327.885: [08:23:27]drwxrwxr-x    2 sambauser sambauser 4.0K Feb 27 17:04 2025110912
082327.885: [08:23:27]drwxrwxr-x    2 sambauser sambauser 4.0K Feb 27 17:04 2025110913
082327.885: [08:23:27]drwxrwxr-x    2 sambauser sambauser 4.0K Feb 27 17:04 2025110914
082327.885: [08:23:27]drwxrwxr-x    2 sambauser sambauser 4.0K Feb 27 17:04 2025110915
082327.885: [08:23:27]drwxrwxr-x    2 sambauser sambauser 4.0K Feb 27 17:04 2025110916
082327.885: [08:23:27]drwxrwxr-x    2 sambauser sambauser 4.0K Feb 27 17:04 2025110917
082327.885: [08:23:27]drwxrwxr-x    2 sambauser sambauser 4.0K Feb 27 17:04 2025110919
082327.885: [08:23:27]drwxrwxr-x    2 sambauser sambauser 4.0K Feb 27 17:04 2025110920
082327.885: [08:23:27]drwxrwxr-x    2 sambauser sambauser 4.0K Feb 27 17:04 2025110921
082327.885: [08:23:27]drwxrwxr-x    2 sambauser sambauser 4.0K Feb 27 17:04 2025110922
082327.885: [08:23:27]drwxrwxr-x    2 sambauser sambauser 4.0K Feb 27 17:04 2025110923
082327.885: [08:23:27]drwxrwxr-x    2 sambauser sambauser 4.0K Feb 27 17:04 2025111000
082327.885: [08:23:27]drwxrwxr-x    2 sambauser sambauser 4.0K Feb 27 17:04 2025111001
082327.885: [08:23:27]drwxrwxr-x    2 sambauser sambauser 4.0K Feb 27 17:04 2025111002
082327.885: [08:23:27]drwxrwxr-x    2 sambauser sambauser 4.0K Feb 27 17:04 2025111003
082327.885: [08:23:27]drwxrwxr-x    2 sambauser sambauser 4.0K Feb 27 17:04 2025111004
082327.885: [08:23:27]drwxrwxr-x    2 sambauser sambauser 4.0K Feb 27 17:04 2025111005
082327.885: [08:23:27]drwxrwxr-x    2 sambauser sambauser 4.0K Feb 27 17:05 2025111006
082327.885: [08:23:27]drwxrwxr-x    2 sambauser sambauser 4.0K Feb 27 17:05 2025111007
082327.885: [08:23:27]drwxrwxr-x    2 sambauser sambauser 4.0K Feb 27 17:05 2025111008
082327.885: [08:23:27]drwxrwxr-x    2 sambauser sambauser 4.0K Feb 27 17:05 2025111009
082327.886: [08:23:27]drwxrwxr-x    2 sambauser sambauser 4.0K Feb 27 17:05 2025111011
082327.886: [08:23:27]drwxrwxr-x    2 sambauser sambauser 4.0K Feb 27 17:05 2025111013
082327.886: [08:23:27]drwxrwxr-x    2 sambauser sambauser 4.0K Feb 27 17:05 2025111014
082327.886: [08:23:27]drwxrwxr-x    2 sambauser sambauser 4.0K Feb 27 17:05 2025111015
082327.886: [08:23:27]drwxrwxr-x    2 sambauser sambauser 4.0K Feb 27 17:05 2025111016
082327.886: [08:23:27]drwxrwxr-x    2 sambauser sambauser 4.0K Feb 27 17:05 2025111017
082327.886: [08:23:27]drwxrwxr-x    2 sambauser sambauser 4.0K Feb 27 17:05 2025111018
082327.886: [08:23:27]drwxrwxr-x    2 sambauser sambauser 4.0K Feb 27 17:05 2025111019
082327.886: [08:23:27]drwxrwxr-x    2 sambauser sambauser 4.0K Feb 27 17:05 2025111020
082327.886: [08:23:27]drwxrwxr-x    2 sambauser sambauser 4.0K Feb 27 17:05 2025111021
082327.886: [08:23:27]drwxrwxr-x    2 sambauser sambauser 4.0K Feb 27 17:05 2025111022
082327.886: [08:23:27]drwxrwxr-x    2 sambauser sambauser 4.0K Feb 27 17:05 2025111023
082327.886: [08:23:27]drwxrwxr-x    2 sambauser sambauser 4.0K Feb 27 17:05 2025111100
082327.886: [08:23:27]drwxrwxr-x    2 sambauser sambauser 4.0K Feb 27 17:05 2025111101
082327.886: [08:23:27]drwxrwxr-x    2 sambauser sambauser 4.0K Feb 27 17:05 2025111102
082327.886: [08:23:27]drwxrwxr-x    2 sambauser sambauser 4.0K Feb 27 17:05 2025111103
082327.886: [08:23:27]drwxrwxr-x    2 sambauser sambauser 4.0K Feb 27 17:05 2025111104
082327.886: [08:23:27]drwxrwxr-x    2 sambauser sambauser 4.0K Feb 27 17:05 2025111105
082327.886: [08:23:27]drwxrwxr-x    2 sambauser sambauser 4.0K Feb 27 17:05 2025111106
082327.886: [08:23:27]drwxrwxr-x    2 sambauser sambauser 4.0K Feb 27 17:05 2025111107
082327.886: [08:23:27]drwxrwxr-x    2 sambauser sambauser 4.0K Feb 27 17:05 2025111109
082327.886: [08:23:27]drwxrwxr-x    2 sambauser sambauser 4.0K Feb 27 17:05 2025111110
082327.886: [08:23:27]drwxrwxr-x    2 sambauser sambauser 4.0K Feb 27 17:05 2025111111
082327.887: [08:23:27]drwxrwxr-x    2 sambauser sambauser 4.0K Feb 27 17:05 2025111112
082327.887: [08:23:27]drwxrwxr-x    2 sambauser sambauser 4.0K Feb 27 17:05 2025111117
082327.887: [08:23:27]drwxrwxr-x    2 sambauser sambauser 4.0K Feb 27 17:05 2025111119
082327.887: [08:23:27]drwxrwxr-x    2 sambauser sambauser 4.0K Feb 27 17:05 2025111120
082327.887: [08:23:27]drwxrwxr-x    2 sambauser sambauser 4.0K Feb 27 17:05 2025111206
082327.887: [08:23:27]drwxrwxr-x    2 sambauser sambauser 4.0K Feb 27 17:05 2025111217
082327.887: [08:23:27]drwxrwxr-x    2 sambauser sambauser 4.0K Feb 27 17:05 2025111218
082327.887: [08:23:27]drwxrwxr-x    2 sambauser sambauser 4.0K Feb 27 17:05 2025111221
082327.887: [08:23:27]drwxrwxr-x    2 sambauser sambauser 4.0K Feb 27 17:05 2025111222
082327.887: [08:23:27]drwxrwxr-x    2 sambauser sambauser 4.0K Feb 27 17:05 2025111223
082327.887: [08:23:27]drwxrwxr-x    2 sambauser sambauser 4.0K Feb 27 17:05 2025111306
082327.887: [08:23:27]drwxrwxr-x    2 sambauser sambauser 4.0K Feb 27 17:05 2025111317
082327.887: [08:23:27]drwxrwxr-x    2 sambauser sambauser 4.0K Feb 27 17:05 2025111319
082327.887: [08:23:27]drwxrwxr-x    2 sambauser sambauser 4.0K Feb 27 17:05 2025111322
082327.887: [08:23:27]drwxrwxr-x    2 sambauser sambauser 4.0K Feb 27 17:05 2025111406
082327.887: [08:23:27]drwxrwxr-x    2 sambauser sambauser 4.0K Feb 27 17:05 2025111417
082327.887: [08:23:27]drwxrwxr-x    2 sambauser sambauser 4.0K Feb 27 17:05 2025111418
082327.887: [08:23:27]drwxrwxr-x    2 sambauser sambauser 4.0K Feb 27 17:05 2025111419
082327.887: [08:23:27]drwxrwxr-x    2 sambauser sambauser 4.0K Feb 27 17:05 2025111420
082327.887: [08:23:27]drwxrwxr-x    2 sambauser sambauser 4.0K Feb 27 17:05 2025111421
082327.887: [08:23:27]drwxrwxr-x    2 sambauser sambauser 4.0K Feb 27 17:05 2025111422
082327.887: [08:23:27]drwxrwxr-x    2 sambauser sambauser 4.0K Feb 27 17:05 2025111500
082327.887: [08:23:27]drwxrwxr-x    2 sambauser sambauser 4.0K Feb 27 17:05 2025111506
082327.887: [08:23:27]drwxrwxr-x    2 sambauser sambauser 4.0K Feb 27 17:05 2025111507
082327.887: [08:23:27]drwxrwxr-x    2 sambauser sambauser 4.0K Feb 27 17:05 2025111517
082327.887: [08:23:27]drwxrwxr-x    2 sambauser sambauser 4.0K Feb 27 17:05 2025111519
082327.887: [08:23:27]drwxrwxr-x    2 sambauser sambauser 4.0K Feb 27 17:05 2025111606
082327.887: [08:23:27]drwxrwxr-x    2 sambauser sambauser 4.0K Feb 27 17:05 2025111617
082327.888: [08:23:27]drwxrwxr-x    2 sambauser sambauser 4.0K Feb 27 17:05 2025111618
082327.888: [08:23:27]drwxrwxr-x    2 sambauser sambauser 4.0K Feb 27 17:05 2025111621
082327.888: [08:23:27]drwxrwxr-x    2 sambauser sambauser 4.0K Feb 27 17:05 2025111622
082327.888: [08:23:27]drwxrwxr-x    2 sambauser sambauser 4.0K Feb 27 17:05 2025111623
082327.888: [08:23:27]drwxrwxr-x    2 sambauser sambauser 4.0K Feb 27 17:05 2025111700
082327.888: [08:23:27]drwxrwxr-x    2 sambauser sambauser 4.0K Feb 27 17:05 2025111701
082327.888: [08:23:27]drwxrwxr-x    2 sambauser sambauser 4.0K Feb 27 17:05 2025111702
082327.888: [08:23:27]drwxrwxr-x    2 sambauser sambauser 4.0K Feb 27 17:05 2025111703
082327.888: [08:23:27]drwxrwxr-x    2 sambauser sambauser 4.0K Feb 27 17:05 2025111704
082327.888: [08:23:27]drwxrwxr-x    2 sambauser sambauser 4.0K Feb 27 17:05 2025111705
082327.888: [08:23:27]drwxrwxr-x    2 sambauser sambauser 4.0K Feb 27 17:05 2025111706
082327.888: [08:23:27]drwxrwxr-x    2 sambauser sambauser 4.0K Feb 27 17:05 2025111707
082327.888: [08:23:27]drwxrwxr-x    2 sambauser sambauser 4.0K Feb 27 17:05 2025111708
082327.888: [08:23:27]drwxrwxr-x    2 sambauser sambauser 4.0K Feb 27 17:05 2025111709
082327.888: [08:23:27]drwxrwxr-x    2 sambauser sambauser 4.0K Feb 27 17:05 2025111710
082327.888: [08:23:27]drwxrwxr-x    2 sambauser sambauser 4.0K Feb 27 17:05 2025111712
082327.888: [08:23:27]drwxrwxr-x    2 sambauser sambauser 4.0K Feb 27 17:05 2025111713
082327.888: [08:23:27]drwxrwxr-x    2 sambauser sambauser 4.0K Feb 27 17:05 2025111714
082327.888: [08:23:27]drwxrwxr-x    2 sambauser sambauser 4.0K Feb 27 17:05 2025111716
082327.888: [08:23:27]drwxrwxr-x    2 sambauser sambauser 4.0K Feb 27 17:05 2025111717
082327.888: [08:23:27]drwxrwxr-x    2 sambauser sambauser 4.0K Feb 27 17:05 2025111718
082327.888: [08:23:27]drwxrwxr-x    2 sambauser sambauser 4.0K Feb 27 17:05 2025111719
082327.888: [08:23:27]drwxrwxr-x    2 sambauser sambauser 4.0K Feb 27 17:05 2025111720
082327.888: [08:23:27]drwxrwxr-x    2 sambauser sambauser 4.0K Feb 27 17:05 2025111721
082327.888: [08:23:27]drwxrwxr-x    2 sambauser sambauser 4.0K Feb 27 17:05 2025111722
082327.888: [08:23:27]drwxrwxr-x    2 sambauser sambauser 4.0K Feb 27 17:05 2025111723
082327.888: [08:23:27]drwxrwxr-x    2 sambauser sambauser 4.0K Feb 27 17:05 2025111800
082327.888: [08:23:27]drwxrwxr-x    2 sambauser sambauser 4.0K Feb 27 17:05 2025111801
082327.889: [08:23:27]drwxrwxr-x    2 sambauser sambauser 4.0K Feb 27 17:05 2025111802
082327.889: [08:23:27]drwxrwxr-x    2 sambauser sambauser 4.0K Feb 27 17:05 2025111803
082327.889: [08:23:27]drwxrwxr-x    2 sambauser sambauser 4.0K Feb 27 17:05 2025111804
082327.889: [08:23:27]drwxrwxr-x    2 sambauser sambauser 4.0K Feb 27 17:05 2025111806
082327.889: [08:23:27]drwxrwxr-x    2 sambauser sambauser 4.0K Feb 27 17:05 2025111807
082327.889: [08:23:27]drwxrwxr-x    2 sambauser sambauser 4.0K Feb 27 17:05 2025111808
082327.889: [08:23:27]drwxrwxr-x    2 sambauser sambauser 4.0K Feb 27 17:05 2025111809
082327.889: [08:23:27]drwxrwxr-x    2 sambauser sambauser 4.0K Feb 27 17:05 2025111810
082327.889: [08:23:27]drwxrwxr-x    2 sambauser sambauser 4.0K Feb 27 17:05 2025111811
082327.889: [08:23:27]drwxrwxr-x    2 sambauser sambauser 4.0K Feb 27 17:05 2025111812
082327.889: [08:23:27]drwxrwxr-x    2 sambauser sambauser 4.0K Feb 27 17:05 2025111813
082327.889: [08:23:27]drwxrwxr-x    2 sambauser sambauser 4.0K Feb 27 17:05 2025111814
082327.889: [08:23:27]drwxrwxr-x    2 sambauser sambauser 4.0K Feb 27 17:05 2025111815
082327.889: [08:23:27]drwxrwxr-x    2 sambauser sambauser 4.0K Feb 27 17:05 2025111816
082327.889: [08:23:27]drwxrwxr-x    2 sambauser sambauser 4.0K Feb 27 17:05 2025111817
082327.889: [08:23:27]drwxrwxr-x    2 sambauser sambauser 4.0K Feb 27 17:05 2025111818
082327.889: [08:23:27]drwxrwxr-x    2 sambauser sambauser 4.0K Feb 27 17:05 2025111819
082327.889: [08:23:27]drwxrwxr-x    2 sambauser sambauser 4.0K Feb 27 17:06 2025111820
082327.889: [08:23:27]drwxrwxr-x    2 sambauser sambauser 4.0K Feb 27 17:06 2025111821
082327.889: [08:23:27]drwxrwxr-x    2 sambauser sambauser 4.0K Feb 27 17:06 2025111822
082327.889: [08:23:27]drwxrwxr-x    2 sambauser sambauser 4.0K Feb 27 17:06 2025111823
082327.889: [08:23:27]drwxrwxr-x    2 sambauser sambauser 4.0K Feb 27 17:06 2025111900
082327.889: [08:23:27]drwxrwxr-x    2 sambauser sambauser 4.0K Feb 27 17:06 2025111901
082327.889: [08:23:27]drwxrwxr-x    2 sambauser sambauser 4.0K Feb 27 17:06 2025111902
082327.889: [08:23:27]drwxrwxr-x    2 sambauser sambauser 4.0K Feb 27 17:06 2025111903
082327.889: [08:23:27]drwxrwxr-x    2 sambauser sambauser 4.0K Feb 27 17:06 2025111904
082327.889: [08:23:27]drwxrwxr-x    2 sambauser sambauser 4.0K Feb 27 17:06 2025111905
082327.890: [08:23:27]drwxrwxr-x    2 sambauser sambauser 4.0K Feb 27 17:06 2025111906
082327.890: [08:23:27]drwxrwxr-x    2 sambauser sambauser 4.0K Feb 27 17:06 2025111907
082327.890: [08:23:27]drwxrwxr-x    2 sambauser sambauser 4.0K Feb 27 17:06 2025111909
082327.890: [08:23:27]drwxrwxr-x    2 sambauser sambauser 4.0K Feb 27 17:06 2025111910
082327.890: [08:23:27]drwxrwxr-x    2 sambauser sambauser 4.0K Feb 27 17:06 2025111912
082327.890: [08:23:27]drwxrwxr-x    2 sambauser sambauser 4.0K Feb 27 17:06 2025111913
082327.890: [08:23:27]drwxrwxr-x    2 sambauser sambauser 4.0K Feb 27 17:06 2025111914
082327.890: [08:23:27]drwxrwxr-x    2 sambauser sambauser 4.0K Feb 27 17:06 2025111915
082327.890: [08:23:27]drwxrwxr-x    2 sambauser sambauser 4.0K Feb 27 17:06 2025111916
082327.890: [08:23:27]drwxrwxr-x    2 sambauser sambauser 4.0K Feb 27 17:06 2025111917
082327.890: [08:23:27]drwxrwxr-x    2 sambauser sambauser 4.0K Feb 27 17:06 2025111918
082327.890: [08:23:27]drwxrwxr-x    2 sambauser sambauser 4.0K Feb 27 17:06 2025111919
082327.890: [08:23:27]drwxrwxr-x    2 sambauser sambauser 4.0K Feb 27 17:06 2025111920
082327.890: [08:23:27]drwxrwxr-x    2 sambauser sambauser 4.0K Feb 27 17:06 2025111921
082327.890: [08:23:27]drwxrwxr-x    2 sambauser sambauser 4.0K Feb 27 17:06 2025111922
082327.890: [08:23:27]drwxrwxr-x    2 sambauser sambauser 4.0K Feb 27 17:06 2025111923
082327.890: [08:23:27]drwxrwxr-x    2 sambauser sambauser 4.0K Feb 27 17:06 2025112001
082327.890: [08:23:27]drwxrwxr-x    2 sambauser sambauser 4.0K Feb 27 17:06 2025112002
082327.890: [08:23:27]drwxrwxr-x    2 sambauser sambauser 4.0K Feb 27 17:06 2025112003
082327.890: [08:23:27]drwxrwxr-x    2 sambauser sambauser 4.0K Feb 27 17:06 2025112005
082327.890: [08:23:27]drwxrwxr-x    2 sambauser sambauser 4.0K Feb 27 17:06 2025112006
082327.890: [08:23:27]drwxrwxr-x    2 sambauser sambauser 4.0K Feb 27 17:06 2025112007
082327.891: [08:23:27]drwxrwxr-x    2 sambauser sambauser 4.0K Feb 27 17:06 2025112008
082327.891: [08:23:27]drwxrwxr-x    2 sambauser sambauser 4.0K Feb 27 17:06 2025112012
082327.891: [08:23:27]drwxrwxr-x    2 sambauser sambauser 4.0K Feb 27 17:06 2025112013
082327.891: [08:23:27]drwxrwxr-x    2 sambauser sambauser 4.0K Feb 27 17:06 2025112014
082327.891: [08:23:27]drwxrwxr-x    2 sambauser sambauser 4.0K Feb 27 17:06 2025112015
082327.891: [08:23:27]drwxrwxr-x    2 sambauser sambauser 4.0K Feb 27 17:06 2025112016
082327.891: [08:23:27]drwxrwxr-x    2 sambauser sambauser 4.0K Feb 27 17:06 2025112017
082327.891: [08:23:27]drwxrwxr-x    2 sambauser sambauser 4.0K Feb 27 17:06 2025112018
082327.891: [08:23:27]drwxrwxr-x    2 sambauser sambauser 4.0K Feb 27 17:06 2025112019
082327.891: [08:23:27]drwxrwxr-x    2 sambauser sambauser 4.0K Feb 27 17:06 2025112020
082327.891: [08:23:27]drwxrwxr-x    2 sambauser sambauser 4.0K Feb 27 17:06 2025112021
082327.891: [08:23:27]drwxrwxr-x    2 sambauser sambauser 4.0K Feb 27 17:06 2025112022
082327.891: [08:23:27]drwxrwxr-x    2 sambauser sambauser 4.0K Feb 27 17:06 2025112023
082327.891: [08:23:27]drwxrwxr-x    2 sambauser sambauser 4.0K Feb 27 17:06 2025112100
082327.891: [08:23:27]drwxrwxr-x    2 sambauser sambauser 4.0K Feb 27 17:06 2025112101
082327.891: [08:23:27]drwxrwxr-x    2 sambauser sambauser 4.0K Feb 27 17:06 2025112103
082327.891: [08:23:27]drwxrwxr-x    2 sambauser sambauser 4.0K Feb 27 17:06 2025112105
082327.891: [08:23:27]drwxrwxr-x    2 sambauser sambauser 4.0K Feb 27 17:06 2025112106
082327.891: [08:23:27]drwxrwxr-x    2 sambauser sambauser 4.0K Feb 27 17:06 2025112107
082327.891: [08:23:27]drwxrwxr-x    2 sambauser sambauser 4.0K Feb 27 17:06 2025112108
082327.891: [08:23:27]drwxrwxr-x    2 sambauser sambauser 4.0K Feb 27 17:06 2025112109
082327.891: [08:23:27]drwxrwxr-x    2 sambauser sambauser 4.0K Feb 27 17:06 2025112110
082327.891: [08:23:27]drwxrwxr-x    2 sambauser sambauser 4.0K Feb 27 17:06 2025112112
082327.891: [08:23:27]drwxrwxr-x    2 sambauser sambauser 4.0K Feb 27 17:06 2025112113
082327.891: [08:23:27]drwxrwxr-x    2 sambauser sambauser 4.0K Feb 27 17:06 2025112114
082327.891: [08:23:27]drwxrwxr-x    2 sambauser sambauser 4.0K Feb 27 17:06 2025112115
082327.891: [08:23:27]drwxrwxr-x    2 sambauser sambauser 4.0K Feb 27 17:06 2025112116
082327.891: [08:23:27]drwxrwxr-x    2 sambauser sambauser 4.0K Feb 27 17:06 2025112117
082327.891: [08:23:27]drwxrwxr-x    2 sambauser sambauser 4.0K Feb 27 17:06 2025112118
082327.891: [08:23:27]drwxrwxr-x    2 sambauser sambauser 4.0K Feb 27 17:06 2025112119
082327.891: [08:23:27]drwxrwxr-x    2 sambauser sambauser 4.0K Feb 27 17:06 2025112120
082327.892: [08:23:27]drwxrwxr-x    2 sambauser sambauser 4.0K Feb 27 17:06 2025112121
082327.892: [08:23:27]drwxrwxr-x    2 sambauser sambauser 4.0K Feb 27 17:06 2025112122
082327.892: [08:23:27]drwxrwxr-x    2 sambauser sambauser 4.0K Feb 27 17:06 2025112203
082327.892: [08:23:27]drwxrwxr-x    2 sambauser sambauser 4.0K Feb 27 17:06 2025112206
082327.892: [08:23:27]drwxrwxr-x    2 sambauser sambauser 4.0K Feb 27 17:06 2025112207
082327.892: [08:23:27]drwxrwxr-x    2 sambauser sambauser 4.0K Feb 27 17:06 2025112208
082327.892: [08:23:27]drwxrwxr-x    2 sambauser sambauser 4.0K Feb 27 17:06 2025112209
082327.892: [08:23:27]drwxrwxr-x    2 sambauser sambauser 4.0K Feb 27 17:06 2025112210
082327.892: [08:23:27]drwxrwxr-x    2 sambauser sambauser 4.0K Feb 27 17:06 2025112211
082327.892: [08:23:27]drwxrwxr-x    2 sambauser sambauser 4.0K Feb 27 17:06 2025112217
082327.892: [08:23:27]drwxrwxr-x    2 sambauser sambauser 4.0K Feb 27 17:06 2025112218
082327.892: [08:23:27]drwxrwxr-x    2 sambauser sambauser 4.0K Feb 27 17:06 2025112219
082327.892: [08:23:27]drwxrwxr-x    2 sambauser sambauser 4.0K Feb 27 17:06 2025112220
082327.892: [08:23:27]drwxrwxr-x    2 sambauser sambauser 4.0K Feb 27 17:06 2025112221
082327.892: [08:23:27]drwxrwxr-x    2 sambauser sambauser 4.0K Feb 27 17:06 2025112300
082327.892: [08:23:27]drwxrwxr-x    2 sambauser sambauser 4.0K Feb 27 17:06 2025112306
082327.892: [08:23:27]drwxrwxr-x    2 sambauser sambauser 4.0K Feb 27 17:06 2025112307
082327.892: [08:23:27]drwxrwxr-x    2 sambauser sambauser 4.0K Feb 27 17:06 2025112308
082327.892: [08:23:27]drwxrwxr-x    2 sambauser sambauser 4.0K Feb 27 17:06 2025112317
082327.892: [08:23:27]drwxrwxr-x    2 sambauser sambauser 4.0K Feb 27 17:06 2025112318
082327.892: [08:23:27]drwxrwxr-x    2 sambauser sambauser 4.0K Feb 27 17:06 2025112319
082327.892: [08:23:27]drwxrwxr-x    2 sambauser sambauser 4.0K Feb 27 17:07 2025112320
082327.892: [08:23:27]drwxrwxr-x    2 sambauser sambauser 4.0K Feb 27 17:07 2025112321
082327.892: [08:23:27]drwxrwxr-x    2 sambauser sambauser 4.0K Feb 27 17:07 2025112323
082327.892: [08:23:27]drwxrwxr-x    2 sambauser sambauser 4.0K Feb 27 17:07 2025112400
082327.892: [08:23:27]drwxrwxr-x    2 sambauser sambauser 4.0K Feb 27 17:07 2025112405
082327.892: [08:23:27]drwxrwxr-x    2 sambauser sambauser 4.0K Feb 27 17:07 2025112406
082327.892: [08:23:27]drwxrwxr-x    2 sambauser sambauser 4.0K Feb 27 17:07 2025112407
082327.893: [08:23:27]drwxrwxr-x    2 sambauser sambauser 4.0K Feb 27 17:07 2025112409
082327.893: [08:23:27]drwxrwxr-x    2 sambauser sambauser 4.0K Feb 27 17:07 2025112410
082327.893: [08:23:27]drwxrwxr-x    2 sambauser sambauser 4.0K Feb 27 17:07 2025112411
082327.893: [08:23:27]drwxrwxr-x    2 sambauser sambauser 4.0K Feb 27 17:07 2025112413
082327.893: [08:23:27]drwxrwxr-x    2 sambauser sambauser 4.0K Feb 27 17:07 2025112414
082327.893: [08:23:27]drwxrwxr-x    2 sambauser sambauser 4.0K Feb 27 17:07 2025112415
082327.893: [08:23:27]drwxrwxr-x    2 sambauser sambauser 4.0K Feb 27 17:07 2025112417
082327.893: [08:23:27]drwxrwxr-x    2 sambauser sambauser 4.0K Feb 27 17:07 2025112418
082327.893: [08:23:27]drwxrwxr-x    2 sambauser sambauser 4.0K Feb 27 17:07 2025112419
082327.893: [08:23:27]drwxrwxr-x    2 sambauser sambauser 4.0K Feb 27 17:07 2025112420
082327.893: [08:23:27]drwxrwxr-x    2 sambauser sambauser 4.0K Feb 27 17:07 2025112421
082327.893: [08:23:27]drwxrwxr-x    2 sambauser sambauser 4.0K Feb 27 17:07 2025112500
082327.893: [08:23:27]drwxrwxr-x    2 sambauser sambauser 4.0K Feb 27 17:07 2025112501
082327.893: [08:23:27]drwxrwxr-x    2 sambauser sambauser 4.0K Feb 27 17:07 2025112502
082327.893: [08:23:27]drwxrwxr-x    2 sambauser sambauser 4.0K Feb 27 17:07 2025112503
082327.893: [08:23:27]drwxrwxr-x    2 sambauser sambauser 4.0K Feb 27 17:07 2025112504
082327.893: [08:23:27]drwxrwxr-x    2 sambauser sambauser 4.0K Feb 27 17:07 2025112505
082327.893: [08:23:27]drwxrwxr-x    2 sambauser sambauser 4.0K Feb 27 17:07 2025112506
082327.893: [08:23:27]drwxrwxr-x    2 sambauser sambauser 4.0K Feb 27 17:07 2025112507
082327.893: [08:23:27]drwxrwxr-x    2 sambauser sambauser 4.0K Feb 27 17:07 2025112508
082327.893: [08:23:27]drwxrwxr-x    2 sambauser sambauser 4.0K Feb 27 17:07 2025112513
082327.893: [08:23:27]drwxrwxr-x    2 sambauser sambauser 4.0K Feb 27 17:07 2025112514
082327.893: [08:23:27]drwxrwxr-x    2 sambauser sambauser 4.0K Feb 27 17:07 2025112515
082327.893: [08:23:27]drwxrwxr-x    2 sambauser sambauser 4.0K Feb 27 17:07 2025112517
082327.893: [08:23:27]drwxrwxr-x    2 sambauser sambauser 4.0K Feb 27 17:07 2025112518
082327.893: [08:23:27]drwxrwxr-x    2 sambauser sambauser 4.0K Feb 27 17:07 2025112519
082327.893: [08:23:27]drwxrwxr-x    2 sambauser sambauser 4.0K Feb 27 17:07 2025112520
082327.893: [08:23:27]drwxrwxr-x    2 sambauser sambauser 4.0K Feb 27 17:07 2025112521
082327.894: [08:23:27]drwxrwxr-x    2 sambauser sambauser 4.0K Feb 27 17:07 2025112522
082327.894: [08:23:27]drwxrwxr-x    2 sambauser sambauser 4.0K Feb 27 17:07 2025112523
082327.894: [08:23:27]drwxrwxr-x    2 sambauser sambauser 4.0K Feb 27 17:07 2025112600
082327.894: [08:23:27]drwxrwxr-x    2 sambauser sambauser 4.0K Feb 27 17:07 2025112601
082327.894: [08:23:27]drwxrwxr-x    2 sambauser sambauser 4.0K Feb 27 17:07 2025112602
082327.894: [08:23:27]drwxrwxr-x    2 sambauser sambauser 4.0K Feb 27 17:07 2025112603
082327.894: [08:23:27]drwxrwxr-x    2 sambauser sambauser 4.0K Feb 27 17:07 2025112604
082327.894: [08:23:27]drwxrwxr-x    2 sambauser sambauser 4.0K Feb 27 17:07 2025112606
082327.894: [08:23:27]drwxrwxr-x    2 sambauser sambauser 4.0K Feb 27 17:07 2025112607
082327.894: [08:23:27]drwxrwxr-x    2 sambauser sambauser 4.0K Feb 27 17:07 2025112611
082327.894: [08:23:27]drwxrwxr-x    2 sambauser sambauser 4.0K Feb 27 17:07 2025112612
082327.894: [08:23:27]drwxrwxr-x    2 sambauser sambauser 4.0K Feb 27 17:07 2025112614
082327.894: [08:23:27]drwxrwxr-x    2 sambauser sambauser 4.0K Feb 27 17:07 2025112617
082327.894: [08:23:27]drwxrwxr-x    2 sambauser sambauser 4.0K Feb 27 17:07 2025112618
082327.894: [08:23:27]drwxrwxr-x    2 sambauser sambauser 4.0K Feb 27 17:07 2025112619
082327.894: [08:23:27]drwxrwxr-x    2 sambauser sambauser 4.0K Feb 27 17:07 2025112620
082327.894: [08:23:27]drwxrwxr-x    2 sambauser sambauser 4.0K Feb 27 17:07 2025112621
082327.894: [08:23:27]drwxrwxr-x    2 sambauser sambauser 4.0K Feb 27 17:07 2025112622
082327.894: [08:23:27]drwxrwxr-x    2 sambauser sambauser 4.0K Feb 27 17:07 2025112623
082327.894: [08:23:27]drwxrwxr-x    2 sambauser sambauser 4.0K Feb 27 17:07 2025112700
082327.894: [08:23:27]drwxrwxr-x    2 sambauser sambauser 4.0K Feb 27 17:07 2025112701
082327.894: [08:23:27]drwxrwxr-x    2 sambauser sambauser 4.0K Feb 27 17:07 2025112703
082327.894: [08:23:27]drwxrwxr-x    2 sambauser sambauser 4.0K Feb 27 17:07 2025112704
082327.894: [08:23:27]drwxrwxr-x    2 sambauser sambauser 4.0K Feb 27 17:07 2025112705
082327.894: [08:23:27]drwxrwxr-x    2 sambauser sambauser 4.0K Feb 27 17:07 2025112706
082327.894: [08:23:27]drwxrwxr-x    2 sambauser sambauser 4.0K Feb 27 17:07 2025112707
082327.894: [08:23:27]drwxrwxr-x    2 sambauser sambauser 4.0K Feb 27 17:07 2025112708
082327.894: [08:23:27]drwxrwxr-x    2 sambauser sambauser 4.0K Feb 27 17:07 2025112713
082327.894: [08:23:27]drwxrwxr-x    2 sambauser sambauser 4.0K Feb 27 17:07 2025112714
082327.894: [08:23:27]drwxrwxr-x    2 sambauser sambauser 4.0K Feb 27 17:07 2025112715
082327.894: [08:23:27]drwxrwxr-x    2 sambauser sambauser 4.0K Feb 27 17:07 2025112716
082327.895: [08:23:27]drwxrwxr-x    2 sambauser sambauser 4.0K Feb 27 17:07 2025112718
082327.895: [08:23:27]drwxrwxr-x    2 sambauser sambauser 4.0K Feb 27 17:07 2025112719
082327.895: [08:23:27]drwxrwxr-x    2 sambauser sambauser 4.0K Feb 27 17:07 2025112720
082327.895: [08:23:27]drwxrwxr-x    2 sambauser sambauser 4.0K Feb 27 17:07 2025112721
082327.895: [08:23:27]drwxrwxr-x    2 sambauser sambauser 4.0K Feb 27 17:07 2025112723
082327.895: [08:23:27]drwxrwxr-x    2 sambauser sambauser 4.0K Feb 27 17:07 2025112800
082327.895: [08:23:27]drwxrwxr-x    2 sambauser sambauser 4.0K Feb 27 17:07 2025112801
082327.895: [08:23:27]drwxrwxr-x    2 sambauser sambauser 4.0K Feb 27 17:07 2025112802
082327.895: [08:23:27]drwxrwxr-x    2 sambauser sambauser 4.0K Feb 27 17:07 2025112803
082327.895: [08:23:27]drwxrwxr-x    2 sambauser sambauser 4.0K Feb 27 17:07 2025112805
082327.895: [08:23:27]drwxrwxr-x    2 sambauser sambauser 4.0K Feb 27 17:07 2025112806
082327.895: [08:23:27]drwxrwxr-x    2 sambauser sambauser 4.0K Feb 27 17:07 2025112807
082327.895: [08:23:27]drwxrwxr-x    2 sambauser sambauser 4.0K Feb 27 17:07 2025112809
082327.895: [08:23:27]drwxrwxr-x    2 sambauser sambauser 4.0K Feb 27 17:07 2025112810
082327.895: [08:23:27]drwxrwxr-x    2 sambauser sambauser 4.0K Feb 27 17:07 2025112811
082327.895: [08:23:27]drwxrwxr-x    2 sambauser sambauser 4.0K Feb 27 17:07 2025112812
082327.895: [08:23:27]drwxrwxr-x    2 sambauser sambauser 4.0K Feb 27 17:07 2025112813
082327.895: [08:23:27]drwxrwxr-x    2 sambauser sambauser 4.0K Feb 27 17:07 2025112814
082327.895: [08:23:27]drwxrwxr-x    2 sambauser sambauser 4.0K Feb 27 17:07 2025112815
082327.895: [08:23:27]drwxrwxr-x    2 sambauser sambauser 4.0K Feb 27 17:07 2025112817
082327.895: [08:23:27]drwxrwxr-x    2 sambauser sambauser 4.0K Feb 27 17:07 2025112818
082327.895: [08:23:27]drwxrwxr-x    2 sambauser sambauser 4.0K Feb 27 17:07 2025112819
082327.895: [08:23:27]drwxrwxr-x    2 sambauser sambauser 4.0K Feb 27 17:07 2025112820
082327.895: [08:23:27]drwxrwxr-x    2 sambauser sambauser 4.0K Feb 27 17:07 2025112821
082327.895: [08:23:27]drwxrwxr-x    2 sambauser sambauser 4.0K Feb 27 17:07 2025112901
082327.895: [08:23:27]drwxrwxr-x    2 sambauser sambauser 4.0K Feb 27 17:07 2025112906
082327.896: [08:23:27]drwxrwxr-x    2 sambauser sambauser 4.0K Feb 27 17:07 2025112907
082327.896: [08:23:27]drwxrwxr-x    2 sambauser sambauser 4.0K Feb 27 17:07 2025112908
082327.896: [08:23:27]drwxrwxr-x    2 sambauser sambauser 4.0K Feb 27 17:07 2025112910
082327.896: [08:23:27]drwxrwxr-x    2 sambauser sambauser 4.0K Feb 27 17:07 2025112911
082327.896: [08:23:27]drwxrwxr-x    2 sambauser sambauser 4.0K Feb 27 17:07 2025112912
082327.896: [08:23:27]drwxrwxr-x    2 sambauser sambauser 4.0K Feb 27 17:07 2025112914
082327.896: [08:23:27]drwxrwxr-x    2 sambauser sambauser 4.0K Feb 27 17:07 2025112916
082327.896: [08:23:27]drwxrwxr-x    2 sambauser sambauser 4.0K Feb 27 17:07 2025112917
082327.896: [08:23:27]drwxrwxr-x    2 sambauser sambauser 4.0K Feb 27 17:07 2025112918
082327.896: [08:23:27]drwxrwxr-x    2 sambauser sambauser 4.0K Feb 27 17:07 2025112919
082327.896: [08:23:27]drwxrwxr-x    2 sambauser sambauser 4.0K Feb 27 17:07 2025112920
082327.896: [08:23:27]drwxrwxr-x    2 sambauser sambauser 4.0K Feb 27 17:07 2025112921
082327.896: [08:23:27]drwxrwxr-x    2 sambauser sambauser 4.0K Feb 27 17:07 2025112922
082327.896: [08:23:27]drwxrwxr-x    2 sambauser sambauser 4.0K Feb 27 17:07 2025112923
082327.896: [08:23:27]drwxrwxr-x    2 sambauser sambauser 4.0K Feb 27 17:07 2025113000
082327.896: [08:23:27]drwxrwxr-x    2 sambauser sambauser 4.0K Feb 27 17:07 2025113001
082327.896: [08:23:27]drwxrwxr-x    2 sambauser sambauser 4.0K Feb 27 17:07 2025113002
082327.896: [08:23:27]drwxrwxr-x    2 sambauser sambauser 4.0K Feb 27 17:07 2025113003
082327.896: [08:23:27]drwxrwxr-x    2 sambauser sambauser 4.0K Nov 30 05:00 2025113004
082327.896: [08:23:27]drwxrwxr-x    2 sambauser sambauser 4.0K Nov 30 06:05 2025113005
082327.896: [08:23:27]drwxrwxr-x    2 sambauser sambauser 4.0K Nov 30 07:00 2025113006
082327.896: [08:23:27]drwxrwxr-x    2 sambauser sambauser 4.0K Nov 30 08:00 2025113007
082327.896: [08:23:27]drwxrwxr-x    2 sambauser sambauser 4.0K Nov 30 08:25 2025113008
082327.896: [08:23:27]drwxrwxr-x    2 sambauser sambauser 4.0K Nov 30 12:55 2025113012
082327.896: [08:23:27]drwxrwxr-x    2 sambauser sambauser 4.0K Nov 30 14:05 2025113013
082327.896: [08:23:27]drwxrwxr-x    2 sambauser sambauser 4.0K Nov 30 14:35 2025113014
082327.897: [08:23:27]drwxrwxr-x    2 sambauser sambauser 4.0K Nov 30 16:25 2025113016
082327.897: [08:23:27]drwxrwxr-x    2 sambauser sambauser 4.0K Nov 30 17:20 2025113017
082327.897: [08:23:27]drwxrwxr-x    2 sambauser sambauser 4.0K Nov 30 19:05 2025113018
082327.897: [08:23:27]drwxrwxr-x    2 sambauser sambauser 4.0K Nov 30 20:00 2025113019
082327.897: [08:23:27]drwxrwxr-x    2 sambauser sambauser 4.0K Nov 30 21:05 2025113020
082327.897: [08:23:27]drwxrwxr-x    2 sambauser sambauser 4.0K Nov 30 21:35 2025113021
082327.897: [08:23:27]drwxrwxr-x    2 sambauser sambauser 4.0K Nov 30 23:05 2025113022
082327.897: [08:23:27]drwxrwxr-x    2 sambauser sambauser 4.0K Nov 30 23:45 2025113023
082327.897: [08:23:27]drwxrwxr-x    2 sambauser sambauser 4.0K Dec  1 00:50 2025120100
082327.897: [08:23:27]drwxrwxr-x    2 sambauser sambauser 4.0K Dec  1 02:00 2025120101
082327.897: [08:23:27]drwxrwxr-x    2 sambauser sambauser 4.0K Dec  1 03:15 2025120103
082327.897: [08:23:27]drwxrwxr-x    2 sambauser sambauser 4.0K Dec  1 04:40 2025120104
082327.897: [08:23:27]drwxrwxr-x    2 sambauser sambauser 4.0K Dec  1 06:00 2025120105
082327.897: [08:23:27]drwxrwxr-x    2 sambauser sambauser 4.0K Dec  1 06:35 2025120106
082327.897: [08:23:27]drwxrwxr-x    2 sambauser sambauser 4.0K Dec  1 07:20 2025120107
082327.897: [08:23:27]drwxrwxr-x    2 sambauser sambauser 4.0K Dec  1 08:30 2025120108
082327.897: [08:23:27]drwxrwxr-x    2 sambauser sambauser 4.0K Dec  1 12:40 2025120112
082327.897: [08:23:27]drwxrwxr-x    2 sambauser sambauser 4.0K Dec  1 13:55 2025120113
082327.897: [08:23:27]drwxrwxr-x    2 sambauser sambauser 4.0K Dec  1 14:45 2025120114
082327.897: [08:23:27]drwxrwxr-x    2 sambauser sambauser 4.0K Dec  1 18:00 2025120117
082327.897: [08:23:27]drwxrwxr-x    2 sambauser sambauser 4.0K Dec  1 18:55 2025120118
082327.897: [08:23:27]drwxrwxr-x    2 sambauser sambauser 4.0K Dec  1 19:30 2025120119
082327.898: [08:23:27]drwxrwxr-x    2 sambauser sambauser 4.0K Dec  1 21:00 2025120120
082327.898: [08:23:27]drwxrwxr-x    2 sambauser sambauser 4.0K Dec  1 21:55 2025120121
082327.898: [08:23:27]drwxrwxr-x    2 sambauser sambauser 4.0K Dec  1 22:25 2025120122
082327.898: [08:23:27]drwxrwxr-x    2 sambauser sambauser 4.0K Dec  1 23:50 2025120123
082327.898: [08:23:27]drwxrwxr-x    2 sambauser sambauser 4.0K Dec  2 01:00 2025120200
082327.898: [08:23:27]drwxrwxr-x    2 sambauser sambauser 4.0K Dec  2 01:40 2025120201
082327.898: [08:23:27]drwxrwxr-x    2 sambauser sambauser 4.0K Dec  2 02:50 2025120202
082327.898: [08:23:27]drwxrwxr-x    2 sambauser sambauser 4.0K Dec  2 03:55 2025120203
082327.898: [08:23:27]drwxrwxr-x    2 sambauser sambauser 4.0K Dec  2 04:50 2025120204
082327.898: [08:23:27]drwxrwxr-x    2 sambauser sambauser 4.0K Dec  2 05:50 2025120205
082327.898: [08:23:27]drwxrwxr-x    2 sambauser sambauser 4.0K Dec  2 07:05 2025120206
082327.898: [08:23:27]drwxrwxr-x    2 sambauser sambauser 4.0K Dec  2 07:25 2025120207
082327.898: [08:23:27]drwxrwxr-x    2 sambauser sambauser 4.0K Dec  2 08:45 2025120208
082327.898: [08:23:27]drwxrwxr-x    2 sambauser sambauser 4.0K Dec  2 10:05 2025120209
082327.898: [08:23:27]drwxrwxr-x    2 sambauser sambauser 4.0K Dec  2 12:00 2025120211
082327.898: [08:23:27]drwxrwxr-x    2 sambauser sambauser 4.0K Dec  2 12:10 2025120212
082327.898: [08:23:27]drwxrwxr-x    2 sambauser sambauser 4.0K Dec  2 13:25 2025120213
082327.898: [08:23:27]drwxrwxr-x    2 sambauser sambauser 4.0K Dec  2 17:05 2025120216
082327.898: [08:23:27]drwxrwxr-x    2 sambauser sambauser 4.0K Dec  2 17:55 2025120217
082327.898: [08:23:27]drwxrwxr-x    2 sambauser sambauser 4.0K Dec  2 18:15 2025120218
082327.898: [08:23:27]drwxrwxr-x    2 sambauser sambauser 4.0K Dec  2 19:50 2025120219
082327.898: [08:23:27]drwxrwxr-x    2 sambauser sambauser 4.0K Dec  2 21:00 2025120220
082327.898: [08:23:27]drwxrwxr-x    2 sambauser sambauser 4.0K Dec  2 21:55 2025120221
082327.898: [08:23:27]drwxrwxr-x    2 sambauser sambauser 4.0K Dec  2 23:05 2025120222
082327.898: [08:23:27]drwxrwxr-x    2 sambauser sambauser 4.0K Dec  2 23:40 2025120223
082327.898: [08:23:27]drwxrwxr-x    2 sambauser sambauser 4.0K Dec  3 00:20 2025120300
082327.898: [08:23:27]drwxrwxr-x    2 sambauser sambauser 4.0K Dec  3 01:45 2025120301
082327.898: [08:23:27]drwxrwxr-x    2 sambauser sambauser 4.0K Dec  3 02:45 2025120302
082327.898: [08:23:27]drwxrwxr-x    2 sambauser sambauser 4.0K Dec  3 03:55 2025120303
082327.898: [08:23:27]drwxrwxr-x    2 sambauser sambauser 4.0K Dec  3 05:00 2025120304
082327.899: [08:23:27]drwxrwxr-x    2 sambauser sambauser 4.0K Dec  3 06:00 2025120305
082327.899: [08:23:27]drwxrwxr-x    2 sambauser sambauser 4.0K Dec  3 06:55 2025120306
082327.899: [08:23:27]drwxrwxr-x    2 sambauser sambauser 4.0K Dec  3 08:00 2025120307
082327.899: [08:23:27]drwxrwxr-x    2 sambauser sambauser 4.0K Dec  3 08:51 2025120308
082327.899: [08:23:27]drwxrwxr-x    2 sambauser sambauser 4.0K Dec  3 10:50 2025120310
082327.899: [08:23:27]drwxrwxr-x    2 sambauser sambauser 4.0K Dec  3 12:45 2025120312
082327.899: [08:23:27]drwxrwxr-x    2 sambauser sambauser 4.0K Dec  3 13:36 2025120313
082327.899: [08:23:27]drwxrwxr-x    2 sambauser sambauser 4.0K Dec  3 15:05 2025120314
082327.899: [08:23:27]drwxrwxr-x    2 sambauser sambauser 4.0K Dec  3 15:20 2025120315
082327.899: [08:23:27]drwxrwxr-x    2 sambauser sambauser 4.0K Dec  3 18:55 2025120318
082327.899: [08:23:27]drwxrwxr-x    2 sambauser sambauser 4.0K Dec  3 20:23 2025120319
082327.899: [08:23:27]drwxrwxr-x    2 sambauser sambauser 4.0K Dec  3 21:34 2025120320
082327.899: [08:23:27]drwxrwxr-x    2 sambauser sambauser 4.0K Dec  3 22:00 2025120321
082327.899: [08:23:27]drwxrwxr-x    2 sambauser sambauser 4.0K Dec  3 22:55 2025120322
082327.899: [08:23:27]drwxrwxr-x    2 sambauser sambauser 4.0K Dec  3 23:55 2025120323
082327.899: [08:23:27]drwxrwxr-x    2 sambauser sambauser 4.0K Dec  4 00:55 2025120400
082327.899: [08:23:27]drwxrwxr-x    2 sambauser sambauser 4.0K Dec  4 01:55 2025120401
082327.899: [08:23:27]drwxrwxr-x    2 sambauser sambauser 4.0K Dec  4 03:05 2025120402
082327.899: [08:23:27]drwxrwxr-x    2 sambauser sambauser 4.0K Dec  4 04:00 2025120403
082327.899: [08:23:27]drwxrwxr-x    2 sambauser sambauser 4.0K Dec  4 05:00 2025120404
082327.899: [08:23:27]drwxrwxr-x    2 sambauser sambauser 4.0K Dec  4 05:45 2025120405
082327.899: [08:23:27]drwxrwxr-x    2 sambauser sambauser 4.0K Dec  4 07:00 2025120406
082327.899: [08:23:27]drwxrwxr-x    2 sambauser sambauser 4.0K Dec  4 07:45 2025120407
082327.899: [08:23:27]drwxrwxr-x    2 sambauser sambauser 4.0K Dec  4 08:40 2025120408
082327.899: [08:23:27]drwxrwxr-x    2 sambauser sambauser 4.0K Dec  4 09:45 2025120409
082327.899: [08:23:27]drwxrwxr-x    2 sambauser sambauser 4.0K Dec  4 10:50 2025120410
082327.900: [08:23:27]drwxrwxr-x    2 sambauser sambauser 4.0K Dec  4 13:00 2025120412
082327.900: [08:23:27]drwxrwxr-x    2 sambauser sambauser 4.0K Dec  4 14:55 2025120414
082327.900: [08:23:27]drwxrwxr-x    2 sambauser sambauser 4.0K Dec  4 15:25 2025120415
082327.900: [08:23:27]drwxrwxr-x    2 sambauser sambauser 4.0K Dec  4 17:45 2025120417
082327.900: [08:23:27]drwxrwxr-x    2 sambauser sambauser 4.0K Dec  4 18:10 2025120418
082327.900: [08:23:27]drwxrwxr-x    2 sambauser sambauser 4.0K Dec  4 20:00 2025120419
082327.900: [08:23:27]drwxrwxr-x    2 sambauser sambauser 4.0K Dec  4 21:00 2025120420
082327.900: [08:23:27]drwxrwxr-x    2 sambauser sambauser 4.0K Dec  4 22:00 2025120421
082327.900: [08:23:27]drwxrwxr-x    2 sambauser sambauser 4.0K Dec  4 23:00 2025120422
082327.900: [08:23:27]drwxrwxr-x    2 sambauser sambauser 4.0K Dec  4 23:45 2025120423
082327.900: [08:23:27]drwxrwxr-x    2 sambauser sambauser 4.0K Dec  5 00:45 2025120500
082327.900: [08:23:27]drwxrwxr-x    2 sambauser sambauser 4.0K Dec  5 02:00 2025120501
082327.900: [08:23:27]drwxrwxr-x    2 sambauser sambauser 4.0K Dec  5 02:35 2025120502
082327.900: [08:23:27]drwxrwxr-x    2 sambauser sambauser 4.0K Dec  5 21:10 2025120503
082327.900: [08:23:27]drwxrwxr-x    2 sambauser sambauser 4.0K Dec  5 21:10 2025120504
082327.900: [08:23:27]drwxrwxr-x    2 sambauser sambauser 4.0K Dec  5 21:10 2025120505
082327.900: [08:23:27]drwxrwxr-x    2 sambauser sambauser 4.0K Dec  5 21:10 2025120506
082327.900: [08:23:27]drwxrwxr-x    2 sambauser sambauser 4.0K Dec  5 21:15 2025120507
082327.900: [08:23:27]drwxrwxr-x    2 sambauser sambauser 4.0K Dec  5 21:15 2025120510
082327.900: [08:23:27]drwxrwxr-x    2 sambauser sambauser 4.0K Dec  5 21:15 2025120518
082327.900: [08:23:27]drwxrwxr-x    2 sambauser sambauser 4.0K Dec  5 21:16 2025120520
082327.900: [08:23:27]drwxrwxr-x    2 sambauser sambauser 4.0K Dec  5 21:35 2025120521
082327.900: [08:23:27]drwxrwxr-x    2 sambauser sambauser 4.0K Dec  5 22:55 2025120522
082327.900: [08:23:27]drwxrwxr-x    2 sambauser sambauser 4.0K Dec  6 00:00 2025120523
082327.900: [08:23:27]drwxrwxr-x    2 sambauser sambauser 4.0K Dec  6 00:55 2025120600
082327.900: [08:23:27]drwxrwxr-x    2 sambauser sambauser 4.0K Dec  6 01:55 2025120601
082327.900: [08:23:27]drwxrwxr-x    2 sambauser sambauser 4.0K Dec  6 03:05 2025120602
082327.900: [08:23:27]drwxrwxr-x    2 sambauser sambauser 4.0K Dec  6 03:55 2025120603
082327.901: [08:23:27]drwxrwxr-x    2 sambauser sambauser 4.0K Dec  6 04:40 2025120604
082327.901: [08:23:27]drwxrwxr-x    2 sambauser sambauser 4.0K Dec  6 05:45 2025120605
082327.901: [08:23:27]drwxrwxr-x    2 sambauser sambauser 4.0K Dec  6 06:45 2025120606
082327.901: [08:23:27]drwxrwxr-x    2 sambauser sambauser 4.0K Dec  6 08:58 2025120607
082327.901: [08:23:27]drwxrwxr-x    2 sambauser sambauser 4.0K Dec  6 09:05 2025120608
082327.901: [08:23:27]drwxrwxr-x    2 sambauser sambauser 4.0K Dec  6 09:20 2025120609
082327.901: [08:23:27]drwxrwxr-x    2 sambauser sambauser 4.0K Dec  6 10:20 2025120610
082327.901: [08:23:27]drwxrwxr-x    2 sambauser sambauser 4.0K Dec  6 11:50 2025120611
082327.908: [08:23:27]drwxrwxr-x    2 sambauser sambauser 4.0K Dec  6 15:00 2025120614
082327.908: [08:23:27]drwxrwxr-x    2 sambauser sambauser 4.0K Dec  6 15:40 2025120615
082327.908: [08:23:27]drwxrwxr-x    2 sambauser sambauser 4.0K Dec  6 17:00 2025120616
082327.908: [08:23:27]drwxrwxr-x    2 sambauser sambauser 4.0K Dec  6 17:50 2025120617
082327.908: [08:23:27]drwxrwxr-x    2 sambauser sambauser 4.0K Dec  6 18:15 2025120618
082327.908: [08:23:27]drwxrwxr-x    2 sambauser sambauser 4.0K Dec  6 21:00 2025120620
082327.908: [08:23:27]drwxrwxr-x    2 sambauser sambauser 4.0K Dec  6 21:45 2025120621
082327.908: [08:23:27]drwxrwxr-x    2 sambauser sambauser 4.0K Dec  6 22:55 2025120622
082327.908: [08:23:27]drwxrwxr-x    2 sambauser sambauser 4.0K Dec  6 23:45 2025120623
082327.908: [08:23:27]drwxrwxr-x    2 sambauser sambauser 4.0K Dec  7 01:00 2025120700
082327.908: [08:23:27]drwxrwxr-x    2 sambauser sambauser 4.0K Dec  7 01:20 2025120701
082327.908: [08:23:27]drwxrwxr-x    2 sambauser sambauser 4.0K Dec  7 02:45 2025120702
082327.908: [08:23:27]drwxrwxr-x    2 sambauser sambauser 4.0K Dec  7 19:00 2025120703
082327.908: [08:23:27]drwxrwxr-x    2 sambauser sambauser 4.0K Dec  7 19:00 2025120704
082327.908: [08:23:27]drwxrwxr-x    2 sambauser sambauser 4.0K Dec  7 19:00 2025120705
082327.908: [08:23:27]drwxrwxr-x    2 sambauser sambauser 4.0K Dec  7 19:00 2025120706
082327.908: [08:23:27]drwxrwxr-x    2 sambauser sambauser 4.0K Dec  7 19:05 2025120707
082327.908: [08:23:27]drwxrwxr-x    2 sambauser sambauser 4.0K Dec  7 19:06 2025120708
082327.908: [08:23:27]drwxrwxr-x    2 sambauser sambauser 4.0K Dec  7 19:06 2025120709
082327.908: [08:23:27]drwxrwxr-x    2 sambauser sambauser 4.0K Dec  7 19:06 2025120713
082327.908: [08:23:27]drwxrwxr-x    2 sambauser sambauser 4.0K Dec  7 19:06 2025120714
082327.908: [08:23:27]drwxrwxr-x    2 sambauser sambauser 4.0K Dec  7 19:06 2025120715
082327.908: [08:23:27]drwxrwxr-x    2 sambauser sambauser 4.0K Dec  7 19:07 2025120717
082327.908: [08:23:27]drwxrwxr-x    2 sambauser sambauser 4.0K Dec  7 19:07 2025120718
082327.908: [08:23:27]drwxrwxr-x    2 sambauser sambauser 4.0K Dec  7 20:05 2025120719
082327.908: [08:23:27]drwxrwxr-x    2 sambauser sambauser 4.0K Dec  7 20:55 2025120720
082327.908: [08:23:27]drwxrwxr-x    2 sambauser sambauser 4.0K Dec  7 21:45 2025120721
082327.908: [08:23:27]drwxrwxr-x    2 sambauser sambauser 4.0K Dec  7 22:55 2025120722
082327.908: [08:23:27]drwxrwxr-x    2 sambauser sambauser 4.0K Dec  7 23:55 2025120723
082327.908: [08:23:27]drwxrwxr-x    2 sambauser sambauser 4.0K Dec  8 00:20 2025120800
082327.909: [08:23:27]drwxrwxr-x    2 sambauser sambauser 4.0K Dec  8 01:30 2025120801
082327.909: [08:23:27]drwxrwxr-x    2 sambauser sambauser 4.0K Dec  8 02:35 2025120802
082327.909: [08:23:27]drwxrwxr-x    2 sambauser sambauser 4.0K Dec  8 04:00 2025120803
082327.909: [08:23:27]drwxrwxr-x    2 sambauser sambauser 4.0K Dec  8 04:45 2025120804
082327.909: [08:23:27]drwxrwxr-x    2 sambauser sambauser 4.0K Dec  8 06:00 2025120805
082327.909: [08:23:27]drwxrwxr-x    2 sambauser sambauser 4.0K Dec  8 06:50 2025120806
082327.909: [08:23:27]drwxrwxr-x    2 sambauser sambauser 4.0K Dec  8 07:45 2025120807
082327.909: [08:23:27]drwxrwxr-x    2 sambauser sambauser 4.0K Dec  8 08:50 2025120808
082327.909: [08:23:27]drwxrwxr-x    2 sambauser sambauser 4.0K Dec  8 09:55 2025120809
082327.909: [08:23:27]drwxrwxr-x    2 sambauser sambauser 4.0K Dec  8 12:55 2025120812
082327.909: [08:23:27]drwxrwxr-x    2 sambauser sambauser 4.0K Dec  8 13:15 2025120813
082327.909: [08:23:27]drwxrwxr-x    2 sambauser sambauser 4.0K Dec  8 15:10 2025120815
082327.909: [08:23:27]drwxrwxr-x    2 sambauser sambauser 4.0K Dec  8 18:35 2025120818
082327.909: [08:23:27]drwxrwxr-x    2 sambauser sambauser 4.0K Dec  8 19:10 2025120819
082327.909: [08:23:27]drwxrwxr-x    2 sambauser sambauser 4.0K Dec  8 21:01 2025120820
082327.909: [08:23:27]drwxrwxr-x    2 sambauser sambauser 4.0K Dec  8 21:45 2025120821
082327.909: [08:23:27]drwxrwxr-x    2 sambauser sambauser 4.0K Dec  8 22:50 2025120822
082327.909: [08:23:27]drwxrwxr-x    2 sambauser sambauser 4.0K Dec  9 00:00 2025120823
082327.909: [08:23:27]drwxrwxr-x    2 sambauser sambauser 4.0K Dec  9 00:50 2025120900
082327.909: [08:23:27]drwxrwxr-x    2 sambauser sambauser 4.0K Dec  9 02:05 2025120901
082327.909: [08:23:27]drwxrwxr-x    2 sambauser sambauser 4.0K Dec  9 03:05 2025120902
082327.909: [08:23:27]drwxrwxr-x    2 sambauser sambauser 4.0K Dec  9 03:50 2025120903
082327.909: [08:23:27]drwxrwxr-x    2 sambauser sambauser 4.0K Dec  9 05:05 2025120904
082327.910: [08:23:27]drwxrwxr-x    2 sambauser sambauser 4.0K Dec  9 06:00 2025120905
082327.910: [08:23:27]drwxrwxr-x    2 sambauser sambauser 4.0K Dec  9 06:55 2025120906
082327.910: [08:23:27]drwxrwxr-x    2 sambauser sambauser 4.0K Dec  9 07:55 2025120907
082327.910: [08:23:27]drwxrwxr-x    2 sambauser sambauser 4.0K Dec  9 09:00 2025120908
082327.910: [08:23:27]drwxrwxr-x    2 sambauser sambauser 4.0K Dec  9 09:20 2025120909
082327.910: [08:23:27]drwxrwxr-x    2 sambauser sambauser 4.0K Dec  9 11:25 2025120911
082327.910: [08:23:27]drwxrwxr-x    2 sambauser sambauser 4.0K Dec  9 12:20 2025120912
082327.910: [08:23:27]drwxrwxr-x    2 sambauser sambauser 4.0K Dec  9 14:00 2025120913
082327.910: [08:23:27]drwxrwxr-x    2 sambauser sambauser 4.0K Dec  9 15:00 2025120914
082327.910: [08:23:27]drwxrwxr-x    2 sambauser sambauser 4.0K Dec  9 15:40 2025120915
082327.910: [08:23:27]drwxrwxr-x    2 sambauser sambauser 4.0K Dec  9 17:45 2025120917
082327.910: [08:23:27]drwxrwxr-x    2 sambauser sambauser 4.0K Dec  9 18:50 2025120918
082327.910: [08:23:27]drwxrwxr-x    2 sambauser sambauser 4.0K Dec  9 19:55 2025120919
082327.910: [08:23:27]drwxrwxr-x    2 sambauser sambauser 4.0K Dec  9 21:00 2025120920
082327.910: [08:23:27]drwxrwxr-x    2 sambauser sambauser 4.0K Dec  9 21:50 2025120921
082327.910: [08:23:27]drwxrwxr-x    2 sambauser sambauser 4.0K Dec  9 23:00 2025120922
082327.910: [08:23:27]drwxrwxr-x    2 sambauser sambauser 4.0K Dec  9 23:45 2025120923
082327.910: [08:23:27]drwxrwxr-x    2 sambauser sambauser 4.0K Dec 10 01:55 2025121001
082327.910: [08:23:27]drwxrwxr-x    2 sambauser sambauser 4.0K Dec 10 02:40 2025121002
082327.910: [08:23:27]drwxrwxr-x    2 sambauser sambauser 4.0K Dec 10 03:20 2025121003
082327.910: [08:23:27]drwxrwxr-x    2 sambauser sambauser 4.0K Dec 10 05:00 2025121004
082327.910: [08:23:27]drwxrwxr-x    2 sambauser sambauser 4.0K Dec 10 06:00 2025121005
082327.910: [08:23:27]drwxrwxr-x    2 sambauser sambauser 4.0K Dec 10 06:50 2025121006
082327.910: [08:23:27]drwxrwxr-x    2 sambauser sambauser 4.0K Dec 10 07:55 2025121007
082327.910: [08:23:27]drwxrwxr-x    2 sambauser sambauser 4.0K Dec 10 09:30 2025121009
082327.910: [08:23:27]drwxrwxr-x    2 sambauser sambauser 4.0K Dec 10 13:40 2025121013
082327.910: [08:23:27]drwxrwxr-x    2 sambauser sambauser 4.0K Dec 10 15:55 2025121015
082327.910: [08:23:27]drwxrwxr-x    2 sambauser sambauser 4.0K Dec 10 17:00 2025121016
082327.911: [08:23:27]drwxrwxr-x    2 sambauser sambauser 4.0K Dec 10 17:55 2025121017
082327.911: [08:23:27]drwxrwxr-x    2 sambauser sambauser 4.0K Dec 10 18:55 2025121018
082327.911: [08:23:27]drwxrwxr-x    2 sambauser sambauser 4.0K Dec 10 20:05 2025121019
082327.911: [08:23:27]drwxrwxr-x    2 sambauser sambauser 4.0K Dec 10 21:03 2025121020
082327.911: [08:23:27]drwxrwxr-x    2 sambauser sambauser 4.0K Dec 10 21:53 2025121021
082327.911: [08:23:27]drwxrwxr-x    2 sambauser sambauser 4.0K Dec 10 22:43 2025121022
082327.911: [08:23:27]drwxrwxr-x    2 sambauser sambauser 4.0K Dec 11 00:03 2025121023
082327.911: [08:23:27]drwxrwxr-x    2 sambauser sambauser 4.0K Dec 11 00:53 2025121100
082327.911: [08:23:27]drwxrwxr-x    2 sambauser sambauser 4.0K Dec 11 01:53 2025121101
082327.911: [08:23:27]drwxrwxr-x    2 sambauser sambauser 4.0K Dec 11 02:53 2025121102
082327.911: [08:23:27]drwxrwxr-x    2 sambauser sambauser 4.0K Dec 11 03:53 2025121103
082327.911: [08:23:27]drwxrwxr-x    2 sambauser sambauser 4.0K Dec 11 04:53 2025121104
082327.911: [08:23:27]drwxrwxr-x    2 sambauser sambauser 4.0K Dec 11 05:23 2025121105
082327.911: [08:23:27]drwxrwxr-x    2 sambauser sambauser 4.0K Dec 11 06:58 2025121106
082327.911: [08:23:27]drwxrwxr-x    2 sambauser sambauser 4.0K Dec 11 07:48 2025121107
082327.911: [08:23:27]drwxrwxr-x    2 sambauser sambauser 4.0K Dec 11 09:03 2025121108
082327.911: [08:23:27]drwxrwxr-x    2 sambauser sambauser 4.0K Dec 11 09:43 2025121109
082327.911: [08:23:27]drwxrwxr-x    2 sambauser sambauser 4.0K Dec 11 11:58 2025121111
082327.911: [08:23:27]drwxrwxr-x    2 sambauser sambauser 4.0K Dec 11 12:28 2025121112
082327.911: [08:23:27]drwxrwxr-x    2 sambauser sambauser 4.0K Dec 11 13:53 2025121113
082327.911: [08:23:27]drwxrwxr-x    2 sambauser sambauser 4.0K Dec 11 15:48 2025121115
082327.911: [08:23:27]drwxrwxr-x    2 sambauser sambauser 4.0K Dec 11 17:03 2025121116
082327.911: [08:23:27]drwxrwxr-x    2 sambauser sambauser 4.0K Dec 11 17:48 2025121117
082327.911: [08:23:27]drwxrwxr-x    2 sambauser sambauser 4.0K Dec 11 18:43 2025121118
082327.912: [08:23:27]drwxrwxr-x    2 sambauser sambauser 4.0K Dec 11 19:58 2025121119
082327.912: [08:23:27]drwxrwxr-x    2 sambauser sambauser 4.0K Dec 11 21:03 2025121120
082327.912: [08:23:27]drwxrwxr-x    2 sambauser sambauser 4.0K Dec 11 21:38 2025121121
082327.912: [08:23:27]drwxrwxr-x    2 sambauser sambauser 4.0K Dec 11 22:58 2025121122
082327.912: [08:23:27]drwxrwxr-x    2 sambauser sambauser 4.0K Dec 11 23:28 2025121123
082327.912: [08:23:27]drwxrwxr-x    2 sambauser sambauser 4.0K Dec 12 00:53 2025121200
082327.912: [08:23:27]drwxrwxr-x    2 sambauser sambauser 4.0K Dec 12 01:43 2025121201
082327.912: [08:23:27]drwxrwxr-x    2 sambauser sambauser 4.0K Dec 12 03:03 2025121202
082327.912: [08:23:27]drwxrwxr-x    2 sambauser sambauser 4.0K Dec 12 03:48 2025121203
082327.912: [08:23:27]drwxrwxr-x    2 sambauser sambauser 4.0K Dec 12 04:48 2025121204
082327.912: [08:23:27]drwxrwxr-x    2 sambauser sambauser 4.0K Dec 12 05:58 2025121205
082327.912: [08:23:27]drwxrwxr-x    2 sambauser sambauser 4.0K Dec 12 06:53 2025121206
082327.912: [08:23:27]drwxrwxr-x    2 sambauser sambauser 4.0K Dec 12 07:43 2025121207
082327.912: [08:23:27]drwxrwxr-x    2 sambauser sambauser 4.0K Dec 12 09:58 2025121209
082327.912: [08:23:27]drwxrwxr-x    2 sambauser sambauser 4.0K Dec 12 12:23 2025121212
082327.912: [08:23:27]drwxrwxr-x    2 sambauser sambauser 4.0K Dec 12 14:03 2025121213
082327.912: [08:23:27]drwxrwxr-x    2 sambauser sambauser 4.0K Dec 12 14:58 2025121214
082327.912: [08:23:27]drwxrwxr-x    2 sambauser sambauser 4.0K Dec 12 15:53 2025121215
082327.912: [08:23:27]drwxrwxr-x    2 sambauser sambauser 4.0K Dec 12 17:58 2025121217
082327.912: [08:23:27]drwxrwxr-x    2 sambauser sambauser 4.0K Dec 12 20:03 2025121219
082327.912: [08:23:27]drwxrwxr-x    2 sambauser sambauser 4.0K Dec 12 21:03 2025121220
082327.912: [08:23:27]drwxrwxr-x    2 sambauser sambauser 4.0K Dec 12 21:48 2025121221
082327.912: [08:23:27]drwxrwxr-x    2 sambauser sambauser 4.0K Dec 12 22:58 2025121222
082327.912: [08:23:27]drwxrwxr-x    2 sambauser sambauser 4.0K Dec 12 23:58 2025121223
082327.912: [08:23:27]drwxrwxr-x    2 sambauser sambauser 4.0K Dec 13 00:58 2025121300
082327.912: [08:23:27]drwxrwxr-x    2 sambauser sambauser 4.0K Dec 13 01:48 2025121301
082327.912: [08:23:27]drwxrwxr-x    2 sambauser sambauser 4.0K Dec 13 04:08 2025121302
082327.913: [08:23:27]drwxrwxr-x    2 sambauser sambauser 4.0K Dec 13 04:08 2025121303
082327.913: [08:23:27]drwxrwxr-x    2 sambauser sambauser 4.0K Dec 13 04:38 2025121304
082327.913: [08:23:27]drwxrwxr-x    2 sambauser sambauser 4.0K Dec 13 06:03 2025121305
082327.913: [08:23:27]drwxrwxr-x    2 sambauser sambauser 4.0K Dec 13 07:03 2025121306
082327.913: [08:23:27]drwxrwxr-x    2 sambauser sambauser 4.0K Dec 13 08:03 2025121307
082327.913: [08:23:27]drwxrwxr-x    2 sambauser sambauser 4.0K Dec 13 08:53 2025121308
082327.913: [08:23:27]drwxrwxr-x    2 sambauser sambauser 4.0K Dec 13 09:38 2025121309
082327.913: [08:23:27]drwxrwxr-x    2 sambauser sambauser 4.0K Dec 13 12:13 2025121312
082327.913: [08:23:27]drwxrwxr-x    2 sambauser sambauser 4.0K Dec 13 15:38 2025121315
082327.913: [08:23:27]drwxrwxr-x    2 sambauser sambauser 4.0K Dec 13 16:33 2025121316
082327.913: [08:23:27]drwxrwxr-x    2 sambauser sambauser 4.0K Dec 13 17:18 2025121317
082327.913: [08:23:27]drwxrwxr-x    2 sambauser sambauser 4.0K Dec 13 21:03 2025121320
082327.913: [08:23:27]drwxrwxr-x    2 sambauser sambauser 4.0K Dec 13 21:58 2025121321
082327.913: [08:23:27]drwxrwxr-x    2 sambauser sambauser 4.0K Dec 13 22:33 2025121322
082327.913: [08:23:27]drwxrwxr-x    2 sambauser sambauser 4.0K Dec 13 23:48 2025121323
082327.913: [08:23:27]drwxrwxr-x    2 sambauser sambauser 4.0K Dec 14 01:03 2025121400
082327.913: [08:23:27]drwxrwxr-x    2 sambauser sambauser 4.0K Dec 14 02:03 2025121401
082327.913: [08:23:27]drwxrwxr-x    2 sambauser sambauser 4.0K Dec 14 02:38 2025121402
082327.913: [08:23:27]drwxrwxr-x    2 sambauser sambauser 4.0K Dec 14 04:03 2025121403
082327.913: [08:23:27]drwxrwxr-x    2 sambauser sambauser 4.0K Dec 14 04:53 2025121404
082327.913: [08:23:27]drwxrwxr-x    2 sambauser sambauser 4.0K Dec 14 05:58 2025121405
082327.914: [08:23:27]drwxrwxr-x    2 sambauser sambauser 4.0K Dec 14 06:58 2025121406
082327.914: [08:23:27]drwxrwxr-x    2 sambauser sambauser 4.0K Dec 14 07:50 2025121407
082327.914: [08:23:27]drwxrwxr-x    2 sambauser sambauser 4.0K Dec 14 08:53 2025121408
082327.914: [08:23:27]drwxrwxr-x    2 sambauser sambauser 4.0K Dec 14 12:53 2025121412
082327.914: [08:23:27]drwxrwxr-x    2 sambauser sambauser 4.0K Dec 14 14:03 2025121413
082327.914: [08:23:27]drwxrwxr-x    2 sambauser sambauser 4.0K Dec 14 15:03 2025121414
082327.914: [08:23:27]drwxrwxr-x    2 sambauser sambauser 4.0K Dec 14 15:48 2025121415
082327.914: [08:23:27]drwxrwxr-x    2 sambauser sambauser 4.0K Dec 14 16:18 2025121416
082327.914: [08:23:27]drwxrwxr-x    2 sambauser sambauser 4.0K Dec 14 17:48 2025121417
082327.914: [08:23:27]drwxrwxr-x    2 sambauser sambauser 4.0K Dec 14 20:03 2025121419
082327.914: [08:23:27]drwxrwxr-x    2 sambauser sambauser 4.0K Dec 14 20:48 2025121420
082327.914: [08:23:27]drwxrwxr-x    2 sambauser sambauser 4.0K Dec 14 21:33 2025121421
082327.914: [08:23:27]drwxrwxr-x    2 sambauser sambauser 4.0K Dec 14 22:58 2025121422
082327.914: [08:23:27]drwxrwxr-x    2 sambauser sambauser 4.0K Dec 15 00:03 2025121423
082327.914: [08:23:27]drwxrwxr-x    2 sambauser sambauser 4.0K Dec 15 01:23 2025121500
082327.914: [08:23:27]drwxrwxr-x    2 sambauser sambauser 4.0K Dec 15 01:53 2025121501
082327.914: [08:23:27]drwxrwxr-x    2 sambauser sambauser 4.0K Dec 15 02:48 2025121502
082327.914: [08:23:27]drwxrwxr-x    2 sambauser sambauser 4.0K Dec 15 03:58 2025121503
082327.914: [08:23:27]drwxrwxr-x    2 sambauser sambauser 4.0K Dec 15 05:03 2025121504
082327.914: [08:23:27]drwxrwxr-x    2 sambauser sambauser 4.0K Dec 15 06:03 2025121505
082327.914: [08:23:27]drwxrwxr-x    2 sambauser sambauser 4.0K Dec 15 06:53 2025121506
082327.914: [08:23:27]drwxrwxr-x    2 sambauser sambauser 4.0K Dec 15 07:53 2025121507
082327.914: [08:23:27]drwxrwxr-x    2 sambauser sambauser 4.0K Dec 15 09:43 2025121509
082327.914: [08:23:27]drwxrwxr-x    2 sambauser sambauser 4.0K Dec 15 10:18 2025121510
082327.914: [08:23:27]drwxrwxr-x    2 sambauser sambauser 4.0K Dec 15 11:58 2025121511
082327.914: [08:23:27]drwxrwxr-x    2 sambauser sambauser 4.0K Dec 15 12:23 2025121512
082327.914: [08:23:27]drwxrwxr-x    2 sambauser sambauser 4.0K Dec 15 14:03 2025121513
082327.914: [08:23:27]drwxrwxr-x    2 sambauser sambauser 4.0K Dec 15 14:03 2025121514
082327.914: [08:23:27]drwxrwxr-x    2 sambauser sambauser 4.0K Dec 15 15:48 2025121515
082327.914: [08:23:27]drwxrwxr-x    2 sambauser sambauser 4.0K Dec 15 16:58 2025121516
082327.914: [08:23:27]drwxrwxr-x    2 sambauser sambauser 4.0K Dec 15 17:43 2025121517
082327.915: [08:23:27]drwxrwxr-x    2 sambauser sambauser 4.0K Dec 15 19:03 2025121518
082327.915: [08:23:27]drwxrwxr-x    2 sambauser sambauser 4.0K Dec 15 20:03 2025121519
082327.915: [08:23:27]drwxrwxr-x    2 sambauser sambauser 4.0K Dec 15 21:03 2025121520
082327.915: [08:23:27]drwxrwxr-x    2 sambauser sambauser 4.0K Dec 15 21:48 2025121521
082327.915: [08:23:27]drwxrwxr-x    2 sambauser sambauser 4.0K Dec 15 22:58 2025121522
082327.915: [08:23:27]drwxrwxr-x    2 sambauser sambauser 4.0K Dec 15 23:53 2025121523
082327.915: [08:23:27]drwxrwxr-x    2 sambauser sambauser 4.0K Dec 16 00:48 2025121600
082327.915: [08:23:27]drwxrwxr-x    2 sambauser sambauser 4.0K Dec 16 01:43 2025121601
082327.915: [08:23:27]drwxrwxr-x    2 sambauser sambauser 4.0K Dec 16 03:03 2025121602
082327.915: [08:23:27]drwxrwxr-x    2 sambauser sambauser 4.0K Dec 16 03:53 2025121603
082327.915: [08:23:27]drwxrwxr-x    2 sambauser sambauser 4.0K Dec 16 04:58 2025121604
082327.915: [08:23:27]drwxrwxr-x    2 sambauser sambauser 4.0K Dec 16 05:58 2025121605
082327.915: [08:23:27]drwxrwxr-x    2 sambauser sambauser 4.0K Dec 16 06:53 2025121606
082327.915: [08:23:27]drwxrwxr-x    2 sambauser sambauser 4.0K Dec 16 07:58 2025121607
082327.915: [08:23:27]drwxrwxr-x    2 sambauser sambauser 4.0K Dec 16 08:43 2025121608
082327.915: [08:23:27]drwxrwxr-x    2 sambauser sambauser 4.0K Dec 16 09:43 2025121609
082327.915: [08:23:27]drwxrwxr-x    2 sambauser sambauser 4.0K Dec 16 11:53 2025121611
082327.915: [08:23:27]drwxrwxr-x    2 sambauser sambauser 4.0K Dec 16 14:43 2025121614
082327.916: [08:23:27]drwxrwxr-x    2 sambauser sambauser 4.0K Dec 16 15:53 2025121615
082327.916: [08:23:27]drwxrwxr-x    2 sambauser sambauser 4.0K Dec 16 16:08 2025121616
082327.916: [08:23:27]drwxrwxr-x    2 sambauser sambauser 4.0K Dec 16 17:48 2025121617
082327.916: [08:23:27]drwxrwxr-x    2 sambauser sambauser 4.0K Dec 16 18:43 2025121618
082327.916: [08:23:27]drwxrwxr-x    2 sambauser sambauser 4.0K Dec 16 19:58 2025121619
082327.916: [08:23:27]drwxrwxr-x    2 sambauser sambauser 4.0K Dec 16 21:03 2025121620
082327.916: [08:23:27]drwxrwxr-x    2 sambauser sambauser 4.0K Dec 16 21:43 2025121621
082327.916: [08:23:27]drwxrwxr-x    2 sambauser sambauser 4.0K Dec 16 22:03 2025121622
082327.916: [08:23:27]drwxrwxr-x    2 sambauser sambauser 4.0K Dec 16 23:38 2025121623
082327.916: [08:23:27]drwxrwxr-x    2 sambauser sambauser 4.0K Dec 17 00:48 2025121700
082327.916: [08:23:27]drwxrwxr-x    2 sambauser sambauser 4.0K Dec 17 01:38 2025121701
082327.916: [08:23:27]drwxrwxr-x    2 sambauser sambauser 4.0K Dec 17 02:58 2025121702
082327.916: [08:23:27]drwxrwxr-x    2 sambauser sambauser 4.0K Dec 17 04:08 2025121703
082327.916: [08:23:27]drwxrwxr-x    2 sambauser sambauser 4.0K Dec 17 04:43 2025121704
082327.916: [08:23:27]drwxrwxr-x    2 sambauser sambauser 4.0K Dec 17 05:58 2025121705
082327.916: [08:23:27]drwxrwxr-x    2 sambauser sambauser 4.0K Dec 17 06:58 2025121706
082327.916: [08:23:27]drwxrwxr-x    2 sambauser sambauser 4.0K Dec 17 07:33 2025121707
082327.916: [08:23:27]drwxrwxr-x    2 sambauser sambauser 4.0K Dec 17 09:33 2025121709
082327.916: [08:23:27]drwxrwxr-x    2 sambauser sambauser 4.0K Dec 17 13:03 2025121712
082327.916: [08:23:27]drwxrwxr-x    2 sambauser sambauser 4.0K Dec 17 14:03 2025121713
082327.916: [08:23:27]drwxrwxr-x    2 sambauser sambauser 4.0K Dec 17 14:23 2025121714
082327.916: [08:23:27]drwxrwxr-x    2 sambauser sambauser 4.0K Dec 17 15:48 2025121715
082327.916: [08:23:27]drwxrwxr-x    2 sambauser sambauser 4.0K Dec 17 17:03 2025121716
082327.917: [08:23:27]drwxrwxr-x    2 sambauser sambauser 4.0K Dec 17 18:43 2025121718
082327.917: [08:23:27]drwxrwxr-x    2 sambauser sambauser 4.0K Dec 17 20:03 2025121719
082327.917: [08:23:27]drwxrwxr-x    2 sambauser sambauser 4.0K Dec 17 21:03 2025121720
082327.917: [08:23:27]drwxrwxr-x    2 sambauser sambauser 4.0K Dec 17 21:58 2025121721
082327.917: [08:23:27]drwxrwxr-x    2 sambauser sambauser 4.0K Dec 17 22:28 2025121722
082327.917: [08:23:27]drwxrwxr-x    2 sambauser sambauser 4.0K Dec 17 23:48 2025121723
082327.917: [08:23:27]drwxrwxr-x    2 sambauser sambauser 4.0K Dec 18 00:58 2025121800
082327.917: [08:23:27]drwxrwxr-x    2 sambauser sambauser 4.0K Dec 18 01:38 2025121801
082327.917: [08:23:27]drwxrwxr-x    2 sambauser sambauser 4.0K Dec 18 02:58 2025121802
082327.917: [08:23:27]drwxrwxr-x    2 sambauser sambauser 4.0K Dec 18 06:28 2025121803
082327.917: [08:23:27]drwxrwxr-x    2 sambauser sambauser 4.0K Dec 18 06:28 2025121804
082327.917: [08:23:27]drwxrwxr-x    2 sambauser sambauser 4.0K Dec 18 06:28 2025121805
082327.917: [08:23:27]drwxrwxr-x    2 sambauser sambauser 4.0K Dec 18 06:53 2025121806
082327.917: [08:23:27]drwxrwxr-x    2 sambauser sambauser 4.0K Dec 18 07:53 2025121807
082327.917: [08:23:27]drwxrwxr-x    2 sambauser sambauser 4.0K Dec 18 09:48 2025121809
082327.917: [08:23:27]drwxrwxr-x    2 sambauser sambauser 4.0K Dec 18 12:03 2025121811
082327.917: [08:23:27]drwxrwxr-x    2 sambauser sambauser 4.0K Dec 18 12:33 2025121812
082327.917: [08:23:27]drwxrwxr-x    2 sambauser sambauser 4.0K Dec 18 13:58 2025121813
082327.917: [08:23:27]drwxrwxr-x    2 sambauser sambauser 4.0K Dec 18 14:48 2025121814
082327.917: [08:23:27]drwxrwxr-x    2 sambauser sambauser 4.0K Dec 18 17:58 2025121817
082327.917: [08:23:27]drwxrwxr-x    2 sambauser sambauser 4.0K Dec 18 18:28 2025121818
082327.917: [08:23:27]drwxrwxr-x    2 sambauser sambauser 4.0K Dec 18 19:33 2025121819
082327.917: [08:23:27]drwxrwxr-x    2 sambauser sambauser 4.0K Dec 18 20:58 2025121820
082327.917: [08:23:27]drwxrwxr-x    2 sambauser sambauser 4.0K Dec 18 21:33 2025121821
082327.917: [08:23:27]drwxrwxr-x    2 sambauser sambauser 4.0K Dec 18 22:58 2025121822
082327.918: [08:23:27]drwxrwxr-x    2 sambauser sambauser 4.0K Dec 18 23:58 2025121823
082327.918: [08:23:27]drwxrwxr-x    2 sambauser sambauser 4.0K Dec 19 01:03 2025121900
082327.918: [08:23:27]drwxrwxr-x    2 sambauser sambauser 4.0K Dec 19 01:58 2025121901
082327.918: [08:23:27]drwxrwxr-x    2 sambauser sambauser 4.0K Dec 19 02:53 2025121902
082327.918: [08:23:27]drwxrwxr-x    2 sambauser sambauser 4.0K Dec 19 04:03 2025121903
082327.918: [08:23:27]drwxrwxr-x    2 sambauser sambauser 4.0K Dec 19 04:59 2025121904
082327.918: [08:23:27]drwxrwxr-x    2 sambauser sambauser 4.0K Dec 19 05:58 2025121905
082327.918: [08:23:27]drwxrwxr-x    2 sambauser sambauser 4.0K Dec 19 06:53 2025121906
082327.918: [08:23:27]drwxrwxr-x    2 sambauser sambauser 4.0K Dec 19 07:58 2025121907
082327.918: [08:23:27]drwxrwxr-x    2 sambauser sambauser 4.0K Dec 19 09:18 2025121909
082327.918: [08:23:27]drwxrwxr-x    2 sambauser sambauser 4.0K Dec 19 11:48 2025121911
082327.918: [08:23:27]drwxrwxr-x    2 sambauser sambauser 4.0K Dec 19 12:53 2025121912
082327.918: [08:23:27]drwxrwxr-x    2 sambauser sambauser 4.0K Dec 19 13:43 2025121913
082327.918: [08:23:27]drwxrwxr-x    2 sambauser sambauser 4.0K Dec 19 14:28 2025121914
082327.918: [08:23:27]drwxrwxr-x    2 sambauser sambauser 4.0K Dec 19 17:33 2025121917
082327.918: [08:23:27]drwxrwxr-x    2 sambauser sambauser 4.0K Dec 19 18:23 2025121918
082327.918: [08:23:27]drwxrwxr-x    2 sambauser sambauser 4.0K Dec 19 19:58 2025121919
082327.918: [08:23:27]drwxrwxr-x    2 sambauser sambauser 4.0K Dec 19 21:03 2025121920
082327.918: [08:23:27]drwxrwxr-x    2 sambauser sambauser 4.0K Dec 19 21:58 2025121921
082327.918: [08:23:27]drwxrwxr-x    2 sambauser sambauser 4.0K Dec 19 22:28 2025121922
082327.918: [08:23:27]drwxrwxr-x    2 sambauser sambauser 4.0K Dec 20 00:43 2025122000
082327.918: [08:23:27]drwxrwxr-x    2 sambauser sambauser 4.0K Dec 20 01:23 2025122001
082327.918: [08:23:27]drwxrwxr-x    2 sambauser sambauser 4.0K Dec 20 02:33 2025122002
082327.918: [08:23:27]drwxrwxr-x    2 sambauser sambauser 4.0K Dec 20 04:43 2025122004
082327.918: [08:23:27]drwxrwxr-x    2 sambauser sambauser 4.0K Dec 20 05:48 2025122005
082327.919: [08:23:27]drwxrwxr-x    2 sambauser sambauser 4.0K Dec 20 07:03 2025122006
082327.919: [08:23:27]drwxrwxr-x    2 sambauser sambauser 4.0K Dec 20 07:53 2025122007
082327.919: [08:23:27]drwxrwxr-x    2 sambauser sambauser 4.0K Dec 20 08:38 2025122008
082327.919: [08:23:27]drwxrwxr-x    2 sambauser sambauser 4.0K Dec 20 11:58 2025122011
082327.919: [08:23:27]drwxrwxr-x    2 sambauser sambauser 4.0K Dec 20 12:48 2025122012
082327.919: [08:23:27]drwxrwxr-x    2 sambauser sambauser 4.0K Dec 20 17:03 2025122016
082327.919: [08:23:27]drwxrwxr-x    2 sambauser sambauser 4.0K Dec 20 17:13 2025122017
082327.919: [08:23:27]drwxrwxr-x    2 sambauser sambauser 4.0K Dec 20 20:03 2025122019
082327.919: [08:23:27]drwxrwxr-x    2 sambauser sambauser 4.0K Dec 20 20:48 2025122020
082327.919: [08:23:27]drwxrwxr-x    2 sambauser sambauser 4.0K Dec 20 21:43 2025122021
082327.919: [08:23:27]drwxrwxr-x    2 sambauser sambauser 4.0K Dec 20 22:33 2025122022
082327.919: [08:23:27]drwxrwxr-x    2 sambauser sambauser 4.0K Dec 20 23:53 2025122023
082327.919: [08:23:27]drwxrwxr-x    2 sambauser sambauser 4.0K Dec 21 00:33 2025122100
082327.919: [08:23:27]drwxrwxr-x    2 sambauser sambauser 4.0K Dec 21 01:38 2025122101
082327.919: [08:23:27]drwxrwxr-x    2 sambauser sambauser 4.0K Dec 21 02:43 2025122102
082327.919: [08:23:27]drwxrwxr-x    2 sambauser sambauser 4.0K Dec 21 03:13 2025122103
082327.919: [08:23:27]drwxrwxr-x    2 sambauser sambauser 4.0K Dec 21 04:18 2025122104
082327.919: [08:23:27]drwxrwxr-x    2 sambauser sambauser 4.0K Dec 21 05:58 2025122105
082327.919: [08:23:27]drwxrwxr-x    2 sambauser sambauser 4.0K Dec 21 07:03 2025122106
082327.919: [08:23:27]drwxrwxr-x    2 sambauser sambauser 4.0K Dec 21 07:59 2025122107
082327.919: [08:23:27]drwxrwxr-x    2 sambauser sambauser 4.0K Dec 21 08:58 2025122108
082327.919: [08:23:27]drwxrwxr-x    2 sambauser sambauser 4.0K Dec 21 12:38 2025122112
082327.919: [08:23:27]drwxrwxr-x    2 sambauser sambauser 4.0K Dec 21 16:03 2025122115
082327.919: [08:23:27]drwxrwxr-x    2 sambauser sambauser 4.0K Dec 21 17:03 2025122116
082327.920: [08:23:27]drwxrwxr-x    2 sambauser sambauser 4.0K Dec 21 17:18 2025122117
082327.920: [08:23:27]drwxrwxr-x    2 sambauser sambauser 4.0K Dec 21 20:03 2025122119
082327.920: [08:23:27]drwxrwxr-x    2 sambauser sambauser 4.0K Dec 21 20:43 2025122120
082327.920: [08:23:27]drwxrwxr-x    2 sambauser sambauser 4.0K Dec 21 21:23 2025122121
082327.920: [08:23:27]drwxrwxr-x    2 sambauser sambauser 4.0K Dec 21 22:13 2025122122
082327.920: [08:23:27]drwxrwxr-x    2 sambauser sambauser 4.0K Dec 21 23:28 2025122123
082327.920: [08:23:27]drwxrwxr-x    2 sambauser sambauser 4.0K Dec 22 00:53 2025122200
082327.920: [08:23:27]drwxrwxr-x    2 sambauser sambauser 4.0K Dec 22 01:58 2025122201
082327.920: [08:23:27]drwxrwxr-x    2 sambauser sambauser 4.0K Dec 22 02:03 2025122202
082327.920: [08:23:27]drwxrwxr-x    2 sambauser sambauser 4.0K Dec 22 03:33 2025122203
082327.920: [08:23:27]drwxrwxr-x    2 sambauser sambauser 4.0K Dec 22 04:43 2025122204
082327.920: [08:23:27]drwxrwxr-x    2 sambauser sambauser 4.0K Dec 22 05:58 2025122205
082327.920: [08:23:27]drwxrwxr-x    2 sambauser sambauser 4.0K Dec 22 06:58 2025122206
082327.920: [08:23:27]drwxrwxr-x    2 sambauser sambauser 4.0K Dec 22 07:49 2025122207
082327.920: [08:23:27]drwxrwxr-x    2 sambauser sambauser 4.0K Dec 22 08:58 2025122208
082327.920: [08:23:27]drwxrwxr-x    2 sambauser sambauser 4.0K Dec 22 09:33 2025122209
082327.920: [08:23:27]drwxrwxr-x    2 sambauser sambauser 4.0K Dec 22 11:59 2025122211
082327.920: [08:23:27]drwxrwxr-x    2 sambauser sambauser 4.0K Dec 22 13:04 2025122212
082327.920: [08:23:27]drwxrwxr-x    2 sambauser sambauser 4.0K Dec 22 13:48 2025122213
082327.920: [08:23:27]drwxrwxr-x    2 sambauser sambauser 4.0K Dec 22 14:28 2025122214
082327.920: [08:23:27]drwxrwxr-x    2 sambauser sambauser 4.0K Dec 22 17:58 2025122217
082327.920: [08:23:27]drwxrwxr-x    2 sambauser sambauser 4.0K Dec 22 18:54 2025122218
082327.920: [08:23:27]drwxrwxr-x    2 sambauser sambauser 4.0K Dec 22 20:03 2025122219
082327.920: [08:23:27]drwxrwxr-x    2 sambauser sambauser 4.0K Dec 22 21:03 2025122220
082327.920: [08:23:27]drwxrwxr-x    2 sambauser sambauser 4.0K Dec 22 21:28 2025122221
082327.920: [08:23:27]drwxrwxr-x    2 sambauser sambauser 4.0K Dec 22 22:38 2025122222
082327.921: [08:23:27]drwxrwxr-x    2 sambauser sambauser 4.0K Dec 23 00:08 2025122300
082327.921: [08:23:27]drwxrwxr-x    2 sambauser sambauser 4.0K Dec 23 06:58 2025122306
082327.921: [08:23:27]drwxrwxr-x    2 sambauser sambauser 4.0K Dec 23 07:53 2025122307
082327.921: [08:23:27]drwxrwxr-x    2 sambauser sambauser 4.0K Dec 23 09:58 2025122309
082327.921: [08:23:27]drwxrwxr-x    2 sambauser sambauser 4.0K Dec 23 11:58 2025122311
082327.921: [08:23:27]drwxrwxr-x    2 sambauser sambauser 4.0K Dec 23 12:13 2025122312
082327.921: [08:23:27]drwxrwxr-x    2 sambauser sambauser 4.0K Dec 23 13:48 2025122313
082327.921: [08:23:27]drwxrwxr-x    2 sambauser sambauser 4.0K Dec 23 17:43 2025122317
082327.921: [08:23:27]drwxrwxr-x    2 sambauser sambauser 4.0K Dec 23 18:38 2025122318
082327.921: [08:23:27]drwxrwxr-x    2 sambauser sambauser 4.0K Dec 23 21:03 2025122320
082327.921: [08:23:27]drwxrwxr-x    2 sambauser sambauser 4.0K Dec 23 21:48 2025122321
082327.921: [08:23:27]drwxrwxr-x    2 sambauser sambauser 4.0K Dec 23 22:48 2025122322
082327.921: [08:23:27]drwxrwxr-x    2 sambauser sambauser 4.0K Dec 23 23:28 2025122323
082327.921: [08:23:27]drwxrwxr-x    2 sambauser sambauser 4.0K Dec 24 04:03 2025122403
082327.921: [08:23:27]drwxrwxr-x    2 sambauser sambauser 4.0K Dec 24 04:03 2025122404
082327.921: [08:23:27]drwxrwxr-x    2 sambauser sambauser 4.0K Dec 24 07:03 2025122406
082327.921: [08:23:27]drwxrwxr-x    2 sambauser sambauser 4.0K Dec 24 07:53 2025122407
082327.921: [08:23:27]drwxrwxr-x    2 sambauser sambauser 4.0K Dec 24 09:53 2025122409
082327.921: [08:23:27]drwxrwxr-x    2 sambauser sambauser 4.0K Dec 24 10:48 2025122410
082327.921: [08:23:27]drwxrwxr-x    2 sambauser sambauser 4.0K Dec 24 11:58 2025122411
082327.921: [08:23:27]drwxrwxr-x    2 sambauser sambauser 4.0K Dec 24 13:13 2025122413
082327.921: [08:23:27]drwxrwxr-x    2 sambauser sambauser 4.0K Dec 24 14:23 2025122414
082327.921: [08:23:27]drwxrwxr-x    2 sambauser sambauser 4.0K Dec 24 15:28 2025122415
082327.921: [08:23:27]drwxrwxr-x    2 sambauser sambauser 4.0K Dec 24 16:18 2025122416
082327.922: [08:23:27]drwxrwxr-x    2 sambauser sambauser 4.0K Dec 24 17:43 2025122417
082327.922: [08:23:27]drwxrwxr-x    2 sambauser sambauser 4.0K Dec 24 20:03 2025122419
082327.922: [08:23:27]drwxrwxr-x    2 sambauser sambauser 4.0K Dec 24 20:58 2025122420
082327.922: [08:23:27]drwxrwxr-x    2 sambauser sambauser 4.0K Dec 24 23:38 2025122423
082327.922: [08:23:27]drwxrwxr-x    2 sambauser sambauser 4.0K Dec 25 01:48 2025122501
082327.922: [08:23:27]drwxrwxr-x    2 sambauser sambauser 4.0K Dec 25 02:38 2025122502
082327.922: [08:23:27]drwxrwxr-x    2 sambauser sambauser 4.0K Dec 25 06:58 2025122506
082327.922: [08:23:27]drwxrwxr-x    2 sambauser sambauser 4.0K Dec 25 07:50 2025122507
082327.922: [08:23:27]drwxrwxr-x    2 sambauser sambauser 4.0K Dec 25 10:48 2025122510
082327.922: [08:23:27]drwxrwxr-x    2 sambauser sambauser 4.0K Dec 25 12:53 2025122512
082327.922: [08:23:27]drwxrwxr-x    2 sambauser sambauser 4.0K Dec 25 15:03 2025122514
082327.922: [08:23:27]drwxrwxr-x    2 sambauser sambauser 4.0K Dec 25 16:03 2025122515
082327.922: [08:23:27]drwxrwxr-x    2 sambauser sambauser 4.0K Dec 25 16:58 2025122516
082327.922: [08:23:27]drwxrwxr-x    2 sambauser sambauser 4.0K Dec 25 17:53 2025122517
082327.922: [08:23:27]drwxrwxr-x    2 sambauser sambauser 4.0K Dec 25 20:58 2025122520
082327.922: [08:23:27]drwxrwxr-x    2 sambauser sambauser 4.0K Dec 26 02:38 2025122602
082327.922: [08:23:27]drwxrwxr-x    2 sambauser sambauser 4.0K Dec 26 03:48 2025122603
082327.922: [08:23:27]drwxrwxr-x    2 sambauser sambauser 4.0K Dec 26 06:58 2025122606
082327.922: [08:23:27]drwxrwxr-x    2 sambauser sambauser 4.0K Dec 26 07:08 2025122607
082327.922: [08:23:27]drwxrwxr-x    2 sambauser sambauser 4.0K Dec 26 08:33 2025122608
082327.922: [08:23:27]drwxrwxr-x    2 sambauser sambauser 4.0K Dec 26 10:03 2025122609
082327.922: [08:23:27]drwxrwxr-x    2 sambauser sambauser 4.0K Dec 26 11:13 2025122611
082327.922: [08:23:27]drwxrwxr-x    2 sambauser sambauser 4.0K Dec 26 12:33 2025122612
082327.922: [08:23:27]drwxrwxr-x    2 sambauser sambauser 4.0K Dec 26 13:13 2025122613
082327.922: [08:23:27]drwxrwxr-x    2 sambauser sambauser 4.0K Dec 26 14:38 2025122614
082327.922: [08:23:27]drwxrwxr-x    2 sambauser sambauser 4.0K Dec 26 15:43 2025122615
082327.922: [08:23:27]drwxrwxr-x    2 sambauser sambauser 4.0K Dec 26 17:53 2025122617
082327.923: [08:23:27]drwxrwxr-x    2 sambauser sambauser 4.0K Dec 26 21:03 2025122620
082327.923: [08:23:27]drwxrwxr-x    2 sambauser sambauser 4.0K Dec 26 21:23 2025122621
082327.923: [08:23:27]drwxrwxr-x    2 sambauser sambauser 4.0K Dec 27 00:48 2025122700
082327.923: [08:23:27]drwxrwxr-x    2 sambauser sambauser 4.0K Dec 27 05:58 2025122705
082327.923: [08:23:27]drwxrwxr-x    2 sambauser sambauser 4.0K Dec 27 06:28 2025122706
082327.923: [08:23:27]drwxrwxr-x    2 sambauser sambauser 4.0K Dec 27 07:58 2025122707
082327.923: [08:23:27]drwxrwxr-x    2 sambauser sambauser 4.0K Dec 27 08:33 2025122708
082327.923: [08:23:27]drwxrwxr-x    2 sambauser sambauser 4.0K Dec 27 12:05 2025122711
082327.923: [08:23:27]drwxrwxr-x    2 sambauser sambauser 4.0K Dec 27 12:58 2025122712
082327.923: [08:23:27]drwxrwxr-x    2 sambauser sambauser 4.0K Dec 27 16:48 2025122716
082327.923: [08:23:27]drwxrwxr-x    2 sambauser sambauser 4.0K Dec 27 17:58 2025122717
082327.923: [08:23:27]drwxrwxr-x    2 sambauser sambauser 4.0K Dec 27 19:28 2025122719
082327.923: [08:23:27]drwxrwxr-x    2 sambauser sambauser 4.0K Dec 27 21:48 2025122721
082327.923: [08:23:27]drwxrwxr-x    2 sambauser sambauser 4.0K Dec 27 22:48 2025122722
082327.923: [08:23:27]drwxrwxr-x    2 sambauser sambauser 4.0K Dec 28 00:03 2025122723
082327.923: [08:23:27]drwxrwxr-x    2 sambauser sambauser 4.0K Dec 28 00:28 2025122800
082327.923: [08:23:27]drwxrwxr-x    2 sambauser sambauser 4.0K Dec 28 02:08 2025122802
082327.923: [08:23:27]drwxrwxr-x    2 sambauser sambauser 4.0K Dec 28 03:48 2025122803
082327.923: [08:23:27]drwxrwxr-x    2 sambauser sambauser 4.0K Dec 28 05:38 2025122805
082327.923: [08:23:27]drwxrwxr-x    2 sambauser sambauser 4.0K Dec 28 07:03 2025122806
082327.923: [08:23:27]drwxrwxr-x    2 sambauser sambauser 4.0K Dec 28 07:23 2025122807
082327.923: [08:23:27]drwxrwxr-x    2 sambauser sambauser 4.0K Dec 28 15:38 2025122815
082327.923: [08:23:27]drwxrwxr-x    2 sambauser sambauser 4.0K Dec 28 17:23 2025122817
082327.923: [08:23:27]drwxrwxr-x    2 sambauser sambauser 4.0K Dec 28 18:43 2025122818
082327.923: [08:23:27]drwxrwxr-x    2 sambauser sambauser 4.0K Dec 28 20:03 2025122819
082327.924: [08:23:27]drwxrwxr-x    2 sambauser sambauser 4.0K Dec 28 21:03 2025122820
082327.924: [08:23:27]drwxrwxr-x    2 sambauser sambauser 4.0K Dec 28 21:38 2025122821
082327.924: [08:23:27]drwxrwxr-x    2 sambauser sambauser 4.0K Dec 28 22:48 2025122822
082327.924: [08:23:27]drwxrwxr-x    2 sambauser sambauser 4.0K Dec 28 23:53 2025122823
082327.924: [08:23:27]drwxrwxr-x    2 sambauser sambauser 4.0K Dec 29 00:33 2025122900
082327.924: [08:23:27]drwxrwxr-x    2 sambauser sambauser 4.0K Dec 29 01:03 2025122901
082327.924: [08:23:27]drwxrwxr-x    2 sambauser sambauser 4.0K Dec 29 02:53 2025122902
082327.924: [08:23:27]drwxrwxr-x    2 sambauser sambauser 4.0K Dec 29 04:08 2025122903
082327.924: [08:23:27]drwxrwxr-x    2 sambauser sambauser 4.0K Dec 29 05:38 2025122905
082327.924: [08:23:27]drwxrwxr-x    2 sambauser sambauser 4.0K Dec 29 07:03 2025122906
082327.924: [08:23:27]drwxrwxr-x    2 sambauser sambauser 4.0K Dec 29 07:48 2025122907
082327.924: [08:23:27]drwxrwxr-x    2 sambauser sambauser 4.0K Dec 29 09:03 2025122908
082327.924: [08:23:27]drwxrwxr-x    2 sambauser sambauser 4.0K Dec 29 13:48 2025122913
082327.924: [08:23:27]drwxrwxr-x    2 sambauser sambauser 4.0K Dec 29 14:28 2025122914
082327.924: [08:23:27]drwxrwxr-x    2 sambauser sambauser 4.0K Dec 29 15:18 2025122915
082327.924: [08:23:27]drwxrwxr-x    2 sambauser sambauser 4.0K Dec 29 16:08 2025122916
082327.924: [08:23:27]drwxrwxr-x    2 sambauser sambauser 4.0K Dec 29 17:43 2025122917
082327.924: [08:23:27]drwxrwxr-x    2 sambauser sambauser 4.0K Dec 29 19:43 2025122919
082327.925: [08:23:27]drwxrwxr-x    2 sambauser sambauser 4.0K Dec 29 21:48 2025122921
082327.925: [08:23:27]drwxrwxr-x    2 sambauser sambauser 4.0K Dec 29 22:08 2025122922
082327.925: [08:23:27]drwxrwxr-x    2 sambauser sambauser 4.0K Dec 29 23:53 2025122923
082327.925: [08:23:27]drwxrwxr-x    2 sambauser sambauser 4.0K Dec 30 06:38 2025123006
082327.925: [08:23:27]drwxrwxr-x    2 sambauser sambauser 4.0K Dec 30 07:43 2025123007
082327.925: [08:23:27]drwxrwxr-x    2 sambauser sambauser 4.0K Dec 30 09:28 2025123009
082327.925: [08:23:27]drwxrwxr-x    2 sambauser sambauser 4.0K Dec 30 11:48 2025123011
082327.925: [08:23:27]drwxrwxr-x    2 sambauser sambauser 4.0K Dec 30 15:13 2025123015
082327.925: [08:23:27]drwxrwxr-x    2 sambauser sambauser 4.0K Dec 30 17:58 2025123017
082327.925: [08:23:27]drwxrwxr-x    2 sambauser sambauser 4.0K Dec 30 18:23 2025123018
082327.925: [08:23:27]drwxrwxr-x    2 sambauser sambauser 4.0K Dec 30 20:03 2025123019
082327.925: [08:23:27]drwxrwxr-x    2 sambauser sambauser 4.0K Dec 30 21:03 2025123020
082327.925: [08:23:27]drwxrwxr-x    2 sambauser sambauser 4.0K Dec 30 22:03 2025123021
082327.925: [08:23:27]drwxrwxr-x    2 sambauser sambauser 4.0K Dec 30 23:03 2025123022
082327.925: [08:23:27]drwxrwxr-x    2 sambauser sambauser 4.0K Dec 30 23:38 2025123023
082327.925: [08:23:27]drwxrwxr-x    2 sambauser sambauser 4.0K Dec 31 02:53 2025123102
082327.925: [08:23:27]drwxrwxr-x    2 sambauser sambauser 4.0K Dec 31 04:53 2025123104
082327.925: [08:23:27]drwxrwxr-x    2 sambauser sambauser 4.0K Dec 31 05:23 2025123105
082327.925: [08:23:27]drwxrwxr-x    2 sambauser sambauser 4.0K Dec 31 07:01 2025123106
082327.925: [08:23:27]drwxrwxr-x    2 sambauser sambauser 4.0K Dec 31 07:18 2025123107
082327.925: [08:23:27]drwxrwxr-x    2 sambauser sambauser 4.0K Dec 31 09:43 2025123109
082327.925: [08:23:27]drwxrwxr-x    2 sambauser sambauser 4.0K Dec 31 12:03 2025123111
082327.926: [08:23:27]drwxrwxr-x    2 sambauser sambauser 4.0K Dec 31 13:03 2025123112
082327.926: [08:23:27]drwxrwxr-x    2 sambauser sambauser 4.0K Dec 31 13:33 2025123113
082327.926: [08:23:27]drwxrwxr-x    2 sambauser sambauser 4.0K Dec 31 14:28 2025123114
082327.926: [08:23:27]drwxrwxr-x    2 sambauser sambauser 4.0K Dec 31 16:58 2025123116
082327.926: [08:23:27]drwxrwxr-x    2 sambauser sambauser 4.0K Dec 31 17:28 2025123117
082327.926: [08:23:27]drwxrwxr-x    2 sambauser sambauser 4.0K Dec 31 19:48 2025123119
082327.926: [08:23:27]drwxrwxr-x    2 sambauser sambauser 4.0K Dec 31 20:58 2025123120
082327.926: [08:23:27]drwxrwxr-x    2 sambauser sambauser 4.0K Dec 31 22:03 2025123121
082327.926: [08:23:27]drwxrwxr-x    2 sambauser sambauser 4.0K Dec 31 23:33 2025123123
082327.926: [08:23:27]drwxrwxr-x    2 sambauser sambauser 4.0K Jan  1 00:58 2026010100
082327.926: [08:23:27]drwxrwxr-x    2 sambauser sambauser 4.0K Jan  1 01:48 2026010101
082327.926: [08:23:27]drwxrwxr-x    2 sambauser sambauser 4.0K Jan  1 03:38 2026010103
082327.926: [08:23:27]drwxrwxr-x    2 sambauser sambauser 4.0K Jan  1 04:23 2026010104
082327.926: [08:23:27]drwxrwxr-x    2 sambauser sambauser 4.0K Jan  1 06:58 2026010106
082327.926: [08:23:27]drwxrwxr-x    2 sambauser sambauser 4.0K Jan  1 07:28 2026010107
082327.926: [08:23:27]drwxrwxr-x    2 sambauser sambauser 4.0K Jan  1 08:38 2026010108
082327.926: [08:23:27]drwxrwxr-x    2 sambauser sambauser 4.0K Jan  1 09:53 2026010109
082327.926: [08:23:27]drwxrwxr-x    2 sambauser sambauser 4.0K Jan  1 10:28 2026010110
082327.926: [08:23:27]drwxrwxr-x    2 sambauser sambauser 4.0K Jan  1 13:03 2026010112
082327.926: [08:23:27]drwxrwxr-x    2 sambauser sambauser 4.0K Jan  1 14:03 2026010113
082327.926: [08:23:27]drwxrwxr-x    2 sambauser sambauser 4.0K Jan  1 15:03 2026010114
082327.926: [08:23:27]drwxrwxr-x    2 sambauser sambauser 4.0K Jan  1 16:03 2026010115
082327.926: [08:23:27]drwxrwxr-x    2 sambauser sambauser 4.0K Jan  1 16:48 2026010116
082327.926: [08:23:27]drwxrwxr-x    2 sambauser sambauser 4.0K Jan  1 17:38 2026010117
082327.927: [08:23:27]drwxrwxr-x    2 sambauser sambauser 4.0K Jan  1 19:58 2026010119
082327.927: [08:23:27]drwxrwxr-x    2 sambauser sambauser 4.0K Jan  1 22:03 2026010121
082327.927: [08:23:27]drwxrwxr-x    2 sambauser sambauser 4.0K Jan  1 22:58 2026010122
082327.927: [08:23:27]drwxrwxr-x    2 sambauser sambauser 4.0K Jan  1 23:38 2026010123
082327.927: [08:23:27]drwxrwxr-x    2 sambauser sambauser 4.0K Jan  2 01:58 2026010201
082327.927: [08:23:27]drwxrwxr-x    2 sambauser sambauser 4.0K Jan  2 02:28 2026010202
082327.927: [08:23:27]drwxrwxr-x    2 sambauser sambauser 4.0K Jan  2 06:48 2026010206
082327.927: [08:23:27]drwxrwxr-x    2 sambauser sambauser 4.0K Jan  2 08:03 2026010207
082327.927: [08:23:27]drwxrwxr-x    2 sambauser sambauser 4.0K Jan  2 08:53 2026010208
082327.927: [08:23:27]drwxrwxr-x    2 sambauser sambauser 4.0K Jan  2 09:48 2026010209
082327.927: [08:23:27]drwxrwxr-x    2 sambauser sambauser 4.0K Jan  2 17:53 2026010217
082327.927: [08:23:27]drwxrwxr-x    2 sambauser sambauser 4.0K Jan  2 18:28 2026010218
082327.927: [08:23:27]drwxrwxr-x    2 sambauser sambauser 4.0K Jan  2 21:28 2026010221
082327.927: [08:23:27]drwxrwxr-x    2 sambauser sambauser 4.0K Jan  2 22:18 2026010222
082327.927: [08:23:27]drwxrwxr-x    2 sambauser sambauser 4.0K Jan  2 23:43 2026010223
082327.927: [08:23:27]drwxrwxr-x    2 sambauser sambauser 4.0K Jan  3 02:58 2026010302
082327.927: [08:23:27]drwxrwxr-x    2 sambauser sambauser 4.0K Jan  3 06:48 2026010306
082327.927: [08:23:27]drwxrwxr-x    2 sambauser sambauser 4.0K Jan  3 08:03 2026010307
082327.927: [08:23:27]drwxrwxr-x    2 sambauser sambauser 4.0K Jan  3 08:48 2026010308
082327.927: [08:23:27]drwxrwxr-x    2 sambauser sambauser 4.0K Jan  3 09:28 2026010309
082327.927: [08:23:27]drwxrwxr-x    2 sambauser sambauser 4.0K Jan  3 10:23 2026010310
082327.927: [08:23:27]drwxrwxr-x    2 sambauser sambauser 4.0K Jan  3 13:43 2026010313
082327.927: [08:23:27]drwxrwxr-x    2 sambauser sambauser 4.0K Jan  3 14:33 2026010314
082327.927: [08:23:27]drwxrwxr-x    2 sambauser sambauser 4.0K Jan  3 16:03 2026010316
082327.927: [08:23:27]drwxrwxr-x    2 sambauser sambauser 4.0K Jan  3 17:28 2026010317
082327.928: [08:23:27]drwxrwxr-x    2 sambauser sambauser 4.0K Jan  3 19:58 2026010319
082327.928: [08:23:27]drwxrwxr-x    2 sambauser sambauser 4.0K Jan  3 21:03 2026010320
082327.928: [08:23:27]drwxrwxr-x    2 sambauser sambauser 4.0K Jan  3 21:38 2026010321
082327.928: [08:23:27]drwxrwxr-x    2 sambauser sambauser 4.0K Jan  4 00:48 2026010400
082327.928: [08:23:27]drwxrwxr-x    2 sambauser sambauser 4.0K Jan  4 02:08 2026010402
082327.928: [08:23:27]drwxrwxr-x    2 sambauser sambauser 4.0K Jan  4 06:28 2026010406
082327.928: [08:23:27]drwxrwxr-x    2 sambauser sambauser 4.0K Jan  4 07:33 2026010407
082327.928: [08:23:27]drwxrwxr-x    2 sambauser sambauser 4.0K Jan  4 09:48 2026010409
082327.928: [08:23:27]drwxrwxr-x    2 sambauser sambauser 4.0K Jan  4 10:53 2026010410
082327.928: [08:23:27]drwxrwxr-x    2 sambauser sambauser 4.0K Jan  4 16:03 2026010415
082327.928: [08:23:27]drwxrwxr-x    2 sambauser sambauser 4.0K Jan  4 16:13 2026010416
082327.928: [08:23:27]drwxrwxr-x    2 sambauser sambauser 4.0K Jan  4 17:38 2026010417
082327.928: [08:23:27]drwxrwxr-x    2 sambauser sambauser 4.0K Jan  4 21:03 2026010420
082327.928: [08:23:27]drwxrwxr-x    2 sambauser sambauser 4.0K Jan  4 21:53 2026010421
082327.928: [08:23:27]drwxrwxr-x    2 sambauser sambauser 4.0K Jan  4 22:38 2026010422
082327.928: [08:23:27]drwxrwxr-x    2 sambauser sambauser 4.0K Jan  4 23:53 2026010423
082327.928: [08:23:27]drwxrwxr-x    2 sambauser sambauser 4.0K Jan  5 00:03 2026010500
082327.928: [08:23:27]drwxrwxr-x    2 sambauser sambauser 4.0K Jan  5 01:33 2026010501
082327.928: [08:23:27]drwxrwxr-x    2 sambauser sambauser 4.0K Jan  5 03:58 2026010503
082327.928: [08:23:27]drwxrwxr-x    2 sambauser sambauser 4.0K Jan  5 04:43 2026010504
082327.928: [08:23:27]drwxrwxr-x    2 sambauser sambauser 4.0K Jan  5 05:33 2026010505
082327.928: [08:23:27]drwxrwxr-x    2 sambauser sambauser 4.0K Jan  5 06:43 2026010506
082327.928: [08:23:27]drwxrwxr-x    2 sambauser sambauser 4.0K Jan  5 08:03 2026010507
082327.928: [08:23:27]drwxrwxr-x    2 sambauser sambauser 4.0K Jan  5 09:08 2026010509
082327.928: [08:23:27]drwxrwxr-x    2 sambauser sambauser 4.0K Jan  5 10:48 2026010510
082327.928: [08:23:27]drwxrwxr-x    2 sambauser sambauser 4.0K Jan  5 11:58 2026010511
082327.928: [08:23:27]drwxrwxr-x    2 sambauser sambauser 4.0K Jan  5 12:48 2026010512
082327.929: [08:23:27]drwxrwxr-x    2 sambauser sambauser 4.0K Jan  5 13:38 2026010513
082327.929: [08:23:27]drwxrwxr-x    2 sambauser sambauser 4.0K Jan  5 14:13 2026010514
082327.929: [08:23:27]drwxrwxr-x    2 sambauser sambauser 4.0K Jan  5 17:33 2026010517
082327.929: [08:23:27]drwxrwxr-x    2 sambauser sambauser 4.0K Jan  5 18:08 2026010518
082327.929: [08:23:27]drwxrwxr-x    2 sambauser sambauser 4.0K Jan  5 21:03 2026010520
082327.929: [08:23:27]drwxrwxr-x    2 sambauser sambauser 4.0K Jan  5 22:03 2026010521
082327.929: [08:23:27]drwxrwxr-x    2 sambauser sambauser 4.0K Jan  5 22:38 2026010522
082327.929: [08:23:27]drwxrwxr-x    2 sambauser sambauser 4.0K Jan  5 23:48 2026010523
082327.929: [08:23:27]drwxrwxr-x    2 sambauser sambauser 4.0K Jan  6 00:38 2026010600
082327.929: [08:23:27]drwxrwxr-x    2 sambauser sambauser 4.0K Jan  6 01:53 2026010601
082327.929: [08:23:27]drwxrwxr-x    2 sambauser sambauser 4.0K Jan  6 02:58 2026010602
082327.929: [08:23:27]drwxrwxr-x    2 sambauser sambauser 4.0K Jan  6 04:48 2026010604
082327.929: [08:23:27]drwxrwxr-x    2 sambauser sambauser 4.0K Jan  6 05:53 2026010605
082327.929: [08:23:27]drwxrwxr-x    2 sambauser sambauser 4.0K Jan  6 07:03 2026010606
082327.929: [08:23:27]drwxrwxr-x    2 sambauser sambauser 4.0K Jan  6 07:58 2026010607
082327.929: [08:23:27]drwxrwxr-x    2 sambauser sambauser 4.0K Jan  6 09:43 2026010609
082327.929: [08:23:27]drwxrwxr-x    2 sambauser sambauser 4.0K Jan  6 12:13 2026010612
082327.929: [08:23:27]drwxrwxr-x    2 sambauser sambauser 4.0K Jan  6 15:23 2026010615
082327.929: [08:23:27]drwxrwxr-x    2 sambauser sambauser 4.0K Jan  6 17:58 2026010617
082327.929: [08:23:27]drwxrwxr-x    2 sambauser sambauser 4.0K Jan  6 21:03 2026010620
082327.929: [08:23:27]drwxrwxr-x    2 sambauser sambauser 4.0K Jan  6 21:38 2026010621
082327.929: [08:23:27]drwxrwxr-x    2 sambauser sambauser 4.0K Jan  6 22:43 2026010622
082327.936: [08:23:27]drwxrwxr-x    2 sambauser sambauser 4.0K Jan  7 00:03 2026010623
082327.936: [08:23:27]drwxrwxr-x    2 sambauser sambauser 4.0K Jan  7 00:48 2026010700
082327.936: [08:23:27]drwxrwxr-x    2 sambauser sambauser 4.0K Jan  7 01:58 2026010701
082327.937: [08:23:27]drwxrwxr-x    2 sambauser sambauser 4.0K Jan  7 02:33 2026010702
082327.937: [08:23:27]drwxrwxr-x    2 sambauser sambauser 4.0K Jan  7 04:03 2026010703
082327.937: [08:23:27]drwxrwxr-x    2 sambauser sambauser 4.0K Jan  7 04:13 2026010704
082327.937: [08:23:27]drwxrwxr-x    2 sambauser sambauser 4.0K Jan  7 05:38 2026010705
082327.937: [08:23:27]drwxrwxr-x    2 sambauser sambauser 4.0K Jan  7 07:03 2026010706
082327.937: [08:23:27]drwxrwxr-x    2 sambauser sambauser 4.0K Jan  7 07:58 2026010707
082327.937: [08:23:27]drwxrwxr-x    2 sambauser sambauser 4.0K Jan  7 10:48 2026010710
082327.937: [08:23:27]drwxrwxr-x    2 sambauser sambauser 4.0K Jan  7 12:33 2026010712
082327.937: [08:23:27]drwxrwxr-x    2 sambauser sambauser 4.0K Jan  7 13:43 2026010713
082327.937: [08:23:27]drwxrwxr-x    2 sambauser sambauser 4.0K Jan  7 15:33 2026010715
082327.937: [08:23:27]drwxrwxr-x    2 sambauser sambauser 4.0K Jan  7 17:43 2026010717
082327.937: [08:23:27]drwxrwxr-x    2 sambauser sambauser 4.0K Jan  7 19:03 2026010718
082327.937: [08:23:27]drwxrwxr-x    2 sambauser sambauser 4.0K Jan  7 19:03 2026010719
082327.937: [08:23:27]drwxrwxr-x    2 sambauser sambauser 4.0K Jan  7 21:03 2026010720
082327.937: [08:23:27]drwxrwxr-x    2 sambauser sambauser 4.0K Jan  7 21:48 2026010721
082327.937: [08:23:27]drwxrwxr-x    2 sambauser sambauser 4.0K Jan  7 22:48 2026010722
082327.937: [08:23:27]drwxrwxr-x    2 sambauser sambauser 4.0K Jan  7 23:38 2026010723
082327.937: [08:23:27]drwxrwxr-x    2 sambauser sambauser 4.0K Jan  8 00:13 2026010800
082327.937: [08:23:27]drwxrwxr-x    2 sambauser sambauser 4.0K Jan  8 01:58 2026010801
082327.937: [08:23:27]drwxrwxr-x    2 sambauser sambauser 4.0K Jan  8 02:38 2026010802
082327.937: [08:23:27]drwxrwxr-x    2 sambauser sambauser 4.0K Jan  8 03:58 2026010803
082327.937: [08:23:27]drwxrwxr-x    2 sambauser sambauser 4.0K Jan  8 04:48 2026010804
082327.937: [08:23:27]drwxrwxr-x    2 sambauser sambauser 4.0K Jan  8 05:53 2026010805
082327.937: [08:23:27]drwxrwxr-x    2 sambauser sambauser 4.0K Jan  8 06:53 2026010806
082327.937: [08:23:27]drwxrwxr-x    2 sambauser sambauser 4.0K Jan  8 07:43 2026010807
082327.937: [08:23:27]drwxrwxr-x    2 sambauser sambauser 4.0K Jan  8 08:38 2026010808
082327.937: [08:23:27]drwxrwxr-x    2 sambauser sambauser 4.0K Jan  8 09:58 2026010809
082327.937: [08:23:27]drwxrwxr-x    2 sambauser sambauser 4.0K Jan  8 11:54 2026010811
082327.937: [08:23:27]drwxrwxr-x    2 sambauser sambauser 4.0K Jan  8 13:38 2026010813
082327.938: [08:23:27]drwxrwxr-x    2 sambauser sambauser 4.0K Jan  8 14:43 2026010814
082327.938: [08:23:27]drwxrwxr-x    2 sambauser sambauser 4.0K Jan  8 15:58 2026010815
082327.938: [08:23:27]drwxrwxr-x    2 sambauser sambauser 4.0K Jan  8 17:48 2026010817
082327.938: [08:23:27]drwxrwxr-x    2 sambauser sambauser 4.0K Jan  8 21:03 2026010820
082327.938: [08:23:27]drwxrwxr-x    2 sambauser sambauser 4.0K Jan  8 21:38 2026010821
082327.938: [08:23:27]drwxrwxr-x    2 sambauser sambauser 4.0K Jan  8 22:58 2026010822
082327.938: [08:23:27]drwxrwxr-x    2 sambauser sambauser 4.0K Jan  8 23:43 2026010823
082327.938: [08:23:27]drwxrwxr-x    2 sambauser sambauser 4.0K Jan  9 00:53 2026010900
082327.938: [08:23:27]drwxrwxr-x    2 sambauser sambauser 4.0K Jan  9 01:38 2026010901
082327.938: [08:23:27]drwxrwxr-x    2 sambauser sambauser 4.0K Jan  9 02:58 2026010902
082327.938: [08:23:27]drwxrwxr-x    2 sambauser sambauser 4.0K Jan  9 03:53 2026010903
082327.938: [08:23:27]drwxrwxr-x    2 sambauser sambauser 4.0K Jan  9 04:33 2026010904
082327.938: [08:23:27]drwxrwxr-x    2 sambauser sambauser 4.0K Jan  9 05:58 2026010905
082327.938: [08:23:27]drwxrwxr-x    2 sambauser sambauser 4.0K Jan  9 07:03 2026010906
082327.938: [08:23:27]drwxrwxr-x    2 sambauser sambauser 4.0K Jan  9 07:43 2026010907
082327.938: [08:23:27]drwxrwxr-x    2 sambauser sambauser 4.0K Jan  9 09:53 2026010909
082327.938: [08:23:27]drwxrwxr-x    2 sambauser sambauser 4.0K Jan  9 13:03 2026010912
082327.938: [08:23:27]drwxrwxr-x    2 sambauser sambauser 4.0K Jan  9 17:28 2026010917
082327.938: [08:23:27]drwxrwxr-x    2 sambauser sambauser 4.0K Jan  9 21:03 2026010920
082327.938: [08:23:27]drwxrwxr-x    2 sambauser sambauser 4.0K Jan  9 21:58 2026010921
082327.938: [08:23:27]drwxrwxr-x    2 sambauser sambauser 4.0K Jan  9 22:38 2026010922
082327.938: [08:23:27]drwxrwxr-x    2 sambauser sambauser 4.0K Jan  9 23:58 2026010923
082327.938: [08:23:27]drwxrwxr-x    2 sambauser sambauser 4.0K Jan 10 00:53 2026011000
082327.939: [08:23:27]drwxrwxr-x    2 sambauser sambauser 4.0K Jan 10 01:48 2026011001
082327.939: [08:23:27]drwxrwxr-x    2 sambauser sambauser 4.0K Jan 10 02:03 2026011002
082327.939: [08:23:27]drwxrwxr-x    2 sambauser sambauser 4.0K Jan 10 04:08 2026011003
082327.939: [08:23:27]drwxrwxr-x    2 sambauser sambauser 4.0K Jan 10 04:58 2026011004
082327.939: [08:23:27]drwxrwxr-x    2 sambauser sambauser 4.0K Jan 10 05:23 2026011005
082327.939: [08:23:27]drwxrwxr-x    2 sambauser sambauser 4.0K Jan 10 07:03 2026011006
082327.939: [08:23:27]drwxrwxr-x    2 sambauser sambauser 4.0K Jan 10 07:58 2026011007
082327.939: [08:23:27]drwxrwxr-x    2 sambauser sambauser 4.0K Jan 10 08:58 2026011008
082327.939: [08:23:27]drwxrwxr-x    2 sambauser sambauser 4.0K Jan 10 10:03 2026011009
082327.939: [08:23:27]drwxrwxr-x    2 sambauser sambauser 4.0K Jan 10 13:03 2026011012
082327.939: [08:23:27]drwxrwxr-x    2 sambauser sambauser 4.0K Jan 10 14:03 2026011013
082327.939: [08:23:27]drwxrwxr-x    2 sambauser sambauser 4.0K Jan 10 14:18 2026011014
082327.939: [08:23:27]drwxrwxr-x    2 sambauser sambauser 4.0K Jan 10 16:38 2026011016
082327.939: [08:23:27]drwxrwxr-x    2 sambauser sambauser 4.0K Jan 10 17:33 2026011017
082327.939: [08:23:27]drwxrwxr-x    2 sambauser sambauser 4.0K Jan 10 18:38 2026011018
082327.939: [08:23:27]drwxrwxr-x    2 sambauser sambauser 4.0K Jan 10 20:03 2026011019
082327.939: [08:23:27]drwxrwxr-x    2 sambauser sambauser 4.0K Jan 10 21:03 2026011020
082327.939: [08:23:27]drwxrwxr-x    2 sambauser sambauser 4.0K Jan 10 21:53 2026011021
082327.939: [08:23:27]drwxrwxr-x    2 sambauser sambauser 4.0K Jan 10 22:43 2026011022
082327.939: [08:23:27]drwxrwxr-x    2 sambauser sambauser 4.0K Jan 11 00:03 2026011023
082327.939: [08:23:27]drwxrwxr-x    2 sambauser sambauser 4.0K Jan 11 00:43 2026011100
082327.939: [08:23:27]drwxrwxr-x    2 sambauser sambauser 4.0K Jan 11 01:58 2026011101
082327.939: [08:23:27]drwxrwxr-x    2 sambauser sambauser 4.0K Jan 11 02:18 2026011102
082327.939: [08:23:27]drwxrwxr-x    2 sambauser sambauser 4.0K Jan 11 03:43 2026011103
082327.939: [08:23:27]drwxrwxr-x    2 sambauser sambauser 4.0K Jan 11 05:33 2026011105
082327.939: [08:23:27]drwxrwxr-x    2 sambauser sambauser 4.0K Jan 11 06:58 2026011106
082327.940: [08:23:27]drwxrwxr-x    2 sambauser sambauser 4.0K Jan 11 08:59 2026011108
082327.940: [08:23:27]drwxrwxr-x    2 sambauser sambauser 4.0K Jan 11 09:43 2026011109
082327.940: [08:23:27]drwxrwxr-x    2 sambauser sambauser 4.0K Jan 11 13:58 2026011113
082327.940: [08:23:27]drwxrwxr-x    2 sambauser sambauser 4.0K Jan 11 14:28 2026011114
082327.940: [08:23:27]drwxrwxr-x    2 sambauser sambauser 4.0K Jan 11 16:48 2026011116
082327.940: [08:23:27]drwxrwxr-x    2 sambauser sambauser 4.0K Jan 11 17:48 2026011117
082327.940: [08:23:27]drwxrwxr-x    2 sambauser sambauser 4.0K Jan 11 19:13 2026011119
082327.940: [08:23:27]drwxrwxr-x    2 sambauser sambauser 4.0K Jan 11 22:03 2026011121
082327.940: [08:23:27]drwxrwxr-x    2 sambauser sambauser 4.0K Jan 11 22:48 2026011122
082327.940: [08:23:27]drwxrwxr-x    2 sambauser sambauser 4.0K Jan 11 23:28 2026011123
082327.940: [08:23:27]drwxrwxr-x    2 sambauser sambauser 4.0K Jan 12 00:48 2026011200
082327.940: [08:23:27]drwxrwxr-x    2 sambauser sambauser 4.0K Jan 12 01:08 2026011201
082327.940: [08:23:27]drwxrwxr-x    2 sambauser sambauser 4.0K Jan 12 02:53 2026011202
082327.940: [08:23:27]drwxrwxr-x    2 sambauser sambauser 4.0K Jan 12 04:38 2026011204
082327.940: [08:23:27]drwxrwxr-x    2 sambauser sambauser 4.0K Jan 12 05:48 2026011205
082327.940: [08:23:27]drwxrwxr-x    2 sambauser sambauser 4.0K Jan 12 07:03 2026011206
082327.940: [08:23:27]drwxrwxr-x    2 sambauser sambauser 4.0K Jan 12 07:33 2026011207
082327.940: [08:23:27]drwxrwxr-x    2 sambauser sambauser 4.0K Jan 12 09:03 2026011208
082327.940: [08:23:27]drwxrwxr-x    2 sambauser sambauser 4.0K Jan 12 09:53 2026011209
082327.940: [08:23:27]drwxrwxr-x    2 sambauser sambauser 4.0K Jan 12 10:03 2026011210
082327.940: [08:23:27]drwxrwxr-x    2 sambauser sambauser 4.0K Jan 12 12:08 2026011212
082327.940: [08:23:27]drwxrwxr-x    2 sambauser sambauser 4.0K Jan 12 13:38 2026011213
082327.940: [08:23:27]drwxrwxr-x    2 sambauser sambauser 4.0K Jan 12 14:53 2026011214
082327.940: [08:23:27]drwxrwxr-x    2 sambauser sambauser 4.0K Jan 12 15:13 2026011215
082327.940: [08:23:27]drwxrwxr-x    2 sambauser sambauser 4.0K Jan 12 17:03 2026011216
082327.940: [08:23:27]drwxrwxr-x    2 sambauser sambauser 4.0K Jan 12 18:38 2026011218
082327.941: [08:23:27]drwxrwxr-x    2 sambauser sambauser 4.0K Jan 12 19:08 2026011219
082327.941: [08:23:27]drwxrwxr-x    2 sambauser sambauser 4.0K Jan 13 18:01 2026011220
082327.941: [08:23:27]drwxrwxr-x    2 sambauser sambauser 4.0K Jan 13 21:02 2026011320
082327.941: [08:23:27]drwxrwxr-x    2 sambauser sambauser 4.0K Jan 13 22:01 2026011321
082327.941: [08:23:27]drwxrwxr-x    2 sambauser sambauser 4.0K Jan 13 22:56 2026011322
082327.941: [08:23:27]drwxrwxr-x    2 sambauser sambauser 4.0K Jan 13 23:21 2026011323
082327.941: [08:23:27]drwxrwxr-x    2 sambauser sambauser 4.0K Jan 14 01:01 2026011400
082327.941: [08:23:27]drwxrwxr-x    2 sambauser sambauser 4.0K Jan 14 01:36 2026011401
082327.941: [08:23:27]drwxrwxr-x    2 sambauser sambauser 4.0K Jan 14 02:31 2026011402
082327.941: [08:23:27]drwxrwxr-x    2 sambauser sambauser 4.0K Jan 14 03:56 2026011403
082327.941: [08:23:27]drwxrwxr-x    2 sambauser sambauser 4.0K Jan 14 04:51 2026011404
082327.941: [08:23:27]drwxrwxr-x    2 sambauser sambauser 4.0K Jan 14 06:21 2026011406
082327.941: [08:23:27]drwxrwxr-x    2 sambauser sambauser 4.0K Jan 14 07:31 2026011407
082327.941: [08:23:27]drwxrwxr-x    2 sambauser sambauser 4.0K Jan 14 09:41 2026011409
082327.941: [08:23:27]drwxrwxr-x    2 sambauser sambauser 4.0K Jan 14 10:31 2026011410
082327.941: [08:23:27]drwxrwxr-x    2 sambauser sambauser 4.0K Jan 14 12:21 2026011412
082327.941: [08:23:27]drwxrwxr-x    2 sambauser sambauser 4.0K Jan 14 13:56 2026011413
082327.941: [08:23:27]drwxrwxr-x    2 sambauser sambauser 4.0K Jan 14 16:01 2026011415
082327.941: [08:23:27]drwxrwxr-x    2 sambauser sambauser 4.0K Jan 14 17:51 2026011417
082327.941: [08:23:27]drwxrwxr-x    2 sambauser sambauser 4.0K Jan 14 18:11 2026011418
082327.941: [08:23:27]drwxrwxr-x    2 sambauser sambauser 4.0K Jan 14 20:01 2026011419
082327.941: [08:23:27]drwxrwxr-x    2 sambauser sambauser 4.0K Jan 14 21:01 2026011420
082327.941: [08:23:27]drwxrwxr-x    2 sambauser sambauser 4.0K Jan 14 21:51 2026011421
082327.941: [08:23:27]drwxrwxr-x    2 sambauser sambauser 4.0K Jan 14 23:01 2026011422
082327.941: [08:23:27]drwxrwxr-x    2 sambauser sambauser 4.0K Jan 14 23:56 2026011423
082327.941: [08:23:27]drwxrwxr-x    2 sambauser sambauser 4.0K Jan 15 00:51 2026011500
082327.941: [08:23:27]drwxrwxr-x    2 sambauser sambauser 4.0K Jan 15 06:16 2026011506
082327.941: [08:23:27]drwxrwxr-x    2 sambauser sambauser 4.0K Jan 15 07:56 2026011507
082327.941: [08:23:27]drwxrwxr-x    2 sambauser sambauser 4.0K Jan 15 10:01 2026011509
082327.941: [08:23:27]drwxrwxr-x    2 sambauser sambauser 4.0K Jan 15 10:31 2026011510
082327.941: [08:23:27]drwxrwxr-x    2 sambauser sambauser 4.0K Jan 15 12:11 2026011512
082327.942: [08:23:27]drwxrwxr-x    2 sambauser sambauser 4.0K Jan 15 13:46 2026011513
082327.942: [08:23:27]drwxrwxr-x    2 sambauser sambauser 4.0K Jan 15 15:06 2026011515
082327.942: [08:23:27]drwxrwxr-x    2 sambauser sambauser 4.0K Jan 15 16:46 2026011516
082327.942: [08:23:27]drwxrwxr-x    2 sambauser sambauser 4.0K Jan 15 17:41 2026011517
082327.942: [08:23:27]drwxrwxr-x    2 sambauser sambauser 4.0K Jan 15 21:01 2026011520
082327.942: [08:23:27]drwxrwxr-x    2 sambauser sambauser 4.0K Jan 15 21:36 2026011521
082327.942: [08:23:27]drwxrwxr-x    2 sambauser sambauser 4.0K Jan 15 22:26 2026011522
082327.942: [08:23:27]drwxrwxr-x    2 sambauser sambauser 4.0K Jan 16 01:51 2026011601
082327.942: [08:23:27]drwxrwxr-x    2 sambauser sambauser 4.0K Jan 16 02:41 2026011602
082327.942: [08:23:27]drwxrwxr-x    2 sambauser sambauser 4.0K Jan 16 04:06 2026011603
082327.942: [08:23:27]drwxrwxr-x    2 sambauser sambauser 4.0K Jan 16 04:31 2026011604
082327.942: [08:23:27]drwxrwxr-x    2 sambauser sambauser 4.0K Jan 16 05:56 2026011605
082327.942: [08:23:27]drwxrwxr-x    2 sambauser sambauser 4.0K Jan 16 06:41 2026011606
082327.942: [08:23:27]drwxrwxr-x    2 sambauser sambauser 4.0K Jan 16 07:36 2026011607
082327.942: [08:23:27]drwxrwxr-x    2 sambauser sambauser 4.0K Jan 16 08:56 2026011608
082327.942: [08:23:27]drwxrwxr-x    2 sambauser sambauser 4.0K Jan 16 09:16 2026011609
082327.942: [08:23:27]drwxrwxr-x    2 sambauser sambauser 4.0K Jan 16 12:01 2026011611
082327.942: [08:23:27]drwxrwxr-x    2 sambauser sambauser 4.0K Jan 16 12:06 2026011612
082327.942: [08:23:27]drwxrwxr-x    2 sambauser sambauser 4.0K Jan 16 13:36 2026011613
082327.942: [08:23:27]drwxrwxr-x    2 sambauser sambauser 4.0K Jan 16 16:16 2026011616
082327.942: [08:23:27]drwxrwxr-x    2 sambauser sambauser 4.0K Jan 16 17:56 2026011617
082327.942: [08:23:27]drwxrwxr-x    2 sambauser sambauser 4.0K Jan 16 19:46 2026011619
082327.942: [08:23:27]drwxrwxr-x    2 sambauser sambauser 4.0K Jan 16 21:01 2026011620
082327.942: [08:23:27]drwxrwxr-x    2 sambauser sambauser 4.0K Jan 16 21:51 2026011621
082327.942: [08:23:27]drwxrwxr-x    2 sambauser sambauser 4.0K Jan 17 06:56 2026011706
082327.943: [08:23:27]drwxrwxr-x    2 sambauser sambauser 4.0K Jan 17 08:56 2026011708
082327.943: [08:23:27]drwxrwxr-x    2 sambauser sambauser 4.0K Jan 17 09:21 2026011709
082327.943: [08:23:27]drwxrwxr-x    2 sambauser sambauser 4.0K Jan 17 11:01 2026011710
082327.943: [08:23:27]drwxrwxr-x    2 sambauser sambauser 4.0K Jan 17 11:31 2026011711
082327.943: [08:23:27]drwxrwxr-x    2 sambauser sambauser 4.0K Jan 17 12:16 2026011712
082327.943: [08:23:27]drwxrwxr-x    2 sambauser sambauser 4.0K Jan 17 13:06 2026011713
082327.943: [08:23:27]drwxrwxr-x    2 sambauser sambauser 4.0K Jan 17 16:56 2026011716
082327.943: [08:23:27]drwxrwxr-x    2 sambauser sambauser 4.0K Jan 17 19:02 2026011718
082327.943: [08:23:27]drwxrwxr-x    2 sambauser sambauser 4.0K Jan 17 20:01 2026011719
082327.943: [08:23:27]drwxrwxr-x    2 sambauser sambauser 4.0K Jan 17 20:51 2026011720
082327.943: [08:23:27]drwxrwxr-x    2 sambauser sambauser 4.0K Jan 17 21:21 2026011721
082327.943: [08:23:27]drwxrwxr-x    2 sambauser sambauser 4.0K Jan 17 23:16 2026011723
082327.943: [08:23:27]drwxrwxr-x    2 sambauser sambauser 4.0K Jan 18 07:01 2026011806
082327.943: [08:23:27]drwxrwxr-x    2 sambauser sambauser 4.0K Jan 18 08:01 2026011807
082327.943: [08:23:27]drwxrwxr-x    2 sambauser sambauser 4.0K Jan 18 08:31 2026011808
082327.943: [08:23:27]drwxrwxr-x    2 sambauser sambauser 4.0K Jan 18 09:46 2026011809
082327.943: [08:23:27]drwxrwxr-x    2 sambauser sambauser 4.0K Jan 18 10:21 2026011810
082327.943: [08:23:27]drwxrwxr-x    2 sambauser sambauser 4.0K Jan 18 11:16 2026011811
082327.943: [08:23:27]drwxrwxr-x    2 sambauser sambauser 4.0K Jan 18 12:21 2026011812
082327.943: [08:23:27]drwxrwxr-x    2 sambauser sambauser 4.0K Jan 18 17:01 2026011816
082327.943: [08:23:27]drwxrwxr-x    2 sambauser sambauser 4.0K Jan 18 17:56 2026011817
082327.943: [08:23:27]drwxrwxr-x    2 sambauser sambauser 4.0K Jan 18 18:21 2026011818
082327.943: [08:23:27]drwxrwxr-x    2 sambauser sambauser 4.0K Jan 18 19:56 2026011819
082327.943: [08:23:27]drwxrwxr-x    2 sambauser sambauser 4.0K Jan 18 21:01 2026011820
082327.944: [08:23:27]drwxrwxr-x    2 sambauser sambauser 4.0K Jan 18 21:16 2026011821
082327.944: [08:23:27]drwxrwxr-x    2 sambauser sambauser 4.0K Jan 19 01:16 2026011901
082327.944: [08:23:27]drwxrwxr-x    2 sambauser sambauser 4.0K Jan 19 02:26 2026011902
082327.944: [08:23:27]drwxrwxr-x    2 sambauser sambauser 4.0K Jan 19 07:01 2026011906
082327.944: [08:23:27]drwxrwxr-x    2 sambauser sambauser 4.0K Jan 19 08:01 2026011907
082327.944: [08:23:27]drwxrwxr-x    2 sambauser sambauser 4.0K Jan 19 09:36 2026011909
082327.944: [08:23:27]drwxrwxr-x    2 sambauser sambauser 4.0K Jan 19 11:01 2026011910
082327.944: [08:23:27]drwxrwxr-x    2 sambauser sambauser 4.0K Jan 19 11:11 2026011911
082327.944: [08:23:27]drwxrwxr-x    2 sambauser sambauser 4.0K Jan 19 14:06 2026011914
082327.944: [08:23:27]drwxrwxr-x    2 sambauser sambauser 4.0K Jan 19 15:57 2026011915
082327.944: [08:23:27]drwxrwxr-x    2 sambauser sambauser 4.0K Jan 19 18:01 2026011917
082327.944: [08:23:27]drwxrwxr-x    2 sambauser sambauser 4.0K Jan 19 20:02 2026011919
082327.944: [08:23:27]drwxrwxr-x    2 sambauser sambauser 4.0K Jan 19 21:01 2026011920
082327.944: [08:23:27]drwxrwxr-x    2 sambauser sambauser 4.0K Jan 19 21:51 2026011921
082327.944: [08:23:27]drwxrwxr-x    2 sambauser sambauser 4.0K Jan 19 22:41 2026011922
082327.944: [08:23:27]drwxrwxr-x    2 sambauser sambauser 4.0K Jan 19 23:26 2026011923
082327.944: [08:23:27]drwxrwxr-x    2 sambauser sambauser 4.0K Jan 20 00:56 2026012000
082327.944: [08:23:27]drwxrwxr-x    2 sambauser sambauser 4.0K Jan 20 01:36 2026012001
082327.944: [08:23:27]drwxrwxr-x    2 sambauser sambauser 4.0K Jan 20 03:06 2026012002
082327.944: [08:23:27]drwxrwxr-x    2 sambauser sambauser 4.0K Jan 20 04:01 2026012003
082327.944: [08:23:27]drwxrwxr-x    2 sambauser sambauser 4.0K Jan 20 04:41 2026012004
082327.944: [08:23:27]drwxrwxr-x    2 sambauser sambauser 4.0K Jan 20 05:56 2026012005
082327.944: [08:23:27]drwxrwxr-x    2 sambauser sambauser 4.0K Jan 20 06:57 2026012006
082327.944: [08:23:27]drwxrwxr-x    2 sambauser sambauser 4.0K Jan 20 08:01 2026012007
082327.944: [08:23:27]drwxrwxr-x    2 sambauser sambauser 4.0K Jan 20 10:01 2026012009
082327.944: [08:23:27]drwxrwxr-x    2 sambauser sambauser 4.0K Jan 20 10:56 2026012010
082327.944: [08:23:27]drwxrwxr-x    2 sambauser sambauser 4.0K Jan 20 13:01 2026012012
082327.944: [08:23:27]drwxrwxr-x    2 sambauser sambauser 4.0K Jan 20 14:01 2026012013
082327.944: [08:23:27]drwxrwxr-x    2 sambauser sambauser 4.0K Jan 20 14:41 2026012014
082327.944: [08:23:27]drwxrwxr-x    2 sambauser sambauser 4.0K Jan 20 17:31 2026012017
082327.944: [08:23:27]drwxrwxr-x    2 sambauser sambauser 4.0K Jan 20 18:51 2026012018
082327.945: [08:23:27]drwxrwxr-x    2 sambauser sambauser 4.0K Jan 20 19:56 2026012019
082327.945: [08:23:27]drwxrwxr-x    2 sambauser sambauser 4.0K Jan 20 21:01 2026012020
082327.945: [08:23:27]drwxrwxr-x    2 sambauser sambauser 4.0K Jan 20 21:46 2026012021
082327.945: [08:23:27]drwxrwxr-x    2 sambauser sambauser 4.0K Jan 20 22:06 2026012022
082327.945: [08:23:27]drwxrwxr-x    2 sambauser sambauser 4.0K Jan 21 00:01 2026012023
082327.945: [08:23:27]drwxrwxr-x    2 sambauser sambauser 4.0K Jan 21 00:11 2026012100
082327.945: [08:23:27]drwxrwxr-x    2 sambauser sambauser 4.0K Jan 21 01:46 2026012101
082327.945: [08:23:27]drwxrwxr-x    2 sambauser sambauser 4.0K Jan 21 03:01 2026012102
082327.945: [08:23:27]drwxrwxr-x    2 sambauser sambauser 4.0K Jan 21 03:46 2026012103
082327.945: [08:23:27]drwxrwxr-x    2 sambauser sambauser 4.0K Jan 21 05:01 2026012104
082327.945: [08:23:27]drwxrwxr-x    2 sambauser sambauser 4.0K Jan 21 05:46 2026012105
082327.945: [08:23:27]drwxrwxr-x    2 sambauser sambauser 4.0K Jan 21 07:01 2026012106
082327.945: [08:23:27]drwxrwxr-x    2 sambauser sambauser 4.0K Jan 21 07:31 2026012107
082327.945: [08:23:27]drwxrwxr-x    2 sambauser sambauser 4.0K Jan 21 12:56 2026012112
082327.945: [08:23:27]drwxrwxr-x    2 sambauser sambauser 4.0K Jan 21 13:56 2026012113
082327.945: [08:23:27]drwxrwxr-x    2 sambauser sambauser 4.0K Jan 21 15:26 2026012115
082327.945: [08:23:27]drwxrwxr-x    2 sambauser sambauser 4.0K Jan 21 17:46 2026012117
082327.945: [08:23:27]drwxrwxr-x    2 sambauser sambauser 4.0K Jan 21 18:31 2026012118
082327.945: [08:23:27]drwxrwxr-x    2 sambauser sambauser 4.0K Jan 21 20:01 2026012119
082327.945: [08:23:27]drwxrwxr-x    2 sambauser sambauser 4.0K Jan 21 21:01 2026012120
082327.945: [08:23:27]drwxrwxr-x    2 sambauser sambauser 4.0K Jan 21 22:01 2026012121
082327.945: [08:23:27]drwxrwxr-x    2 sambauser sambauser 4.0K Jan 21 22:41 2026012122
082327.946: [08:23:27]drwxrwxr-x    2 sambauser sambauser 4.0K Jan 21 23:36 2026012123
082327.946: [08:23:27]drwxrwxr-x    2 sambauser sambauser 4.0K Jan 22 00:16 2026012200
082327.946: [08:23:27]drwxrwxr-x    2 sambauser sambauser 4.0K Jan 22 01:46 2026012201
082327.946: [08:23:27]drwxrwxr-x    2 sambauser sambauser 4.0K Jan 22 03:06 2026012202
082327.946: [08:23:27]drwxrwxr-x    2 sambauser sambauser 4.0K Jan 22 03:41 2026012203
082327.946: [08:23:27]drwxrwxr-x    2 sambauser sambauser 4.0K Jan 22 04:46 2026012204
082327.946: [08:23:27]drwxrwxr-x    2 sambauser sambauser 4.0K Jan 22 05:51 2026012205
082327.946: [08:23:27]drwxrwxr-x    2 sambauser sambauser 4.0K Jan 22 06:56 2026012206
082327.946: [08:23:27]drwxrwxr-x    2 sambauser sambauser 4.0K Jan 22 07:06 2026012207
082327.946: [08:23:27]drwxrwxr-x    2 sambauser sambauser 4.0K Jan 22 10:01 2026012209
082327.946: [08:23:27]drwxrwxr-x    2 sambauser sambauser 4.0K Jan 22 10:21 2026012210
082327.946: [08:23:27]drwxrwxr-x    2 sambauser sambauser 4.0K Jan 22 12:01 2026012211
082327.946: [08:23:27]drwxrwxr-x    2 sambauser sambauser 4.0K Jan 22 12:46 2026012212
082327.946: [08:23:27]drwxrwxr-x    2 sambauser sambauser 4.0K Jan 22 14:21 2026012214
082327.946: [08:23:27]drwxrwxr-x    2 sambauser sambauser 4.0K Jan 22 15:46 2026012215
082327.946: [08:23:27]drwxrwxr-x    2 sambauser sambauser 4.0K Jan 22 17:46 2026012217
082327.946: [08:23:27]drwxrwxr-x    2 sambauser sambauser 4.0K Jan 22 19:01 2026012218
082327.946: [08:23:27]drwxrwxr-x    2 sambauser sambauser 4.0K Jan 22 19:11 2026012219
082327.946: [08:23:27]drwxrwxr-x    2 sambauser sambauser 4.0K Jan 22 21:01 2026012220
082327.946: [08:23:27]drwxrwxr-x    2 sambauser sambauser 4.0K Jan 22 21:41 2026012221
082327.946: [08:23:27]drwxrwxr-x    2 sambauser sambauser 4.0K Jan 22 22:46 2026012222
082327.946: [08:23:27]drwxrwxr-x    2 sambauser sambauser 4.0K Jan 22 23:21 2026012223
082327.946: [08:23:27]drwxrwxr-x    2 sambauser sambauser 4.0K Jan 23 00:31 2026012300
082327.946: [08:23:27]drwxrwxr-x    2 sambauser sambauser 4.0K Jan 23 02:01 2026012301
082327.946: [08:23:27]drwxrwxr-x    2 sambauser sambauser 4.0K Jan 23 03:01 2026012302
082327.947: [08:23:27]drwxrwxr-x    2 sambauser sambauser 4.0K Jan 23 03:56 2026012303
082327.947: [08:23:27]drwxrwxr-x    2 sambauser sambauser 4.0K Jan 23 05:01 2026012304
082327.947: [08:23:27]drwxrwxr-x    2 sambauser sambauser 4.0K Jan 23 05:51 2026012305
082327.947: [08:23:27]drwxrwxr-x    2 sambauser sambauser 4.0K Jan 23 07:01 2026012306
082327.947: [08:23:27]drwxrwxr-x    2 sambauser sambauser 4.0K Jan 23 09:51 2026012309
082327.947: [08:23:27]drwxrwxr-x    2 sambauser sambauser 4.0K Jan 23 10:06 2026012310
082327.947: [08:23:27]drwxrwxr-x    2 sambauser sambauser 4.0K Jan 23 13:01 2026012312
082327.947: [08:23:27]drwxrwxr-x    2 sambauser sambauser 4.0K Jan 23 13:36 2026012313
082327.947: [08:23:27]drwxrwxr-x    2 sambauser sambauser 4.0K Jan 23 14:26 2026012314
082327.947: [08:23:27]drwxrwxr-x    2 sambauser sambauser 4.0K Jan 23 15:11 2026012315
082327.947: [08:23:27]drwxrwxr-x    2 sambauser sambauser 4.0K Jan 23 17:46 2026012317
082327.947: [08:23:27]drwxrwxr-x    2 sambauser sambauser 4.0K Jan 23 19:51 2026012319
082327.947: [08:23:27]drwxrwxr-x    2 sambauser sambauser 4.0K Jan 23 21:01 2026012320
082327.947: [08:23:27]drwxrwxr-x    2 sambauser sambauser 4.0K Jan 23 21:41 2026012321
082327.947: [08:23:27]drwxrwxr-x    2 sambauser sambauser 4.0K Jan 23 22:46 2026012322
082327.947: [08:23:27]drwxrwxr-x    2 sambauser sambauser 4.0K Jan 23 23:46 2026012323
082327.947: [08:23:27]drwxrwxr-x    2 sambauser sambauser 4.0K Jan 24 00:21 2026012400
082327.947: [08:23:27]drwxrwxr-x    2 sambauser sambauser 4.0K Jan 24 01:16 2026012401
082327.947: [08:23:27]drwxrwxr-x    2 sambauser sambauser 4.0K Jan 24 03:36 2026012403
082327.947: [08:23:27]drwxrwxr-x    2 sambauser sambauser 4.0K Jan 24 06:01 2026012405
082327.947: [08:23:27]drwxrwxr-x    2 sambauser sambauser 4.0K Jan 24 06:41 2026012406
082327.947: [08:23:27]drwxrwxr-x    2 sambauser sambauser 4.0K Jan 24 07:51 2026012407
082327.947: [08:23:27]drwxrwxr-x    2 sambauser sambauser 4.0K Jan 24 09:36 2026012409
082327.947: [08:23:27]drwxrwxr-x    2 sambauser sambauser 4.0K Jan 24 13:01 2026012412
082327.947: [08:23:27]drwxrwxr-x    2 sambauser sambauser 4.0K Jan 24 17:46 2026012417
082327.948: [08:23:27]drwxrwxr-x    2 sambauser sambauser 4.0K Jan 24 19:01 2026012418
082327.948: [08:23:27]drwxrwxr-x    2 sambauser sambauser 4.0K Jan 24 20:01 2026012419
082327.948: [08:23:27]drwxrwxr-x    2 sambauser sambauser 4.0K Jan 24 20:56 2026012420
082327.948: [08:23:27]drwxrwxr-x    2 sambauser sambauser 4.0K Jan 24 21:51 2026012421
082327.948: [08:23:27]drwxrwxr-x    2 sambauser sambauser 4.0K Jan 24 23:01 2026012422
082327.948: [08:23:27]drwxrwxr-x    2 sambauser sambauser 4.0K Jan 24 23:56 2026012423
082327.948: [08:23:27]drwxrwxr-x    2 sambauser sambauser 4.0K Jan 25 01:01 2026012500
082327.948: [08:23:27]drwxrwxr-x    2 sambauser sambauser 4.0K Jan 25 03:36 2026012503
082327.948: [08:23:27]drwxrwxr-x    2 sambauser sambauser 4.0K Jan 25 05:01 2026012504
082327.948: [08:23:27]drwxrwxr-x    2 sambauser sambauser 4.0K Jan 25 05:41 2026012505
082327.948: [08:23:27]drwxrwxr-x    2 sambauser sambauser 4.0K Jan 25 06:51 2026012506
082327.948: [08:23:27]drwxrwxr-x    2 sambauser sambauser 4.0K Jan 25 08:01 2026012507
082327.948: [08:23:27]drwxrwxr-x    2 sambauser sambauser 4.0K Jan 25 09:06 2026012508
082327.948: [08:23:27]drwxrwxr-x    2 sambauser sambauser 4.0K Jan 25 10:32 2026012509
082327.948: [08:23:27]drwxrwxr-x    2 sambauser sambauser 4.0K Jan 25 17:01 2026012516
082327.948: [08:23:27]drwxrwxr-x    2 sambauser sambauser 4.0K Jan 25 17:41 2026012517
082327.948: [08:23:27]drwxrwxr-x    2 sambauser sambauser 4.0K Jan 25 18:26 2026012518
082327.948: [08:23:27]drwxrwxr-x    2 sambauser sambauser 4.0K Jan 25 20:01 2026012519
082327.948: [08:23:27]drwxrwxr-x    2 sambauser sambauser 4.0K Jan 25 20:51 2026012520
082327.948: [08:23:27]drwxrwxr-x    2 sambauser sambauser 4.0K Jan 25 23:56 2026012523
082327.948: [08:23:27]drwxrwxr-x    2 sambauser sambauser 4.0K Jan 26 00:36 2026012600
082327.948: [08:23:27]drwxrwxr-x    2 sambauser sambauser 4.0K Jan 26 01:56 2026012601
082327.949: [08:23:27]drwxrwxr-x    2 sambauser sambauser 4.0K Jan 26 02:31 2026012602
082327.949: [08:23:27]drwxrwxr-x    2 sambauser sambauser 4.0K Jan 26 03:16 2026012603
082327.949: [08:23:27]drwxrwxr-x    2 sambauser sambauser 4.0K Jan 26 04:11 2026012604
082327.949: [08:23:27]drwxrwxr-x    2 sambauser sambauser 4.0K Jan 26 05:16 2026012605
082327.949: [08:23:27]drwxrwxr-x    2 sambauser sambauser 4.0K Jan 26 07:01 2026012606
082327.949: [08:23:27]drwxrwxr-x    2 sambauser sambauser 4.0K Jan 26 08:01 2026012607
082327.949: [08:23:27]drwxrwxr-x    2 sambauser sambauser 4.0K Jan 26 09:11 2026012609
082327.949: [08:23:27]drwxrwxr-x    2 sambauser sambauser 4.0K Jan 26 11:01 2026012610
082327.949: [08:23:27]drwxrwxr-x    2 sambauser sambauser 4.0K Jan 26 11:21 2026012611
082327.949: [08:23:27]drwxrwxr-x    2 sambauser sambauser 4.0K Jan 26 17:21 2026012617
082327.949: [08:23:27]drwxrwxr-x    2 sambauser sambauser 4.0K Jan 26 21:01 2026012620
082327.949: [08:23:27]drwxrwxr-x    2 sambauser sambauser 4.0K Jan 26 22:01 2026012621
082327.949: [08:23:27]drwxrwxr-x    2 sambauser sambauser 4.0K Jan 26 23:01 2026012622
082327.949: [08:23:27]drwxrwxr-x    2 sambauser sambauser 4.0K Jan 27 00:01 2026012623
082327.949: [08:23:27]drwxrwxr-x    2 sambauser sambauser 4.0K Jan 27 00:46 2026012700
082327.949: [08:23:27]drwxrwxr-x    2 sambauser sambauser 4.0K Jan 27 01:46 2026012701
082327.949: [08:23:27]drwxrwxr-x    2 sambauser sambauser 4.0K Jan 27 02:36 2026012702
082327.949: [08:23:27]drwxrwxr-x    2 sambauser sambauser 4.0K Jan 27 04:06 2026012703
082327.949: [08:23:27]drwxrwxr-x    2 sambauser sambauser 4.0K Jan 27 04:31 2026012704
082327.949: [08:23:27]drwxrwxr-x    2 sambauser sambauser 4.0K Jan 27 06:01 2026012705
082327.949: [08:23:27]drwxrwxr-x    2 sambauser sambauser 4.0K Jan 27 06:56 2026012706
082327.949: [08:23:27]drwxrwxr-x    2 sambauser sambauser 4.0K Jan 27 07:46 2026012707
082327.949: [08:23:27]drwxrwxr-x    2 sambauser sambauser 4.0K Jan 27 09:41 2026012709
082327.949: [08:23:27]drwxrwxr-x    2 sambauser sambauser 4.0K Jan 27 11:01 2026012710
082327.949: [08:23:27]drwxrwxr-x    2 sambauser sambauser 4.0K Jan 27 11:46 2026012711
082327.949: [08:23:27]drwxrwxr-x    2 sambauser sambauser 4.0K Jan 27 12:51 2026012712
082327.949: [08:23:27]drwxrwxr-x    2 sambauser sambauser 4.0K Jan 27 17:46 2026012717
082327.949: [08:23:27]drwxrwxr-x    2 sambauser sambauser 4.0K Jan 27 18:46 2026012718
082327.949: [08:23:27]drwxrwxr-x    2 sambauser sambauser 4.0K Jan 27 19:41 2026012719
082327.950: [08:23:27]drwxrwxr-x    2 sambauser sambauser 4.0K Jan 27 21:01 2026012720
082327.950: [08:23:27]drwxrwxr-x    2 sambauser sambauser 4.0K Jan 27 22:01 2026012721
082327.950: [08:23:27]drwxrwxr-x    2 sambauser sambauser 4.0K Jan 27 22:56 2026012722
082327.950: [08:23:27]drwxrwxr-x    2 sambauser sambauser 4.0K Jan 27 23:11 2026012723
082327.950: [08:23:27]drwxrwxr-x    2 sambauser sambauser 4.0K Jan 28 00:31 2026012800
082327.950: [08:23:27]drwxrwxr-x    2 sambauser sambauser 4.0K Jan 28 01:41 2026012801
082327.950: [08:23:27]drwxrwxr-x    2 sambauser sambauser 4.0K Jan 28 03:01 2026012802
082327.950: [08:23:27]drwxrwxr-x    2 sambauser sambauser 4.0K Jan 28 03:56 2026012803
082327.950: [08:23:27]drwxrwxr-x    2 sambauser sambauser 4.0K Jan 28 05:56 2026012805
082327.950: [08:23:27]drwxrwxr-x    2 sambauser sambauser 4.0K Jan 28 07:01 2026012806
082327.950: [08:23:27]drwxrwxr-x    2 sambauser sambauser 4.0K Jan 28 07:51 2026012807
082327.950: [08:23:27]drwxrwxr-x    2 sambauser sambauser 4.0K Jan 28 10:36 2026012810
082327.950: [08:23:27]drwxrwxr-x    2 sambauser sambauser 4.0K Jan 28 11:31 2026012811
082327.950: [08:23:27]drwxrwxr-x    2 sambauser sambauser 4.0K Jan 28 12:26 2026012812
082327.950: [08:23:27]drwxrwxr-x    2 sambauser sambauser 4.0K Jan 28 13:46 2026012813
082327.950: [08:23:27]drwxrwxr-x    2 sambauser sambauser 4.0K Jan 28 14:56 2026012814
082327.950: [08:23:27]drwxrwxr-x    2 sambauser sambauser 4.0K Jan 28 15:11 2026012815
082327.950: [08:23:27]drwxrwxr-x    2 sambauser sambauser 4.0K Jan 28 17:51 2026012817
082327.950: [08:23:27]drwxrwxr-x    2 sambauser sambauser 4.0K Jan 28 19:26 2026012819
082327.950: [08:23:27]drwxrwxr-x    2 sambauser sambauser 4.0K Jan 28 21:01 2026012820
082327.950: [08:23:27]drwxrwxr-x    2 sambauser sambauser 4.0K Jan 28 21:36 2026012821
082327.950: [08:23:27]drwxrwxr-x    2 sambauser sambauser 4.0K Jan 28 23:01 2026012822
082327.950: [08:23:27]drwxrwxr-x    2 sambauser sambauser 4.0K Jan 28 23:31 2026012823
082327.950: [08:23:27]drwxrwxr-x    2 sambauser sambauser 4.0K Jan 29 00:56 2026012900
082327.950: [08:23:27]drwxrwxr-x    2 sambauser sambauser 4.0K Jan 29 01:31 2026012901
082327.950: [08:23:27]drwxrwxr-x    2 sambauser sambauser 4.0K Jan 29 03:06 2026012902
082327.950: [08:23:27]drwxrwxr-x    2 sambauser sambauser 4.0K Jan 29 03:16 2026012903
082327.951: [08:23:27]drwxrwxr-x    2 sambauser sambauser 4.0K Jan 29 05:01 2026012904
082327.951: [08:23:27]drwxrwxr-x    2 sambauser sambauser 4.0K Jan 29 05:46 2026012905
082327.951: [08:23:27]drwxrwxr-x    2 sambauser sambauser 4.0K Jan 29 07:01 2026012906
082327.951: [08:23:27]drwxrwxr-x    2 sambauser sambauser 4.0K Jan 29 07:51 2026012907
082327.951: [08:23:27]drwxrwxr-x    2 sambauser sambauser 4.0K Jan 29 09:31 2026012909
082327.951: [08:23:27]drwxrwxr-x    2 sambauser sambauser 4.0K Jan 29 10:36 2026012910
082327.951: [08:23:27]drwxrwxr-x    2 sambauser sambauser 4.0K Jan 29 13:51 2026012913
082327.951: [08:23:27]drwxrwxr-x    2 sambauser sambauser 4.0K Jan 29 17:36 2026012917
082327.951: [08:23:27]drwxrwxr-x    2 sambauser sambauser 4.0K Jan 29 18:21 2026012918
082327.951: [08:23:27]drwxrwxr-x    2 sambauser sambauser 4.0K Jan 29 20:01 2026012919
082327.951: [08:23:27]drwxrwxr-x    2 sambauser sambauser 4.0K Jan 29 21:02 2026012920
082327.951: [08:23:27]drwxrwxr-x    2 sambauser sambauser 4.0K Jan 29 21:36 2026012921
082327.951: [08:23:27]drwxrwxr-x    2 sambauser sambauser 4.0K Jan 29 22:46 2026012922
082327.951: [08:23:27]drwxrwxr-x    2 sambauser sambauser 4.0K Jan 29 23:36 2026012923
082327.951: [08:23:27]drwxrwxr-x    2 sambauser sambauser 4.0K Jan 30 00:46 2026013000
082327.951: [08:23:27]drwxrwxr-x    2 sambauser sambauser 4.0K Jan 30 01:41 2026013001
082327.951: [08:23:27]drwxrwxr-x    2 sambauser sambauser 4.0K Jan 30 02:41 2026013002
082327.951: [08:23:27]drwxrwxr-x    2 sambauser sambauser 4.0K Jan 30 04:36 2026013004
082327.951: [08:23:27]drwxrwxr-x    2 sambauser sambauser 4.0K Jan 30 05:56 2026013005
082327.951: [08:23:27]drwxrwxr-x    2 sambauser sambauser 4.0K Jan 30 07:01 2026013006
082327.951: [08:23:27]drwxrwxr-x    2 sambauser sambauser 4.0K Jan 30 07:56 2026013007
082327.951: [08:23:27]drwxrwxr-x    2 sambauser sambauser 4.0K Jan 30 09:36 2026013009
082327.951: [08:23:27]drwxrwxr-x    2 sambauser sambauser 4.0K Jan 30 10:46 2026013010
082327.951: [08:23:27]drwxrwxr-x    2 sambauser sambauser 4.0K Jan 30 16:11 2026013016
082327.951: [08:23:27]drwxrwxr-x    2 sambauser sambauser 4.0K Jan 30 17:36 2026013017
082327.952: [08:23:27]drwxrwxr-x    2 sambauser sambauser 4.0K Jan 30 20:56 2026013020
082327.952: [08:23:27]drwxrwxr-x    2 sambauser sambauser 4.0K Jan 30 21:46 2026013021
082327.952: [08:23:27]drwxrwxr-x    2 sambauser sambauser 4.0K Jan 31 01:01 2026013100
082327.952: [08:23:27]drwxrwxr-x    2 sambauser sambauser 4.0K Jan 31 01:51 2026013101
082327.952: [08:23:27]drwxrwxr-x    2 sambauser sambauser 4.0K Jan 31 02:56 2026013102
082327.952: [08:23:27]drwxrwxr-x    2 sambauser sambauser 4.0K Jan 31 03:41 2026013103
082327.952: [08:23:27]drwxrwxr-x    2 sambauser sambauser 4.0K Jan 31 04:16 2026013104
082327.952: [08:23:27]drwxrwxr-x    2 sambauser sambauser 4.0K Jan 31 06:31 2026013106
082327.952: [08:23:27]drwxrwxr-x    2 sambauser sambauser 4.0K Jan 31 08:01 2026013107
082327.952: [08:23:27]drwxrwxr-x    2 sambauser sambauser 4.0K Jan 31 08:51 2026013108
082327.952: [08:23:27]drwxrwxr-x    2 sambauser sambauser 4.0K Jan 31 09:36 2026013109
082327.952: [08:23:27]drwxrwxr-x    2 sambauser sambauser 4.0K Jan 31 17:46 2026013117
082327.952: [08:23:27]drwxrwxr-x    2 sambauser sambauser 4.0K Jan 31 20:01 2026013119
082327.952: [08:23:27]drwxrwxr-x    2 sambauser sambauser 4.0K Jan 31 21:01 2026013120
082327.952: [08:23:27]drwxrwxr-x    2 sambauser sambauser 4.0K Jan 31 21:21 2026013121
082327.952: [08:23:27]drwxrwxr-x    2 sambauser sambauser 4.0K Jan 31 23:01 2026013122
082327.952: [08:23:27]drwxrwxr-x    2 sambauser sambauser 4.0K Feb  1 00:01 2026013123
082327.952: [08:23:27]drwxrwxr-x    2 sambauser sambauser 4.0K Feb  1 00:56 2026020100
082327.952: [08:23:27]drwxrwxr-x    2 sambauser sambauser 4.0K Feb  1 01:36 2026020101
082327.952: [08:23:27]drwxrwxr-x    2 sambauser sambauser 4.0K Feb  1 02:51 2026020102
082327.952: [08:23:27]drwxrwxr-x    2 sambauser sambauser 4.0K Feb  1 03:56 2026020103
082327.952: [08:23:27]drwxrwxr-x    2 sambauser sambauser 4.0K Feb  1 04:36 2026020104
082327.952: [08:23:27]drwxrwxr-x    2 sambauser sambauser 4.0K Feb  1 06:01 2026020105
082327.952: [08:23:27]drwxrwxr-x    2 sambauser sambauser 4.0K Feb  1 06:56 2026020106
082327.952: [08:23:27]drwxrwxr-x    2 sambauser sambauser 4.0K Feb  1 08:01 2026020107
082327.952: [08:23:27]drwxrwxr-x    2 sambauser sambauser 4.0K Feb  1 08:16 2026020108
082327.952: [08:23:27]drwxrwxr-x    2 sambauser sambauser 4.0K Feb  1 13:02 2026020112
082327.952: [08:23:27]drwxrwxr-x    2 sambauser sambauser 4.0K Feb  1 14:02 2026020113
082327.952: [08:23:27]drwxrwxr-x    2 sambauser sambauser 4.0K Feb  1 15:01 2026020114
082327.953: [08:23:27]drwxrwxr-x    2 sambauser sambauser 4.0K Feb  1 15:46 2026020115
082327.953: [08:23:27]drwxrwxr-x    2 sambauser sambauser 4.0K Feb  1 17:51 2026020117
082327.953: [08:23:27]drwxrwxr-x    2 sambauser sambauser 4.0K Feb  1 18:56 2026020118
082327.953: [08:23:27]drwxrwxr-x    2 sambauser sambauser 4.0K Feb  1 20:01 2026020119
082327.953: [08:23:27]drwxrwxr-x    2 sambauser sambauser 4.0K Feb  1 20:16 2026020120
082327.953: [08:23:27]drwxrwxr-x    2 sambauser sambauser 4.0K Feb  1 21:11 2026020121
082327.953: [08:23:27]drwxrwxr-x    2 sambauser sambauser 4.0K Feb  1 22:31 2026020122
082327.953: [08:23:27]drwxrwxr-x    2 sambauser sambauser 4.0K Feb  1 23:41 2026020123
082327.953: [08:23:27]drwxrwxr-x    2 sambauser sambauser 4.0K Feb  2 00:41 2026020200
082327.953: [08:23:27]drwxrwxr-x    2 sambauser sambauser 4.0K Feb  2 01:16 2026020201
082327.953: [08:23:27]drwxrwxr-x    2 sambauser sambauser 4.0K Feb  2 03:01 2026020202
082327.953: [08:23:27]drwxrwxr-x    2 sambauser sambauser 4.0K Feb  2 03:56 2026020203
082327.953: [08:23:27]drwxrwxr-x    2 sambauser sambauser 4.0K Feb  2 05:56 2026020205
082327.953: [08:23:27]drwxrwxr-x    2 sambauser sambauser 4.0K Feb  2 06:56 2026020206
082327.953: [08:23:27]drwxrwxr-x    2 sambauser sambauser 4.0K Feb  2 07:51 2026020207
082327.953: [08:23:27]drwxrwxr-x    2 sambauser sambauser 4.0K Feb  2 09:01 2026020208
082327.953: [08:23:27]drwxrwxr-x    2 sambauser sambauser 4.0K Feb  2 09:41 2026020209
082327.953: [08:23:27]drwxrwxr-x    2 sambauser sambauser 4.0K Feb  2 10:56 2026020210
082327.953: [08:23:27]drwxrwxr-x    2 sambauser sambauser 4.0K Feb  2 14:56 2026020214
082327.953: [08:23:27]drwxrwxr-x    2 sambauser sambauser 4.0K Feb  2 15:06 2026020215
082327.953: [08:23:27]drwxrwxr-x    2 sambauser sambauser 4.0K Feb  2 16:41 2026020216
082327.953: [08:23:27]drwxrwxr-x    2 sambauser sambauser 4.0K Feb  2 17:51 2026020217
082327.953: [08:23:27]drwxrwxr-x    2 sambauser sambauser 4.0K Feb  2 19:36 2026020219
082327.953: [08:23:27]drwxrwxr-x    2 sambauser sambauser 4.0K Feb  2 21:02 2026020220
082327.953: [08:23:27]drwxrwxr-x    2 sambauser sambauser 4.0K Feb  2 22:01 2026020221
082327.954: [08:23:27]drwxrwxr-x    2 sambauser sambauser 4.0K Feb  2 22:51 2026020222
082327.954: [08:23:27]drwxrwxr-x    2 sambauser sambauser 4.0K Feb  3 00:06 2026020300
082327.954: [08:23:27]drwxrwxr-x    2 sambauser sambauser 4.0K Feb  3 01:51 2026020301
082327.954: [08:23:27]drwxrwxr-x    2 sambauser sambauser 4.0K Feb  3 02:51 2026020302
082327.954: [08:23:27]drwxrwxr-x    2 sambauser sambauser 4.0K Feb  3 04:01 2026020303
082327.954: [08:23:27]drwxrwxr-x    2 sambauser sambauser 4.0K Feb  3 05:01 2026020304
082327.954: [08:23:27]drwxrwxr-x    2 sambauser sambauser 4.0K Feb  3 06:01 2026020305
082327.954: [08:23:27]drwxrwxr-x    2 sambauser sambauser 4.0K Feb  3 07:01 2026020306
082327.954: [08:23:27]drwxrwxr-x    2 sambauser sambauser 4.0K Feb  3 08:01 2026020307
082327.954: [08:23:27]drwxrwxr-x    2 sambauser sambauser 4.0K Feb  3 09:51 2026020309
082327.954: [08:23:27]drwxrwxr-x    2 sambauser sambauser 4.0K Feb  3 12:01 2026020311
082327.954: [08:23:27]drwxrwxr-x    2 sambauser sambauser 4.0K Feb  3 12:31 2026020312
082327.954: [08:23:27]drwxrwxr-x    2 sambauser sambauser 4.0K Feb  3 13:16 2026020313
082327.954: [08:23:27]drwxrwxr-x    2 sambauser sambauser 4.0K Feb  3 15:01 2026020314
082327.954: [08:23:27]drwxrwxr-x    2 sambauser sambauser 4.0K Feb  3 15:16 2026020315
082327.955: [08:23:27]drwxrwxr-x    2 sambauser sambauser 4.0K Feb  3 16:06 2026020316
082327.955: [08:23:27]drwxrwxr-x    2 sambauser sambauser 4.0K Feb  3 17:46 2026020317
082327.955: [08:23:27]drwxrwxr-x    2 sambauser sambauser 4.0K Feb  3 18:56 2026020318
082327.955: [08:23:27]drwxrwxr-x    2 sambauser sambauser 4.0K Feb  3 20:56 2026020320
082327.955: [08:23:27]drwxrwxr-x    2 sambauser sambauser 4.0K Feb  3 22:01 2026020321
082327.955: [08:23:27]drwxrwxr-x    2 sambauser sambauser 4.0K Feb  3 23:31 2026020323
082327.955: [08:23:27]drwxrwxr-x    2 sambauser sambauser 4.0K Feb  4 00:56 2026020400
082327.955: [08:23:27]drwxrwxr-x    2 sambauser sambauser 4.0K Feb  4 01:56 2026020401
082327.955: [08:23:27]drwxrwxr-x    2 sambauser sambauser 4.0K Feb  4 02:16 2026020402
082327.955: [08:23:27]drwxrwxr-x    2 sambauser sambauser 4.0K Feb  4 04:21 2026020404
082327.955: [08:23:27]drwxrwxr-x    2 sambauser sambauser 4.0K Feb  4 05:41 2026020405
082327.955: [08:23:27]drwxrwxr-x    2 sambauser sambauser 4.0K Feb  4 06:51 2026020406
082327.955: [08:23:27]drwxrwxr-x    2 sambauser sambauser 4.0K Feb  4 07:41 2026020407
082327.955: [08:23:27]drwxrwxr-x    2 sambauser sambauser 4.0K Feb  4 08:41 2026020408
082327.955: [08:23:27]drwxrwxr-x    2 sambauser sambauser 4.0K Feb  4 09:36 2026020409
082327.955: [08:23:27]drwxrwxr-x    2 sambauser sambauser 4.0K Feb  4 10:56 2026020410
082327.955: [08:23:27]drwxrwxr-x    2 sambauser sambauser 4.0K Feb  4 11:21 2026020411
082327.955: [08:23:27]drwxrwxr-x    2 sambauser sambauser 4.0K Feb  4 12:56 2026020412
082327.955: [08:23:27]drwxrwxr-x    2 sambauser sambauser 4.0K Feb  4 14:01 2026020413
082327.955: [08:23:27]drwxrwxr-x    2 sambauser sambauser 4.0K Feb  4 16:01 2026020415
082327.955: [08:23:27]drwxrwxr-x    2 sambauser sambauser 4.0K Feb  4 16:36 2026020416
082327.955: [08:23:27]drwxrwxr-x    2 sambauser sambauser 4.0K Feb  4 17:51 2026020417
082327.955: [08:23:27]drwxrwxr-x    2 sambauser sambauser 4.0K Feb  4 20:56 2026020420
082327.955: [08:23:27]drwxrwxr-x    2 sambauser sambauser 4.0K Feb  4 21:56 2026020421
082327.955: [08:23:27]drwxrwxr-x    2 sambauser sambauser 4.0K Feb  4 23:01 2026020422
082327.955: [08:23:27]drwxrwxr-x    2 sambauser sambauser 4.0K Feb  4 23:51 2026020423
082327.955: [08:23:27]drwxrwxr-x    2 sambauser sambauser 4.0K Feb  5 00:46 2026020500
082327.955: [08:23:27]drwxrwxr-x    2 sambauser sambauser 4.0K Feb  5 01:46 2026020501
082327.956: [08:23:27]drwxrwxr-x    2 sambauser sambauser 4.0K Feb  5 04:06 2026020502
082327.956: [08:23:27]drwxrwxr-x    2 sambauser sambauser 4.0K Feb  5 04:06 2026020503
082327.956: [08:23:27]drwxrwxr-x    2 sambauser sambauser 4.0K Feb  5 04:51 2026020504
082327.956: [08:23:27]drwxrwxr-x    2 sambauser sambauser 4.0K Feb  5 05:56 2026020505
082327.956: [08:23:27]drwxrwxr-x    2 sambauser sambauser 4.0K Feb  5 06:56 2026020506
082327.956: [08:23:27]drwxrwxr-x    2 sambauser sambauser 4.0K Feb  5 07:56 2026020507
082327.956: [08:23:27]drwxrwxr-x    2 sambauser sambauser 4.0K Feb  5 10:46 2026020510
082327.956: [08:23:27]drwxrwxr-x    2 sambauser sambauser 4.0K Feb  5 11:16 2026020511
082327.956: [08:23:27]drwxrwxr-x    2 sambauser sambauser 4.0K Feb  5 13:26 2026020513
082327.956: [08:23:27]drwxrwxr-x    2 sambauser sambauser 4.0K Feb  5 14:56 2026020514
082327.956: [08:23:27]drwxrwxr-x    2 sambauser sambauser 4.0K Feb  5 15:16 2026020515
082327.956: [08:23:27]drwxrwxr-x    2 sambauser sambauser 4.0K Feb  5 16:56 2026020516
082327.956: [08:23:27]drwxrwxr-x    2 sambauser sambauser 4.0K Feb  5 18:41 2026020518
082327.956: [08:23:27]drwxrwxr-x    2 sambauser sambauser 4.0K Feb  5 19:41 2026020519
082327.956: [08:23:27]drwxrwxr-x    2 sambauser sambauser 4.0K Feb  5 21:06 2026020520
082327.956: [08:23:27]drwxrwxr-x    2 sambauser sambauser 4.0K Feb  5 21:26 2026020521
082327.956: [08:23:27]drwxrwxr-x    2 sambauser sambauser 4.0K Feb  5 22:21 2026020522
082327.956: [08:23:27]drwxrwxr-x    2 sambauser sambauser 4.0K Feb  6 00:01 2026020523
082327.956: [08:23:27]drwxrwxr-x    2 sambauser sambauser 4.0K Feb  6 00:56 2026020600
082327.956: [08:23:27]drwxrwxr-x    2 sambauser sambauser 4.0K Feb  6 01:31 2026020601
082327.956: [08:23:27]drwxrwxr-x    2 sambauser sambauser 4.0K Feb  6 02:36 2026020602
082327.956: [08:23:27]drwxrwxr-x    2 sambauser sambauser 4.0K Feb  6 03:01 2026020603
082327.956: [08:23:27]drwxrwxr-x    2 sambauser sambauser 4.0K Feb  6 06:01 2026020605
082327.956: [08:23:27]drwxrwxr-x    2 sambauser sambauser 4.0K Feb  6 06:56 2026020606
082327.956: [08:23:27]drwxrwxr-x    2 sambauser sambauser 4.0K Feb  6 07:31 2026020607
082327.956: [08:23:27]drwxrwxr-x    2 sambauser sambauser 4.0K Feb  6 09:26 2026020609
082327.956: [08:23:27]drwxrwxr-x    2 sambauser sambauser 4.0K Feb  6 10:56 2026020610
082327.956: [08:23:27]drwxrwxr-x    2 sambauser sambauser 4.0K Feb  6 11:41 2026020611
082327.956: [08:23:27]drwxrwxr-x    2 sambauser sambauser 4.0K Feb  6 12:16 2026020612
082327.956: [08:23:27]drwxrwxr-x    2 sambauser sambauser 4.0K Feb  6 13:01 2026020613
082327.956: [08:23:27]drwxrwxr-x    2 sambauser sambauser 4.0K Feb  6 17:41 2026020617
082327.956: [08:23:27]drwxrwxr-x    2 sambauser sambauser 4.0K Feb  6 21:01 2026020620
082327.956: [08:23:27]drwxrwxr-x    2 sambauser sambauser 4.0K Feb  6 21:41 2026020621
082327.956: [08:23:27]drwxrwxr-x    2 sambauser sambauser 4.0K Feb  6 22:46 2026020622
082327.956: [08:23:27]drwxrwxr-x    2 sambauser sambauser 4.0K Feb  6 23:56 2026020623
082327.956: [08:23:27]drwxrwxr-x    2 sambauser sambauser 4.0K Feb  7 00:56 2026020700
082327.957: [08:23:27]drwxrwxr-x    2 sambauser sambauser 4.0K Feb  7 01:51 2026020701
082327.957: [08:23:27]drwxrwxr-x    2 sambauser sambauser 4.0K Feb  7 02:56 2026020702
082327.957: [08:23:27]drwxrwxr-x    2 sambauser sambauser 4.0K Feb  7 03:56 2026020703
082327.957: [08:23:27]drwxrwxr-x    2 sambauser sambauser 4.0K Feb  7 05:01 2026020704
082327.957: [08:23:27]drwxrwxr-x    2 sambauser sambauser 4.0K Feb  7 06:01 2026020705
082327.957: [08:23:27]drwxrwxr-x    2 sambauser sambauser 4.0K Feb  7 06:56 2026020706
082327.957: [08:23:27]drwxrwxr-x    2 sambauser sambauser 4.0K Feb  7 07:56 2026020707
082327.957: [08:23:27]drwxrwxr-x    2 sambauser sambauser 4.0K Feb  7 09:01 2026020708
082327.957: [08:23:27]drwxrwxr-x    2 sambauser sambauser 4.0K Feb  7 09:26 2026020709
082327.957: [08:23:27]drwxrwxr-x    2 sambauser sambauser 4.0K Feb  7 15:01 2026020714
082327.957: [08:23:27]drwxrwxr-x    2 sambauser sambauser 4.0K Feb  7 16:01 2026020715
082327.957: [08:23:27]drwxrwxr-x    2 sambauser sambauser 4.0K Feb  7 16:21 2026020716
082327.957: [08:23:27]drwxrwxr-x    2 sambauser sambauser 4.0K Feb  7 17:51 2026020717
082327.964: [08:23:27]drwxrwxr-x    2 sambauser sambauser 4.0K Feb  7 20:01 2026020719
082327.964: [08:23:27]drwxrwxr-x    2 sambauser sambauser 4.0K Feb  7 20:51 2026020720
082327.964: [08:23:27]drwxrwxr-x    2 sambauser sambauser 4.0K Feb  7 22:01 2026020721
082327.964: [08:23:27]drwxrwxr-x    2 sambauser sambauser 4.0K Feb  7 22:41 2026020722
082327.964: [08:23:27]drwxrwxr-x    2 sambauser sambauser 4.0K Feb  7 23:56 2026020723
082327.964: [08:23:27]drwxrwxr-x    2 sambauser sambauser 4.0K Feb  8 00:51 2026020800
082327.964: [08:23:27]drwxrwxr-x    2 sambauser sambauser 4.0K Feb  8 01:56 2026020801
082327.964: [08:23:27]drwxrwxr-x    2 sambauser sambauser 4.0K Feb  8 02:56 2026020802
082327.964: [08:23:27]drwxrwxr-x    2 sambauser sambauser 4.0K Feb  8 03:56 2026020803
082327.964: [08:23:27]drwxrwxr-x    2 sambauser sambauser 4.0K Feb  8 04:31 2026020804
082327.964: [08:23:27]drwxrwxr-x    2 sambauser sambauser 4.0K Feb  8 05:51 2026020805
082327.964: [08:23:27]drwxrwxr-x    2 sambauser sambauser 4.0K Feb  8 07:01 2026020806
082327.964: [08:23:27]drwxrwxr-x    2 sambauser sambauser 4.0K Feb  8 07:56 2026020807
082327.964: [08:23:27]drwxrwxr-x    2 sambauser sambauser 4.0K Feb  8 09:31 2026020809
082327.964: [08:23:27]drwxrwxr-x    2 sambauser sambauser 4.0K Feb  8 13:01 2026020812
082327.964: [08:23:27]drwxrwxr-x    2 sambauser sambauser 4.0K Feb  8 13:36 2026020813
082327.964: [08:23:27]drwxrwxr-x    2 sambauser sambauser 4.0K Feb  8 18:01 2026020817
082327.965: [08:23:27]drwxrwxr-x    2 sambauser sambauser 4.0K Feb  8 18:51 2026020818
082327.965: [08:23:27]drwxrwxr-x    2 sambauser sambauser 4.0K Feb  8 20:01 2026020819
082327.965: [08:23:27]drwxrwxr-x    2 sambauser sambauser 4.0K Feb  8 21:01 2026020820
082327.965: [08:23:27]drwxrwxr-x    2 sambauser sambauser 4.0K Feb  8 21:36 2026020821
082327.965: [08:23:27]drwxrwxr-x    2 sambauser sambauser 4.0K Feb  8 23:21 2026020823
082327.965: [08:23:27]drwxrwxr-x    2 sambauser sambauser 4.0K Feb  9 00:56 2026020900
082327.965: [08:23:27]drwxrwxr-x    2 sambauser sambauser 4.0K Feb  9 03:11 2026020902
082327.965: [08:23:27]drwxrwxr-x    2 sambauser sambauser 4.0K Feb  9 04:01 2026020903
082327.965: [08:23:27]drwxrwxr-x    2 sambauser sambauser 4.0K Feb  9 04:21 2026020904
082327.965: [08:23:27]drwxrwxr-x    2 sambauser sambauser 4.0K Feb  9 05:51 2026020905
082327.965: [08:23:27]drwxrwxr-x    2 sambauser sambauser 4.0K Feb  9 07:01 2026020906
082327.965: [08:23:27]drwxrwxr-x    2 sambauser sambauser 4.0K Feb  9 08:01 2026020907
082327.965: [08:23:27]drwxrwxr-x    2 sambauser sambauser 4.0K Feb  9 09:01 2026020908
082327.965: [08:23:27]drwxrwxr-x    2 sambauser sambauser 4.0K Feb  9 09:51 2026020909
082327.965: [08:23:27]drwxrwxr-x    2 sambauser sambauser 4.0K Feb  9 16:46 2026020916
082327.965: [08:23:27]drwxrwxr-x    2 sambauser sambauser 4.0K Feb  9 17:51 2026020917
082327.965: [08:23:27]drwxrwxr-x    2 sambauser sambauser 4.0K Feb  9 22:01 2026020921
082327.965: [08:23:27]drwxrwxr-x    2 sambauser sambauser 4.0K Feb  9 22:11 2026020922
082327.965: [08:23:27]drwxrwxr-x    2 sambauser sambauser 4.0K Feb  9 23:41 2026020923
082327.965: [08:23:27]drwxrwxr-x    2 sambauser sambauser 4.0K Feb 10 00:16 2026021000
082327.965: [08:23:27]drwxrwxr-x    2 sambauser sambauser 4.0K Feb 10 02:31 2026021002
082327.965: [08:23:27]drwxrwxr-x    2 sambauser sambauser 4.0K Feb 10 04:01 2026021003
082327.965: [08:23:27]drwxrwxr-x    2 sambauser sambauser 4.0K Feb 10 04:51 2026021004
082327.965: [08:23:27]drwxrwxr-x    2 sambauser sambauser 4.0K Feb 10 05:41 2026021005
082327.965: [08:23:27]drwxrwxr-x    2 sambauser sambauser 4.0K Feb 10 07:01 2026021006
082327.965: [08:23:27]drwxrwxr-x    2 sambauser sambauser 4.0K Feb 10 07:36 2026021007
082327.965: [08:23:27]drwxrwxr-x    2 sambauser sambauser 4.0K Feb 10 08:11 2026021008
082327.965: [08:23:27]drwxrwxr-x    2 sambauser sambauser 4.0K Feb 10 10:01 2026021009
082327.965: [08:23:27]drwxrwxr-x    2 sambauser sambauser 4.0K Feb 10 10:21 2026021010
082327.965: [08:23:27]drwxrwxr-x    2 sambauser sambauser 4.0K Feb 10 17:46 2026021017
082327.965: [08:23:27]drwxrwxr-x    2 sambauser sambauser 4.0K Feb 10 18:56 2026021018
082327.966: [08:23:27]drwxrwxr-x    2 sambauser sambauser 4.0K Feb 10 22:31 2026021022
082327.966: [08:23:27]drwxrwxr-x    2 sambauser sambauser 4.0K Feb 11 06:46 2026021106
082327.966: [08:23:27]drwxrwxr-x    2 sambauser sambauser 4.0K Feb 11 17:56 2026021117
082327.966: [08:23:27]drwxrwxr-x    2 sambauser sambauser 4.0K Feb 11 21:36 2026021121
082327.966: [08:23:27]drwxrwxr-x    2 sambauser sambauser 4.0K Feb 11 23:11 2026021123
082327.966: [08:23:27]drwxrwxr-x    2 sambauser sambauser 4.0K Feb 12 06:36 2026021206
082327.966: [08:23:27]drwxrwxr-x    2 sambauser sambauser 4.0K Feb 12 17:56 2026021217
082327.966: [08:23:27]drwxrwxr-x    2 sambauser sambauser 4.0K Feb 12 20:36 2026021220
082327.966: [08:23:27]drwxrwxr-x    2 sambauser sambauser 4.0K Feb 12 21:11 2026021221
082327.966: [08:23:27]drwxrwxr-x    2 sambauser sambauser 4.0K Feb 13 06:36 2026021306
082327.966: [08:23:27]drwxrwxr-x    2 sambauser sambauser 4.0K Feb 13 17:51 2026021317
082327.966: [08:23:27]drwxrwxr-x    2 sambauser sambauser 4.0K Feb 14 00:41 2026021400
082327.966: [08:23:27]drwxrwxr-x    2 sambauser sambauser 4.0K Feb 14 06:36 2026021406
082327.966: [08:23:27]drwxrwxr-x    2 sambauser sambauser 4.0K Feb 14 13:56 2026021413
082327.966: [08:23:27]drwxrwxr-x    2 sambauser sambauser 4.0K Feb 14 17:36 2026021417
082327.966: [08:23:27]drwxrwxr-x    2 sambauser sambauser 4.0K Feb 15 07:06 2026021507
082327.966: [08:23:27]drwxrwxr-x    2 sambauser sambauser 4.0K Feb 15 17:21 2026021517
082327.966: [08:23:27]drwxrwxr-x    2 sambauser sambauser 4.0K Feb 15 19:21 2026021519
082327.966: [08:23:27]drwxrwxr-x    2 sambauser sambauser 4.0K Feb 16 08:26 2026021608
082327.966: [08:23:27]drwxrwxr-x    2 sambauser sambauser 4.0K Feb 16 10:26 2026021610
082327.966: [08:23:27]drwxrwxr-x    2 sambauser sambauser 4.0K Feb 16 13:36 2026021613
082327.966: [08:23:27]drwxrwxr-x    2 sambauser sambauser 4.0K Feb 16 15:56 2026021615
082327.966: [08:23:27]drwxrwxr-x    2 sambauser sambauser 4.0K Feb 16 16:31 2026021616
082327.966: [08:23:27]drwxrwxr-x    2 sambauser sambauser 4.0K Feb 16 20:01 2026021619
082327.967: [08:23:27]drwxrwxr-x    2 sambauser sambauser 4.0K Feb 16 21:01 2026021620
082327.967: [08:23:27]drwxrwxr-x    2 sambauser sambauser 4.0K Feb 16 22:26 2026021622
082327.967: [08:23:27]drwxrwxr-x    2 sambauser sambauser 4.0K Feb 17 04:06 2026021703
082327.967: [08:23:27]drwxrwxr-x    2 sambauser sambauser 4.0K Feb 17 05:06 2026021705
082327.967: [08:23:27]drwxrwxr-x    2 sambauser sambauser 4.0K Feb 17 07:26 2026021707
082327.967: [08:23:27]drwxrwxr-x    2 sambauser sambauser 4.0K Feb 17 17:26 2026021717
082327.967: [08:23:27]drwxrwxr-x    2 sambauser sambauser 4.0K Feb 17 19:26 2026021719
082327.967: [08:23:27]drwxrwxr-x    2 sambauser sambauser 4.0K Feb 18 07:02 2026021806
082327.967: [08:23:27]drwxrwxr-x    2 sambauser sambauser 4.0K Feb 18 17:36 2026021817
082327.967: [08:23:27]drwxrwxr-x    2 sambauser sambauser 4.0K Feb 19 07:02 2026021906
082327.967: [08:23:27]drwxrwxr-x    2 sambauser sambauser 4.0K Feb 19 07:02 2026021907
082327.967: [08:23:27]drwxrwxr-x    2 sambauser sambauser 4.0K Feb 19 17:31 2026021917
082327.967: [08:23:27]drwxrwxr-x    2 sambauser sambauser 4.0K Feb 20 06:56 2026022006
082327.967: [08:23:27]drwxrwxr-x    2 sambauser sambauser 4.0K Feb 20 17:41 2026022017
082327.967: [08:23:27]drwxrwxr-x    2 sambauser sambauser 4.0K Feb 20 20:26 2026022020
082327.967: [08:23:27]drwxrwxr-x    2 sambauser sambauser 4.0K Feb 21 00:31 2026022100
082327.967: [08:23:27]drwxrwxr-x    2 sambauser sambauser 4.0K Feb 21 06:52 2026022106
082327.967: [08:23:27]drwxrwxr-x    2 sambauser sambauser 4.0K Feb 21 17:41 2026022117
082327.967: [08:23:27]drwxrwxr-x    2 sambauser sambauser 4.0K Feb 21 19:31 2026022119
082327.967: [08:23:27]drwxrwxr-x    2 sambauser sambauser 4.0K Feb 22 06:56 2026022206
082327.967: [08:23:27]drwxrwxr-x    2 sambauser sambauser 4.0K Feb 22 08:01 2026022207
082327.967: [08:23:27]drwxrwxr-x    2 sambauser sambauser 4.0K Feb 22 08:56 2026022208
082327.968: [08:23:27]drwxrwxr-x    2 sambauser sambauser 4.0K Feb 22 10:01 2026022209
082327.968: [08:23:27]drwxrwxr-x    2 sambauser sambauser 4.0K Feb 22 10:51 2026022210
082327.968: [08:23:27]drwxrwxr-x    2 sambauser sambauser 4.0K Feb 22 12:02 2026022211
082327.968: [08:23:27]drwxrwxr-x    2 sambauser sambauser 4.0K Feb 22 13:01 2026022212
082327.968: [08:23:27]drwxrwxr-x    2 sambauser sambauser 4.0K Feb 22 14:02 2026022213
082327.968: [08:23:27]drwxrwxr-x    2 sambauser sambauser 4.0K Feb 22 14:51 2026022214
082327.968: [08:23:27]drwxrwxr-x    2 sambauser sambauser 4.0K Feb 22 15:56 2026022215
082327.968: [08:23:27]drwxrwxr-x    2 sambauser sambauser 4.0K Feb 22 19:02 2026022218
082327.968: [08:23:27]drwxrwxr-x    2 sambauser sambauser 4.0K Feb 22 20:02 2026022219
082327.968: [08:23:27]drwxrwxr-x    2 sambauser sambauser 4.0K Feb 22 21:01 2026022220
082327.968: [08:23:27]drwxrwxr-x    2 sambauser sambauser 4.0K Feb 22 22:01 2026022221
082327.968: [08:23:27]drwxrwxr-x    2 sambauser sambauser 4.0K Feb 22 23:01 2026022222
082327.968: [08:23:27]drwxrwxr-x    2 sambauser sambauser 4.0K Feb 22 23:56 2026022223
082327.968: [08:23:27]drwxrwxr-x    2 sambauser sambauser 4.0K Feb 23 00:46 2026022300
082327.968: [08:23:27]drwxrwxr-x    2 sambauser sambauser 4.0K Feb 23 02:01 2026022301
082327.968: [08:23:27]drwxrwxr-x    2 sambauser sambauser 4.0K Feb 23 03:06 2026022302
082327.968: [08:23:27]drwxrwxr-x    2 sambauser sambauser 4.0K Feb 23 05:01 2026022304
082327.968: [08:23:27]drwxrwxr-x    2 sambauser sambauser 4.0K Feb 23 06:01 2026022305
082327.968: [08:23:27]drwxrwxr-x    2 sambauser sambauser 4.0K Feb 23 07:01 2026022306
082327.968: [08:23:27]drwxrwxr-x    2 sambauser sambauser 4.0K Feb 23 08:01 2026022307
082327.968: [08:23:27]drwxrwxr-x    2 sambauser sambauser 4.0K Feb 23 08:56 2026022308
082327.968: [08:23:27]drwxrwxr-x    2 sambauser sambauser 4.0K Feb 23 09:26 2026022309
082327.968: [08:23:27]drwxrwxr-x    2 sambauser sambauser 4.0K Feb 23 16:41 2026022316
082327.968: [08:23:27]drwxrwxr-x    2 sambauser sambauser 4.0K Feb 23 18:02 2026022317
082327.968: [08:23:27]drwxrwxr-x    2 sambauser sambauser 4.0K Feb 23 19:01 2026022318
082327.968: [08:23:27]drwxrwxr-x    2 sambauser sambauser 4.0K Feb 23 20:02 2026022319
082327.968: [08:23:27]drwxrwxr-x    2 sambauser sambauser 4.0K Feb 23 21:01 2026022320
082327.969: [08:23:27]drwxrwxr-x    2 sambauser sambauser 4.0K Feb 23 22:01 2026022321
082327.969: [08:23:27]drwxrwxr-x    2 sambauser sambauser 4.0K Feb 23 22:31 2026022322
082327.969: [08:23:27]drwxrwxr-x    2 sambauser sambauser 4.0K Feb 24 00:01 2026022323
082327.969: [08:23:27]drwxrwxr-x    2 sambauser sambauser 4.0K Feb 24 00:41 2026022400
082327.969: [08:23:27]drwxrwxr-x    2 sambauser sambauser 4.0K Feb 24 02:01 2026022401
082327.969: [08:23:27]drwxrwxr-x    2 sambauser sambauser 4.0K Feb 24 02:56 2026022402
082327.969: [08:23:27]drwxrwxr-x    2 sambauser sambauser 4.0K Feb 24 04:01 2026022403
082327.969: [08:23:27]drwxrwxr-x    2 sambauser sambauser 4.0K Feb 24 04:26 2026022404
082327.969: [08:23:27]drwxrwxr-x    2 sambauser sambauser 4.0K Feb 24 06:01 2026022405
082327.969: [08:23:27]drwxrwxr-x    2 sambauser sambauser 4.0K Feb 24 06:26 2026022406
082327.969: [08:23:27]drwxrwxr-x    2 sambauser sambauser 4.0K Feb 24 07:56 2026022407
082327.969: [08:23:27]drwxrwxr-x    2 sambauser sambauser 4.0K Feb 24 08:56 2026022408
082327.969: [08:23:27]drwxrwxr-x    2 sambauser sambauser 4.0K Feb 24 10:01 2026022409
082327.969: [08:23:27]drwxrwxr-x    2 sambauser sambauser 4.0K Feb 24 10:56 2026022410
082327.969: [08:23:27]drwxrwxr-x    2 sambauser sambauser 4.0K Feb 24 12:01 2026022411
082327.969: [08:23:27]drwxrwxr-x    2 sambauser sambauser 4.0K Feb 24 12:51 2026022412
082327.969: [08:23:27]drwxrwxr-x    2 sambauser sambauser 4.0K Feb 24 14:01 2026022413
082327.969: [08:23:27]drwxrwxr-x    2 sambauser sambauser 4.0K Feb 24 14:51 2026022414
082327.969: [08:23:27]drwxrwxr-x    2 sambauser sambauser 4.0K Feb 24 15:56 2026022415
082327.969: [08:23:27]drwxrwxr-x    2 sambauser sambauser 4.0K Feb 24 16:46 2026022416
082327.969: [08:23:27]drwxrwxr-x    2 sambauser sambauser 4.0K Feb 24 17:41 2026022417
082327.969: [08:23:27]drwxrwxr-x    2 sambauser sambauser 4.0K Feb 24 19:01 2026022418
082327.969: [08:23:27]drwxrwxr-x    2 sambauser sambauser 4.0K Feb 24 19:56 2026022419
082327.969: [08:23:27]drwxrwxr-x    2 sambauser sambauser 4.0K Feb 24 21:01 2026022420
082327.969: [08:23:27]drwxrwxr-x    2 sambauser sambauser 4.0K Feb 24 21:56 2026022421
082327.969: [08:23:27]drwxrwxr-x    2 sambauser sambauser 4.0K Feb 24 23:01 2026022422
082327.970: [08:23:27]drwxrwxr-x    2 sambauser sambauser 4.0K Feb 24 23:56 2026022423
082327.970: [08:23:27]drwxrwxr-x    2 sambauser sambauser 4.0K Feb 25 00:56 2026022500
082327.970: [08:23:27]drwxrwxr-x    2 sambauser sambauser 4.0K Feb 25 02:01 2026022501
082327.970: [08:23:27]drwxrwxr-x    2 sambauser sambauser 4.0K Feb 25 02:56 2026022502
082327.970: [08:23:27]drwxrwxr-x    2 sambauser sambauser 4.0K Feb 25 03:56 2026022503
082327.970: [08:23:27]drwxrwxr-x    2 sambauser sambauser 4.0K Feb 25 04:51 2026022504
082327.970: [08:23:27]drwxrwxr-x    2 sambauser sambauser 4.0K Feb 25 05:56 2026022505
082327.970: [08:23:27]drwxrwxr-x    2 sambauser sambauser 4.0K Feb 25 07:01 2026022506
082327.970: [08:23:27]drwxrwxr-x    2 sambauser sambauser 4.0K Feb 25 08:01 2026022507
082327.970: [08:23:27]drwxrwxr-x    2 sambauser sambauser 4.0K Feb 25 08:36 2026022508
082327.970: [08:23:27]drwxrwxr-x    2 sambauser sambauser 4.0K Feb 25 09:11 2026022509
082327.970: [08:23:27]drwxrwxr-x    2 sambauser sambauser 4.0K Feb 25 11:31 2026022511
082327.970: [08:23:27]drwxrwxr-x    2 sambauser sambauser 4.0K Feb 25 13:01 2026022512
082327.970: [08:23:27]drwxrwxr-x    2 sambauser sambauser 4.0K Feb 25 13:46 2026022513
082327.970: [08:23:27]drwxrwxr-x    2 sambauser sambauser 4.0K Feb 25 15:01 2026022514
082327.970: [08:23:27]drwxrwxr-x    2 sambauser sambauser 4.0K Feb 25 15:46 2026022515
082327.970: [08:23:27]drwxrwxr-x    2 sambauser sambauser 4.0K Feb 25 16:26 2026022516
082327.970: [08:23:27]drwxrwxr-x    2 sambauser sambauser 4.0K Feb 25 17:56 2026022517
082327.970: [08:23:27]drwxrwxr-x    2 sambauser sambauser 4.0K Feb 25 18:11 2026022518
082327.970: [08:23:27]drwxrwxr-x    2 sambauser sambauser 4.0K Feb 25 20:01 2026022519
082327.971: [08:23:27]drwxrwxr-x    2 sambauser sambauser 4.0K Feb 25 21:02 2026022520
082327.971: [08:23:27]drwxrwxr-x    2 sambauser sambauser 4.0K Feb 25 22:01 2026022521
082327.971: [08:23:27]drwxrwxr-x    2 sambauser sambauser 4.0K Feb 25 22:56 2026022522
082327.971: [08:23:27]drwxrwxr-x    2 sambauser sambauser 4.0K Feb 25 23:36 2026022523
082327.971: [08:23:27]drwxrwxr-x    2 sambauser sambauser 4.0K Feb 26 01:01 2026022600
082327.971: [08:23:27]drwxrwxr-x    2 sambauser sambauser 4.0K Feb 26 01:51 2026022601
082327.971: [08:23:27]drwxrwxr-x    2 sambauser sambauser 4.0K Feb 26 02:56 2026022602
082327.971: [08:23:27]drwxrwxr-x    2 sambauser sambauser 4.0K Feb 26 04:01 2026022603
082327.971: [08:23:27]drwxrwxr-x    2 sambauser sambauser 4.0K Feb 26 04:56 2026022604
082327.971: [08:23:27]drwxrwxr-x    2 sambauser sambauser 4.0K Feb 26 05:46 2026022605
082327.971: [08:23:27]drwxrwxr-x    2 sambauser sambauser 4.0K Feb 26 06:56 2026022606
082327.971: [08:23:27]drwxrwxr-x    2 sambauser sambauser 4.0K Feb 26 08:01 2026022607
082327.971: [08:23:27]drwxrwxr-x    2 sambauser sambauser 4.0K Feb 26 09:01 2026022608
082327.972: [08:23:27]drwxrwxr-x    2 sambauser sambauser 4.0K Feb 26 09:46 2026022609
082327.972: [08:23:27]drwxrwxr-x    2 sambauser sambauser 4.0K Feb 26 10:36 2026022610
082327.972: [08:23:27]drwxrwxr-x    2 sambauser sambauser 4.0K Feb 26 11:46 2026022611
082327.972: [08:23:27]drwxrwxr-x    2 sambauser sambauser 4.0K Feb 26 14:01 2026022613
082327.972: [08:23:27]drwxrwxr-x    2 sambauser sambauser 4.0K Feb 26 14:56 2026022614
082327.972: [08:23:27]drwxrwxr-x    2 sambauser sambauser 4.0K Feb 26 15:56 2026022615
082327.972: [08:23:27]drwxrwxr-x    2 sambauser sambauser 4.0K Feb 26 16:31 2026022616
082327.972: [08:23:27]drwxrwxr-x    2 sambauser sambauser 4.0K Feb 26 18:02 2026022617
082327.972: [08:23:27]drwxrwxr-x    2 sambauser sambauser 4.0K Feb 26 18:07 2026022618
082327.972: [08:23:27]drwxrwxr-x    2 sambauser sambauser 4.0K Feb 26 20:01 2026022619
082327.973: [08:23:27]drwxrwxr-x    2 sambauser sambauser 4.0K Feb 26 20:41 2026022620
082327.973: [08:23:27]drwxrwxr-x    2 sambauser sambauser 4.0K Feb 26 23:51 2026022623
082327.973: [08:23:27]drwxrwxr-x    2 sambauser sambauser 4.0K Feb 27 01:41 2026022701
082327.973: [08:23:27]drwxrwxr-x    2 sambauser sambauser 4.0K Feb 27 02:26 2026022702
082327.973: [08:23:27]drwxrwxr-x    2 sambauser sambauser 4.0K Feb 27 03:16 2026022703
082327.973: [08:23:27]drwxrwxr-x    2 sambauser sambauser 4.0K Feb 27 05:31 2026022705
082327.973: [08:23:27]drwxrwxr-x    2 sambauser sambauser 4.0K Feb 27 06:51 2026022706
082327.973: [08:23:27]drwxrwxr-x    2 sambauser sambauser 4.0K Feb 27 07:56 2026022707
082327.973: [08:23:27]drwxrwxr-x    2 sambauser sambauser 4.0K Feb 27 09:01 2026022708
082327.973: [08:23:27]drwxrwxr-x    2 sambauser sambauser 4.0K Feb 27 09:41 2026022709
082327.973: [08:23:27]drwxrwxr-x    2 sambauser sambauser 4.0K Feb 27 10:17 2026022710
082327.973: [08:23:27]drwxrwxr-x    2 sambauser sambauser 4.0K Feb 27 19:01 2026022718
082327.974: [08:23:27]drwxrwxr-x    2 sambauser sambauser 4.0K Feb 27 19:31 2026022719
082327.974: [08:23:27]drwxrwxr-x    2 sambauser sambauser 4.0K Feb 27 21:01 2026022720
082327.974: [08:23:27]drwxrwxr-x    2 sambauser sambauser 4.0K Feb 27 22:01 2026022721
082327.974: [08:23:27]drwxrwxr-x    2 sambauser sambauser 4.0K Feb 27 22:56 2026022722
082327.974: [08:23:27]drwxrwxr-x    2 sambauser sambauser 4.0K Feb 27 23:21 2026022723
082327.974: [08:23:27]drwxrwxr-x    2 sambauser sambauser 4.0K Feb 28 00:51 2026022800
082327.974: [08:23:27]drwxrwxr-x    2 sambauser sambauser 4.0K Feb 28 01:56 2026022801
082327.974: [08:23:27]drwxrwxr-x    2 sambauser sambauser 4.0K Feb 28 02:56 2026022802
082327.974: [08:23:27]drwxrwxr-x    2 sambauser sambauser 4.0K Feb 28 04:01 2026022803
082327.974: [08:23:27]drwxrwxr-x    2 sambauser sambauser 4.0K Feb 28 04:56 2026022804
082334.263: [08:23:34][root@172-16-208-2 /DATA/Media/XTV-BACKUP/xiaomi_camera_videos/788b2ac9b9e6]# cd ..
082338.920: [08:23:38][root@172-16-208-2 /DATA/Media/XTV-BACKUP/xiaomi_camera_videos]# du -sh *
082348.180: [08:23:48]75G     788b2ac9b9e6
082354.825: [08:23:54]8.4G    94f8277f09f8
082354.825: [08:23:54]4.0K    rsync.sh
082354.832: [08:23:54]76K     yancheng
091513.893: [09:15:13][root@172-16-208-2 /DATA/Media/XTV-BACKUP/xiaomi_camera_videos]# cd /DATA/Media/
091514.865: [09:15:14][root@172-16-208-2 /DATA/Media]# ll
091514.898: [09:15:14]total 2.5G
091514.898: [09:15:14]-rw-r--r--  1 sambauser sambauser  589 Feb 12 09:44  1.txt
091514.899: [09:15:14]-rw-rw-r--  1 wyj       wyj       2.5G Aug 14  2025  20000.Leagues.Under.the.Sea.1954.1080p.BluRay.H264.AAC-RARBG.mp4
091514.899: [09:15:14]-rwxrw-rw-  1 sambauser sambauser    0 Feb 25 13:43 '20260213 信息网络根服务验证系统进展项目汇报.pptx'
091514.899: [09:15:14]drwxrwxrwx  3 root      root      4.0K Sep 29 10:28  AppData
091514.900: [09:15:14]drwxrwxrwx 12 wyj       wyj       4.0K Jan 23 14:32  BackupOfMobileDisk
091514.900: [09:15:14]drwxrwxrwx 10 root      root      4.0K Jan 16 23:08  Documents
091514.900: [09:15:14]drwxrwxr-x  3 wyj       wyj       4.0K Jan 30 22:55  Doucuments
091514.900: [09:15:14]drwxrwxrwx  2 root      root       16K Apr  6  2023  lost+found
091514.901: [09:15:14]drwxrwxrwx 50 wyj       wyj        24K Jan 18 21:55  Movies
091514.901: [09:15:14]drwxrwxrwx 13 root      root      4.0K Jun  1  2025  Music
091514.901: [09:15:14]drwxrwxrwx 53 root      root      4.0K Sep 30 14:45  Picture
091514.901: [09:15:14]drwxrwxr-x  4 wyj       wyj       4.0K Oct 30 17:57  Pictures
091514.901: [09:15:14]drwxrwxrwx 23 root      root      4.0K Feb 27 08:12  Tmp
091514.901: [09:15:14]drwxrwxrwx 49 wyj       wyj        12K Jan 18 22:13  Tmp2
091514.901: [09:15:14]drwxrwxrwx 50 wyj       wyj        12K Jan 18 21:57 'TV Shows'
091514.901: [09:15:14]drwxr-xr-x  5 sambauser sambauser 4.0K Feb 24 08:13  WYJ
091514.901: [09:15:14]drwxrwxrwx  3 root      root      4.0K Feb 27 15:33  XTV-BACKUP
091514.902: [09:15:14]-rwxrw-rw-  1 sambauser sambauser 152K Feb 13 16:48  方案拓扑.png
091514.902: [09:15:14]-rwx------  1 sambauser sambauser 368K Feb 13 15:17  方案拓扑.vsdx
091514.902: [09:15:14]drwxr-xr-x  9 sambauser sambauser 4.0K Aug 19  2025  软考高级《网络规划设计师》资料包
091514.902: [09:15:14]-rwxrw-rw-  1 sambauser sambauser  19M Feb  5 18:39  量子中心组网图-样板间.png
091523.780: [09:15:23][root@172-16-208-2 /DATA/Media]# ccd BackupOfMobileDisk/
091523.800: [09:15:23]-bash: ccd: command not found
091538.117: [09:15:38][root@172-16-208-2 /DATA/Media]# cd BackupOfMobileDisk/
091539.393: [09:15:39][root@172-16-208-2 /DATA/Media/BackupOfMobileDisk]# ll
091539.394: [09:15:39]total 160K
091539.394: [09:15:39]drwxr-sr-x  2 sambauser sambauser 4.0K Apr  5  2025 100.优秀
091539.394: [09:15:39]drwxrwxrwx 15 sambauser sambauser 4.0K Jan 23 18:42 199.China
091539.395: [09:15:39]drwxrwxrwx  7 wyj       wyj       100K Feb  5 18:02 200.JAPAN
091539.395: [09:15:39]drwxrwx--- 15 wyj       wyj       4.0K Apr 15  2025 201.Cartoon
091539.395: [09:15:39]drwxrwx---  4 wyj       wyj       4.0K Jul  4  2023 201.Paper
091539.395: [09:15:39]drwxr-xr-x  3 sambauser sambauser 4.0K Feb  5 22:59 201-网上收集
091539.395: [09:15:39]drwxrwx---  3 wyj       wyj       4.0K Nov 21 15:05 202.三级片
091539.396: [09:15:39]drwxrwxrwx 33 wyj       wyj        20K Jan 25 22:21 300.Europe
091539.396: [09:15:39]drwxr-xr-x  3 sambauser sambauser 4.0K Apr 15  2025 401-声音
091539.396: [09:15:39]drwxr-xr-x  5 sambauser sambauser 4.0K May  9  2025 402-小说
091551.216: [09:15:51][root@172-16-208-2 /DATA/Media/BackupOfMobileDisk]# cd 300.Europe/
091551.993: [09:15:51][root@172-16-208-2 /DATA/Media/BackupOfMobileDisk/300.Europe]# ll
091552.093: [09:15:52]total 188G
091552.093: [09:15:52]drwxrwxr-x  2 sambauser sambauser  4.0K Apr 15  2025  000-good
091552.093: [09:15:52]-rwxrwxrwx  1 wyj       wyj        110K Jul  4  2023  100-095501xji2l2v4ndcl0jzx.jpg
091552.093: [09:15:52]-rwxrwxrwx  1 wyj       wyj        457K Jul  4  2023  101-07042597c5fee9b466833790822dbfdf.jpg
091552.093: [09:15:52]-rwxrwxrwx  1 wyj       wyj        369K Jul  4  2023  102-da4d5e05be7e1fa59ceed0be050afe0c.jpg
091552.093: [09:15:52]-rwxrwxrwx  1 wyj       wyj        667M Jul  4  2023  111119_Beata.mp4
091552.094: [09:15:52]-rwxrwxrwx  1 wyj       wyj        408K Jul  4  2023  120-0a35e7af5cf98ec38b0679d4f2a44721.jpg
091552.094: [09:15:52]-rwxrwxrwx  1 wyj       wyj        765M Jul  4  2023  120218_Anjelica.mp4
091552.094: [09:15:52]-rwxrwxrwx  1 wyj       wyj        563M Jul  4  2023  120307_Natasha.mp4
091552.094: [09:15:52]-rwxrwxrwx  1 wyj       wyj        425M Jul  4  2023  120316_Mia.mp4
091552.094: [09:15:52]-rwxrwxrwx  1 wyj       wyj        831M Jul  4  2023  120418_Anjelica.mp4
091552.095: [09:15:52]-rwxrwxrwx  1 wyj       wyj        101K Jul  4  2023  121-084130hp2bx9fjljjpznez.jpg
091552.095: [09:15:52]-rwxrwxrwx  1 wyj       wyj        452K Jul  4  2023  122-c00f34738662a680fc0183c5aca1e1f2.jpg
091552.095: [09:15:52]-rwxrwxrwx  1 wyj       wyj        584K Jul  4  2023  123-d979f1f488bbb4b7f97659e7578bf823.jpg
091552.095: [09:15:52]-rwxrwxrwx  1 wyj       wyj        523K Jul  4  2023  124-8e1cfed28e5cd9c273a17a42d5c00d25.jpg
091552.096: [09:15:52]-rwxrwxrwx  1 wyj       wyj        481K Jul  4  2023  125-27cdf1ad532ef6faaf24e2e842530d9d.jpg
091552.096: [09:15:52]-rwxrwxrwx  1 wyj       wyj        410K Jul  4  2023  126-2d5a50b99008ff63f695f155ac5cc613.jpg
091552.096: [09:15:52]-rwxrwxrwx  1 wyj       wyj         83K Jul  4  2023  130-070805bwwawse27w96zz27.jpg
091552.097: [09:15:52]-rwxrwxrwx  1 wyj       wyj        427K Jul  4  2023  131-f8003e455ed4c4261ed88e887938f4f0.jpg
091552.097: [09:15:52]-rwxrwxrwx  1 wyj       wyj        203M Jul  4  2023  136559556@SIS001@捷克性感女神.mp4
091552.097: [09:15:52]-rwxrwxrwx  1 wyj       wyj        108K Jul  4  2023 '136559556@第一会所@[00_02_29][20130227-235557-3].JPG'
091552.097: [09:15:52]-rwxrwxrwx  1 wyj       wyj        109K Jul  4  2023 '136559556@第一会所@[00_03_35][20130227-235633-0].JPG'
091552.098: [09:15:52]-rwxrwxrwx  1 wyj       wyj         97K Jul  4  2023 '136559556@第一会所@[00_04_00][20130227-235628-8].JPG'
091552.098: [09:15:52]-rwxrwxrwx  1 wyj       wyj        747M Jul  4  2023 '136559556@第一会所@younglegalporn - Anjelica Intimate Caresses.mp4'
091552.098: [09:15:52]-rwxrwxrwx  1 wyj       wyj        133K Jul  4  2023  20161013_084444_026.jpg
091552.098: [09:15:52]-rwxrwxrwx  1 wyj       wyj        521K Jul  4  2023  20161013_084444_027.jpg
091552.099: [09:15:52]-rwxrwxrwx  1 wyj       wyj        504K Jul  4  2023  20161013_084444_028.jpg
091552.099: [09:15:52]-rwxrwxrwx  1 wyj       wyj        427K Jul  4  2023  20161013_084444_029.jpg
091552.099: [09:15:52]-rwxrwxrwx  1 wyj       wyj        434K Jul  4  2023  20161013_084444_030.jpg
091552.099: [09:15:52]-rwxrwxrwx  1 wyj       wyj        468K Jul  4  2023  20161013_084444_031.jpg
091552.099: [09:15:52]-rwxrwxrwx  1 wyj       wyj        472K Jul  4  2023  20161013_084444_032.jpg
091552.100: [09:15:52]-rwxrwxrwx  1 wyj       wyj        442K Jul  4  2023  20161013_084444_033.jpg
091552.100: [09:15:52]-rwxrwxrwx  1 wyj       wyj        425K Jul  4  2023  20161013_084444_034.jpg
091552.100: [09:15:52]-rwxrwxrwx  1 wyj       wyj        369K Jul  4  2023  20161013_084444_035.jpg
091552.100: [09:15:52]-rwxrwxrwx  1 wyj       wyj        437K Jul  4  2023  20161013_084444_036.jpg
091552.100: [09:15:52]-rwxrwxrwx  1 wyj       wyj        416K Jul  4  2023  20161013_084444_037.jpg
091552.101: [09:15:52]-rwxrwxrwx  1 wyj       wyj        956M Jul  4  2023  21footart.1.lilu.moon.tantric.pleasures.mp4
091552.101: [09:15:52]-rwxrwxrwx  1 wyj       wyj        297M Jul  4  2023  28046_01.mp4
091552.101: [09:15:52]-rwxrwxrwx  1 wyj       wyj        392M Jul  4  2023  28217_01.mp4
091552.101: [09:15:52]-rwxrwxrwx  1 wyj       wyj        424M Jul  4  2023  28304_01.mp4
091552.101: [09:15:52]-rwxrwxrwx  1 wyj       wyj        349M Jul  4  2023  28664_01.mp4
091552.102: [09:15:52]-rwxrwxrwx  1 wyj       wyj         18K Jul  4  2023  7db11b5380ea493e6d56328419cc0b545cb8d4e7.jpg
091552.102: [09:15:52]drwxrwxrwx  2 wyj       wyj        4.0K Jul  4  2023 'Alexa Tomas And Lexi Dona The Power Of Two  亚历克萨和莱茜 - 双电源'
091552.102: [09:15:52]-rwxrwxrwx  1 wyj       wyj        1.5G Jul  4  2023  analbeauty.1.miss.nimpho.mp4
091552.102: [09:15:52]-rwxrwxrwx  1 wyj       wyj        165K Jul  4  2023  Assoli.jpg
091552.103: [09:15:52]-rwxrwxrwx  1 wyj       wyj        763M Jul  4  2023  Assoli.mp4
091552.103: [09:15:52]-rwxrwxrwx  1 wyj       wyj        720M Jul  4  2023 'Billionaire Hook-up.mp4'
091552.103: [09:15:52]-rwxrwxrwx  1 wyj       wyj        1.7G Jul  4  2023 'Blacked_Kendra_Sunderland_&_Alexa-C.mp4'
091552.103: [09:15:52]-rwxrwxrwx  1 wyj       wyj        1.5G Jul  4  2023  Blacked-MarleyBrinx-C.mp4
091552.104: [09:15:52]-rwxrwxrwx  1 wyj       wyj        1.8G Jul  4  2023  BlackedRaw-SkyeBlue-C.mp4
091552.104: [09:15:52]drwxrwxrwx  2 wyj       wyj         12K Dec 19 09:26 'Deeper 2023 MegaPack 4k (video+photos)'
091552.104: [09:15:52]-rwxrwxrwx  1 wyj       wyj       1018M Jul  4  2023  Deeper-KylerQuinn-C.mp4
091552.104: [09:15:52]-rwxrwxrwx  1 wyj       wyj        991M Jul  4  2023  dnj.1.cindy.shine.mp4
091552.105: [09:15:52]-rwxrwxrwx  1 wyj       wyj        1.2G Jul 21  2024 'Emiri Momota_bignaturals.23.05.27.emiri.momota.big.tits.vr.1080p.mp4'
091552.105: [09:15:52]-rwxrwxrwx  1 wyj       wyj        932M Jul 22  2024 'Emiri Momota_brazzersexxtra.23.06.01.emiri.momota.fuck.me.until.you.fill.me.1080p.mp4'
091552.105: [09:15:52]-rwxrwxrwx  1 wyj       wyj        1.6G Jul 22  2024 'Emiri Momota_brazzersexxtra.24.01.12.emiri.momota.titty.totty.transition.4k.mp4'
091552.106: [09:15:52]-rwxrwxrwx  1 wyj       wyj        2.0G Jul 22  2024 'Emiri Momota_erito.24.05.17.emiri.momota.beautiful.female.teacher.who.got.netorared.vol.3.jp.mp4'
091552.119: [09:15:52]-rwxrwxrwx  1 wyj       wyj         20G Aug  2  2024 'Emiri Momota_freeze.23.10.21.emiri.momota.the.fall.of.emiri.4k.mp4'
091552.119: [09:15:52]-rwxrwxrwx  1 wyj       wyj        4.1G Jul 31  2024 'Emiri Momota_freeze.24.03.02.emiri.momota.a.quiet.place.4k.mp4'
091552.119: [09:15:52]-rwxrwxrwx  1 wyj       wyj        3.1G Jul 28  2024 'Emiri Momota_futanari.23.03.31.emiri.momota.love.justice.4k.mp4'
091552.119: [09:15:52]-rwxrwxrwx  1 wyj       wyj         12G Aug  1  2024 'Emiri Momota_futanari.23.10.20.emiri.momota.and.ivi.rein.dreams.of.a.past.life.4k.mp4'
091552.120: [09:15:52]-rwxrwxrwx  1 wyj       wyj        236M Jul 21  2024 'Emiri Momota_futanari.23.11.17.emiri.momota.and.rikako.katayama.old.lover.mp4'
091552.120: [09:15:52]-rwxrwxrwx  1 wyj       wyj        4.4G Jul 28  2024 'Emiri Momota_hentaied.23.05.12.alice.hernandez.barbie.rous.and.emiri.momota.the.upside.down.4k.mp4'
091552.120: [09:15:52]-rwxrwxrwx  1 wyj       wyj        3.6G Jul 28  2024 'Emiri Momota_hentaied.24.01.12.ellie.luna.and.emiri.momota.under.the.blankets.4k.mp4'
091552.120: [09:15:52]-rwxrwxrwx  1 wyj       wyj        4.7G Jul 28  2024 'Emiri Momota_hentaied.24.03.08.emiri.momota.and.rikako.katayama.unfinished.sympathy.4k.mp4'
091552.120: [09:15:52]-rwxrwxrwx  1 wyj       wyj        3.5G Jul 28  2024 'Emiri Momota_hentaied.24.05.03.emiri.momota.toilet.encounters.4.4k.mp4'
091552.120: [09:15:52]-rwxrwxrwx  1 wyj       wyj        832M Jul 24  2024 'Emiri Momota_latinamilf.23.08.14.emiri.momota.caught.her.on.cam.720p.mp4'
091552.121: [09:15:52]-rwxrwxrwx  1 wyj       wyj        1.6G Jul 24  2024 'Emiri Momota_loveherfeet.23.05.03.sumire.mizukawa.graduation.gift.mp4'
091552.121: [09:15:52]-rwxrwxrwx  1 wyj       wyj        727M Jul 20  2024 'Emiri Momota_OnlyFans.23.06.17.June.Liu.SpicyGum.Juneliu.Emiri.Momota.Mizukawasumire.BGG.XXX.1080p.HEVC.091552.121: x265.PRT.mkv'
091552.121: [09:15:52]-rwxrwxrwx  1 wyj       wyj        358M Jul 21  2024 'Emiri Momota_parasited.23.04.28.emiri.momota.psycho.parasites.mp4'
091552.121: [09:15:52]-rwxrwxrwx  1 wyj       wyj         15G Aug  1  2024 'Emiri Momota_parasited.23.07.16.emiri.momota.emiris.adventures.4k.mp4'
091552.121: [09:15:52]-rwxrwxrwx  1 wyj       wyj        4.1G Jul 31  2024 'Emiri Momota_plantsvscunts.23.12.09.emiri.momota.4k.mp4'
091552.121: [09:15:52]-rwxrwxrwx  1 wyj       wyj        3.0G Jul 28  2024 'Emiri Momota_plantsvscunts.24.05.31.emiri.momota.4k.mp4'
091552.122: [09:15:52]-rwxrwxrwx  1 wyj       wyj        3.6G Jul 31  2024 'Emiri Momota_roccosiffredi.23.11.09.emiri.momota.4k.mp4'
091552.122: [09:15:52]-rwxrwxrwx  1 wyj       wyj        4.1G Jul 25  2024 'Emiri Momota_Vixen.23.08.04.Emiri.Momota.mp4'
091552.122: [09:15:52]drwxrwxrwx  2 wyj       wyj        4.0K Apr 15  2025 'EndlesSea@sis001-115.com@Tuesday Morning'
091552.122: [09:15:52]-rwxrwxrwx  1 wyj       wyj        603M Jul  4  2023  eternal.15.09.26.nancy.a.desia.mp4
091552.122: [09:15:52]-rwxrwxrwx  1 wyj       wyj        617M Jul  4  2023 'Fashion And Anal.mp4'
091552.122: [09:15:52]-rw-rwxr--  1 wyj       wyj        1.2G Oct 15  2024  Freeze.24.03.08.little.dragon.thief.of.hearts.4k.mp4
091552.122: [09:15:52]-rw-rwxr--  1 wyj       wyj        135K Oct 15  2024  Freeze.24.03.08.little.dragon.thief.of.hearts.4k-poster.jpg
091552.122: [09:15:52]drwxrwxrwx  2 wyj       wyj        4.0K Apr 15  2025 "FSFS555@第一会所@Orgasms - Don't Hold Back - Connie - 康妮憋不住的性高潮-115"
091552.122: [09:15:52]drwxrwxrwx  2 root      root       4.0K Apr 15  2025 'Hegre-Art(2015)'
091552.123: [09:15:52]drwxrwxrwx 13 wyj       wyj        4.0K Jan 10  2024 '[Hegre.com] Siterip 2023 2160p'
091552.123: [09:15:52]-rwxrwxrwx  1 wyj       wyj        1.3G Jul  4  2023  HOMA012.mp4
091552.123: [09:15:52]-rwxrwxrwx  1 wyj       wyj        1.6G Jul  4  2023  iak-wowgirls-121105.mp4
091552.123: [09:15:52]-rwxrwxrwx  1 wyj       wyj        414M Jul  4  2023 'Jillian Begs For A Ride.mp4'
091552.123: [09:15:52]-rwxrwxrwx  1 wyj       wyj        1.9G Jul  4  2023 'KenRBDRBDa SunRBDeRBDlanRBD-C.mp4'
091552.123: [09:15:52]-rwxrwxrwx  1 wyj       wyj        2.2G Jul  4  2023  kin8-3206.mp4
091552.123: [09:15:52]drwxrwxrwx  2 wyj       wyj        4.0K Nov 27  2024  m59
091552.123: [09:15:52]-rwxrwxrwx  1 wyj       wyj        635M Jul  4  2023  merlinzzq@第一會所@Kaylee.Still.With.Me.XArt.2012.FullHD_iyutero.com.wmv
091552.123: [09:15:52]-rwxrwxrwx  1 wyj       wyj        462M Jul  4  2023  metart.19.05.14.ella.rose.gifts.from.the.sea.mp4
091552.124: [09:15:52]-rwxr-xr-x  1 root      root       1.1K Apr 15  2025  move_single_files.sh
091552.124: [09:15:52]-rwxrwxrwx  1 wyj       wyj        1.3G Jul  4  2023  MSHF.21-FEB-2013-MOSHi.mp4
091552.124: [09:15:52]drwxrwxr-x  2 wyj       wyj        4.0K Mar 13  2025  part007
091552.124: [09:15:52]-rwxrwxrwx  1 wyj       wyj        409M Jul  4  2023  puretaboo.19.01.22.alina.lopez.impregnating.the.sitter.mp4
091552.124: [09:15:52]-rwxrwxrwx  1 wyj       wyj        700M Jul  4  2023  【pzhhuang】【SEX8.CC】壮志凌云Top.Guns.XviD-SWE6RUSB.avi
091552.124: [09:15:52]drwxrwxrwx  2 wyj       wyj        4.0K Apr 15  2025 'qinef@六月天空@www.6ytk.com@[情人别为我哭泣][意大利2000][极限限制级][情色皇帝丁度巴拉斯作品典藏系列之二]091552.125: [MKV意语中字]'
091552.125: [09:15:52]-rwxr--r--  1 sambauser sambauser  694M Jul  4  2023 'qinef@六月天空@www.6ytk.com@[情人别为我哭泣][意大利2000][极限限制级][情色皇帝丁度巴拉斯作品典藏系列之二]091552.125: [MKV意语中字].mkv'
091552.125: [09:15:52]-rwxrwxrwx  1 wyj       wyj        1.5G Jul  4  2023  sart.15.05.17.tracy.smile.campus.episode.3.secret.guest.mp4
091552.125: [09:15:52]-rwxrwxrwx  1 wyj       wyj        759M Jul  4  2023  scheng17@18P2P@好莱坞大片100个经典场面精选.avi
091552.125: [09:15:52]drwxrwx---  2 wyj       wyj        4.0K Jul  4  2023 "Senso_'45-Balck.Angel.Tinto.Brass.ITA.DVDRip.XViD.PARENTE.2002"
091552.126: [09:15:52]-rwxrwxrwx  1 wyj       wyj        1.2G Jul  4  2023  sexart.19.04.03.stacy.cruz.cover.mp4
091552.126: [09:15:52]-rwxrwxrwx  1 wyj       wyj        541M Jul  4  2023  Sex-Art_Snow-Day_Aiden-Ashley--Elle-Alexandra--Kiera-Winters_by_Bo-Llanberris-1080.mp4
091552.126: [09:15:52]-rwxrwxrwx  1 wyj       wyj         45M Jul  4  2023  sexo-xart-abby-111103-sample.mov
091552.126: [09:15:52]drwxrwxrwx  2 wyj       wyj        4.0K Apr 15  2025 'shunkang@www.sexinsex.net@极上3P典藏30分专辑[沉雪斋压制]-115'
091552.126: [09:15:52]-rwxrwxrwx  1 wyj       wyj        1.3G Jul  4  2023  THEWHITEBOXXX-Nicolelove.mp4
091552.126: [09:15:52]drwxrwxrwx  2 wyj       wyj         12K Jan 11  2024 'TVB Compilations 2023 MegaPack 4k (video+photos)'
091552.127: [09:15:52]-rwxrwxrwx  1 wyj       wyj        1.3G Jul  4  2023  ultrafilms.1.silvie.aroused.forever.mp4
091552.127: [09:15:52]-rw-rwxr--  1 wyj       wyj        201K Aug 25  2024  Vixen.2024.07-Collection_poster.jpg
091552.127: [09:15:52]-rwxrwxrwx  1 wyj       wyj        8.3G Aug 26  2024  vixen.24.07.05.liz.jordan.and.hazel.moore.ultimate.gf.liz.shares.hot.bestie.hazel.with.her.man.xxx.mp4
091552.127: [09:15:52]-rw-rwxr--  1 wyj       wyj        131K Aug 26  2024  vixen.24.07.05.liz.jordan.and.hazel.moore.ultimate.gf.liz.shares.hot.bestie.hazel.with.her.man.xxx-poste091552.127: r.jpg
091552.127: [09:15:52]-rwxrwxrwx  1 wyj       wyj        7.2G Aug 25  2024  vixen.24.07.12.ashby.winter.and.lia.lin.femme.fatale.lia.seduces.innocent.ashby.and.her.bf.xxx.mp4
091552.127: [09:15:52]-rw-rwxr--  1 wyj       wyj        201K Aug 25  2024  vixen.24.07.12.ashby.winter.and.lia.lin.femme.fatale.lia.seduces.innocent.ashby.and.her.bf.xxx-poster.jp091552.128: g
091552.128: [09:15:52]-rwxrwxrwx  1 wyj       wyj        6.3G Aug 25  2024  vixen.24.07.19.winnafred.flurry.flawless.beauty.winnafred.has.a.special.touch.xxx.mp4
091552.128: [09:15:52]-rw-rwxr--  1 wyj       wyj        216K Aug 25  2024  vixen.24.07.19.winnafred.flurry.flawless.beauty.winnafred.has.a.special.touch.xxx-poster.jpg
091552.128: [09:15:52]-rwxrwxrwx  1 wyj       wyj        6.3G Aug 26  2024  vixen.24.07.26.kelly.collins.and.stefany.kyler.new.obsession.part.3.xxx.mp4
091552.128: [09:15:52]-rw-rwxr--  1 wyj       wyj        285K Aug 26  2024  vixen.24.07.26.kelly.collins.and.stefany.kyler.new.obsession.part.3.xxx-poster.jpg
091552.128: [09:15:52]-rwxrwxrwx  1 wyj       wyj        296M Jul  4  2023 '[Vixen]ApoloniaLapiedra-WeekendCruise(05.12.2018)rq.mp4'
091552.128: [09:15:52]-rwxrwxrwx  1 wyj       wyj        2.0G Jul  5  2023  Vixen-Blair.Williams-C.mp4
091552.129: [09:15:52]drwxrwxrwx  2 root      root       4.0K Jul 28  2023  Vixen.com2019Siterip2160pPart1
091552.129: [09:15:52]-rwxrwxrwx  1 wyj       wyj        1.7G Jul  5  2023  Vixen-Leah.Gotti-C.mp4
091552.129: [09:15:52]-rwxrwxrwx  1 wyj       wyj        3.0G Jul  4  2023  VIXEN-NancyAce.mp4
091552.129: [09:15:52]-rwxrwxrwx  1 wyj       wyj        1.5G Jul  4  2023  vixen-skyeblue-C.mp4
091552.129: [09:15:52]-rwxrwxrwx  1 wyj       wyj        1.6G Jul  4  2023  wkd_the_fate_of_love_720p_2500.mp4
091552.129: [09:15:52]drwxrwxrwx  2 wyj       wyj        4.0K Apr 15  2025 'WowGirls - Nikia All The Way Down  尼基娅 - 一路下来'
091552.129: [09:15:52]-rwxrwxrwx  1 wyj       wyj        2.4G Jul  4  2023  X-ANGEL-missnimpho4k.mp4
091552.129: [09:15:52]drwxrwxrwx  2 wyj       wyj        4.0K Apr 15  2025  X-Art.11.11.03.Abby.The.Rich.Girl.Part.One.XXX.720p.MOV-SEXORS-115
091552.129: [09:15:52]-rwxrwxrwx  1 wyj       wyj        538M Jul  4  2023  xart.13.03.08.angelica.spilled.milk.mov
091552.130: [09:15:52]-rwxrwxrwx  1 wyj       wyj        119K Jul  4  2023  xart.13.03.08.angelica.spilled.milk.mov_thumbs_2013.03.09.09_40_25.jpg
091552.130: [09:15:52]-rwxrwxrwx  1 wyj       wyj         37M Jul  4  2023  xart.13.03.08.angelica.spilled.milk-sample.mov
091552.130: [09:15:52]-rwxrwxrwx  1 wyj       wyj        617M Jul  4  2023  xart.13.03.20.addison.circles.of.bliss.mov
091552.130: [09:15:52]-rwxrwxrwx  1 wyj       wyj        866M Jul  4  2023  xart.13.03.24.baby.afternoon.snack.mp4
091552.130: [09:15:52]-rwxrwxrwx  1 wyj       wyj        1.2G Jul  4  2023  xart.13.05.25.caprice.marry.me.caprice.mp4
091552.130: [09:15:52]-rwxrwxrwx  1 wyj       wyj        585M Jul  4  2023  xart.15.05.21.addison.c.above.the.air.mp4
091552.130: [09:15:52]-rwxrwxrwx  1 wyj       wyj        1.1G Jul  4  2023  xart.15.09.12.sara.luvv.a.fucking.picnic.mp4
091552.130: [09:15:52]-rwxrwxrwx  1 wyj       wyj        353M Jul  4  2023  xart.15.09.22.kacy.lane.life.in.the.fast.lane.mp4
091552.131: [09:15:52]-rwxrwxrwx  1 wyj       wyj        1.2G Jul  4  2023  xart.15.09.30.caprice.in.love.with.little.caprice.mp4
091552.131: [09:15:52]-rwxrwxrwx  1 wyj       wyj        689M Jul  4  2023  xart.15.10.10.caprice.and.lily.ivy.lilys.first-time.lesbian.loving.mp4
091552.131: [09:15:52]-rwxrwxrwx  1 wyj       wyj        1.2G Jul  4  2023  xart.15.11.01.naomi.woods.and.piper.perri.the.cabin.and.my.wood.mp4
091552.131: [09:15:52]-rwxrwxrwx  1 wyj       wyj        597M Jul  4  2023  xart.15.11.05.maddy.rose.two.fingers.deep.mp4
091552.131: [09:15:52]-rwxrwxrwx  1 wyj       wyj        1.1G Jul  4  2023  xart.15.11.24.aubrey.domination.part.2.mp4
091552.131: [09:15:52]-rwxrwxrwx  1 wyj       wyj        975M Jul  4  2023  xart.15.12.02.chrissy.fox.hot.winter.fox.mp4
091552.131: [09:15:52]-rwxrwxrwx  1 wyj       wyj        1.1G Jul  4  2023  xart.15.12.25.jessica.black.widow.mp4
091552.131: [09:15:52]-rwxrwxrwx  1 wyj       wyj         89M Jul  4  2023  X-Art.19.01.16.Nella.Jones.And.Katie.Jayne.Deux.Jeunes.Lesbiennes.mp4
091552.132: [09:15:52]-rwxrwxrwx  1 wyj       wyj        130M Jul  4  2023  X-Art.19.01.20.Nella.Jones.Workout.Sex.And.Unbelievable.Orgasms.mp4
091552.132: [09:15:52]-rwxrwxrwx  1 wyj       wyj         83M Jul  4  2023  X-Art.19.01.21.Nella.Jones.And.Vera.Lingerie.Or.Lesbian.Lovers.mp4
091552.132: [09:15:52]-rwxrwxrwx  1 wyj       wyj        402M Jul  4  2023  x_art_anneli_ivy_masseuse_720.wmv
091552.132: [09:15:52]drwxrwxrwx  2 wyj       wyj        4.0K Apr 15  2025  X-Art_carlie_hd.wmv-115
091552.132: [09:15:52]-rwxrwxrwx  1 wyj       wyj        683M Jul  4  2023  x-art_constance_aaron_x-art_on_tv_1080-115.mov
091552.132: [09:15:52]-rwxrwxrwx  1 wyj       wyj        900M Jul  4  2023  x-art_lexi_ready_for_bed_1080.mp4
091552.132: [09:15:52]-rwxrwxrwx  1 wyj       wyj        521M Jul  4  2023  x-art_mary_stolen_moment_1080bb.mov
091552.132: [09:15:52]-rwxrwxrwx  1 wyj       wyj        469M Jul  4  2023 'X-Art - My Best Friends Boyfriend - Katka And Mikah [720p].wmv'
091552.132: [09:15:52]-rwxrwxrwx  1 wyj       wyj        581M Jul  4  2023 '[X-Art] Sara Luvv (Infinite Luvv - 12.08.15).mp4'
091552.133: [09:15:52]-rwxrwxrwx  1 wyj       wyj        1.3G Jul  4  2023  X-art-unknown.mp4
091552.133: [09:15:52]-rwxrwxrwx  1 wyj       wyj        1.2G Jul  4  2023 'Young Beauty Loves to be Bad.mp4'
091552.133: [09:15:52]-rw-rwx---  1 wyj       wyj        683M Jul  4  2023  两个高颜值软妹子旅游被一起操了啪啪作品美女白嫩肉肉好身材制服诱惑挡不住性奋嗨翻了（包含套图）720P高清.mp
091552.133: [09:15:52]drwxrwxrwx  3 wyj       wyj        4.0K Apr 15  2025  壮志凌云Top.Guns.XviD-SWE6RUS-115
091552.133: [09:15:52]drwxrwxrwx  2 wyj       wyj         12K Apr 15  2025 '微的痕迹@SexInSex-115.net@Kamikaze Lovegood++++'
091552.134: [09:15:52]-rwxrwxrwx  1 wyj       wyj        608M Jul  4  2023  最新流出X-ART收费作品极品女神Sybil西比尔下海唯美啪啪啪叫的勾魂_不多解释_绝对满满撸点.mp4
091552.134: [09:15:52]drwxrwxrwx  2 wyj       wyj        4.0K Apr 15  2025 '老肥@第一会所@Babes - Marika Hase The Art Of Seduction-115'
091552.134: [09:15:52]drwxrwxrwx  2 wyj       wyj        4.0K Apr 15  2025 '老肥@第一会所@Babes - Zarena Summers Getaway-115'
091552.134: [09:15:52]drwxrwxrwx  2 wyj       wyj        4.0K Apr 15  2025 '老肥@第一会所@Code Of Honor-115'
091552.134: [09:15:52]drwxrwxrwx  2 wyj       wyj        4.0K Apr 15  2025 '老肥@第一会所@Joymii - Josephine Coming Home-115'
091552.134: [09:15:52]drwxrwxrwx  2 wyj       wyj        4.0K Apr 15  2025 '老肥@第一会所@SexArt - Marica Hase Sexter-115'
091552.134: [09:15:52]drwxrwxrwx  2 wyj       wyj        4.0K Apr 15  2025 '老肥@第一会所@X-Art - Angelica Almost Famous-115'
091552.134: [09:15:52]drwxrwxrwx  2 wyj       wyj        4.0K Apr 15  2025 '老肥@第一会所@X-Art - Caprice Marry Me Caprice-115'
091552.134: [09:15:52]drwxrwxrwx  2 wyj       wyj        4.0K Apr 15  2025 '老肥@第一会所@X-Art - Connie Heart And Soul-115'
091552.135: [09:15:52]drwxrwxrwx  2 wyj       wyj        4.0K Apr 15  2025 '老肥@第一会所@X-Art - Connie Romantic Memories-115'
091552.135: [09:15:52]drwxrwxrwx  2 wyj       wyj        4.0K Apr 15  2025 '老肥@第一会所@X-Art - Dillion Harper A Perfect Match-115'
091552.135: [09:15:52]drwxrwxrwx  2 wyj       wyj        4.0K Apr 15  2025 '老肥@第一会所@X-Art - Silvie They Meet Again-115'
091552.135: [09:15:52]drwxrwxrwx  2 wyj       wyj        4.0K Apr 15  2025 '老肥@第一会所@X-Art - Vicky Love With A View-115'
091552.135: [09:15:52]-rw-rwx---  1 wyj       wyj        201M Jul  4  2023  超极品两个黑丝美女欲望玩弄挡不住一看就冲动想加入搞穴这身材苗条缠绵冲动的不行啊（包含套图）720P高清.MP4
