080224.216: [08:02:24][202603103-A-A10-计算-Intel-10.50.0.102-08:02:24]
080224.235: [08:02:24]Welcome to Ubuntu 24.04 LTS (GNU/Linux 6.8.0-60-generic x86_64)
080224.235: [08:02:24]
080224.236: [08:02:24] * Documentation:  https://help.ubuntu.com
080224.236: [08:02:24] * Management:     https://landscape.canonical.com
080224.236: [08:02:24] * Support:        https://ubuntu.com/pro
080224.236: [08:02:24]
080224.236: [08:02:24] System information as of Wed Mar 18 08:02:23 AM CST 2026
080224.236: [08:02:24]
080224.236: [08:02:24]  System load:    0.0                Temperature:                  76.0 C
080224.236: [08:02:24]  Usage of /home: 0.1% of 301.67GB   Processes:                    1385
080224.236: [08:02:24]  Memory usage:   0%                 Users logged in:              1
080224.236: [08:02:24]  Swap usage:     0%                 IPv4 address for ens101f0np0: 10.50.0.102
080224.236: [08:02:24]
080224.237: [08:02:24] * Strictly confined Kubernetes makes edge and IoT secure. Learn how MicroK8s
080224.237: [08:02:24]   just raised the bar for easy, resilient and secure K8s cluster deployment.
080224.237: [08:02:24]
080224.237: [08:02:24]   https://ubuntu.com/engage/secure-kubernetes-at-the-edge
080224.237: [08:02:24]
080224.237: [08:02:24]Expanded Security Maintenance for Applications is not enabled.
080224.237: [08:02:24]
080224.237: [08:02:24]101 updates can be applied immediately.
080224.237: [08:02:24]To see these additional updates run: apt list --upgradable
080224.237: [08:02:24]
080224.238: [08:02:24]11 additional security updates can be applied with ESM Apps.
080224.238: [08:02:24]Learn more about enabling ESM Apps service at https://ubuntu.com/esm
080224.238: [08:02:24]
080224.238: [08:02:24]
080224.238: [08:02:24]The list of available updates is more than a week old.
080224.238: [08:02:24]To check for new updates run: sudo apt update
080224.238: [08:02:24]
080224.238: [08:02:24]*** System restart required ***
080224.238: [08:02:24]Last login: Tue Mar 17 19:46:51 2026 from 192.168.4.222
093052.020: [09:30:52][202603103-A-A10-计算-Intel-10.50.0.102-09:30:52]
093052.036: [09:30:52]Welcome to Ubuntu 24.04 LTS (GNU/Linux 6.8.0-60-generic x86_64)
093052.036: [09:30:52]
093052.036: [09:30:52] * Documentation:  https://help.ubuntu.com
093052.036: [09:30:52] * Management:     https://landscape.canonical.com
093052.037: [09:30:52] * Support:        https://ubuntu.com/pro
093052.037: [09:30:52]
093052.037: [09:30:52] System information as of Wed Mar 18 09:30:51 AM CST 2026
093052.037: [09:30:52]
093052.037: [09:30:52]  System load:    0.0                Temperature:                  76.0 C
093052.037: [09:30:52]  Usage of /home: 0.1% of 301.67GB   Processes:                    1387
093052.038: [09:30:52]  Memory usage:   0%                 Users logged in:              1
093052.038: [09:30:52]  Swap usage:     0%                 IPv4 address for ens101f0np0: 10.50.0.102
093052.038: [09:30:52]
093052.038: [09:30:52] * Strictly confined Kubernetes makes edge and IoT secure. Learn how MicroK8s
093052.038: [09:30:52]   just raised the bar for easy, resilient and secure K8s cluster deployment.
093052.038: [09:30:52]
093052.038: [09:30:52]   https://ubuntu.com/engage/secure-kubernetes-at-the-edge
093052.038: [09:30:52]
093052.038: [09:30:52]Expanded Security Maintenance for Applications is not enabled.
093052.038: [09:30:52]
093052.039: [09:30:52]101 updates can be applied immediately.
093052.039: [09:30:52]To see these additional updates run: apt list --upgradable
093052.039: [09:30:52]
093052.039: [09:30:52]11 additional security updates can be applied with ESM Apps.
093052.039: [09:30:52]Learn more about enabling ESM Apps service at https://ubuntu.com/esm
093052.039: [09:30:52]
093052.039: [09:30:52]
093052.039: [09:30:52]The list of available updates is more than a week old.
093052.039: [09:30:52]To check for new updates run: sudo apt update
093052.040: [09:30:52]Failed to connect to https://changelogs.ubuntu.com/meta-release-lts. Check your Internet connection or proxy settings
093052.040: [09:30:52]
093052.040: [09:30:52]
093052.040: [09:30:52]*** System restart required ***
093052.040: [09:30:52]Last login: Wed Mar 18 08:02:24 2026 from 192.168.4.222
111012.616: [11:10:12][202603103-A-A10-计算-Intel-10.50.0.102-11:10:12]
111012.647: [11:10:12]Welcome to Ubuntu 24.04 LTS (GNU/Linux 6.8.0-60-generic x86_64)
111012.647: [11:10:12]
111012.651: [11:10:12] * Documentation:  https://help.ubuntu.com
111012.651: [11:10:12] * Management:     https://landscape.canonical.com
111012.651: [11:10:12] * Support:        https://ubuntu.com/pro
111012.651: [11:10:12]
111012.651: [11:10:12] System information as of Wed Mar 18 11:10:12 AM CST 2026
111012.651: [11:10:12]
111012.652: [11:10:12]  System load:    0.0                Temperature:                  76.0 C
111012.652: [11:10:12]  Usage of /home: 0.1% of 301.67GB   Processes:                    1385
111012.652: [11:10:12]  Memory usage:   0%                 Users logged in:              1
111012.652: [11:10:12]  Swap usage:     0%                 IPv4 address for ens101f0np0: 10.50.0.102
111012.653: [11:10:12]
111012.653: [11:10:12] * Strictly confined Kubernetes makes edge and IoT secure. Learn how MicroK8s
111012.653: [11:10:12]   just raised the bar for easy, resilient and secure K8s cluster deployment.
111012.653: [11:10:12]
111012.653: [11:10:12]   https://ubuntu.com/engage/secure-kubernetes-at-the-edge
111012.653: [11:10:12]
111012.653: [11:10:12]Expanded Security Maintenance for Applications is not enabled.
111012.653: [11:10:12]
111012.653: [11:10:12]101 updates can be applied immediately.
111012.653: [11:10:12]To see these additional updates run: apt list --upgradable
111012.653: [11:10:12]
111012.654: [11:10:12]11 additional security updates can be applied with ESM Apps.
111012.654: [11:10:12]Learn more about enabling ESM Apps service at https://ubuntu.com/esm
111012.654: [11:10:12]
111012.654: [11:10:12]
111012.654: [11:10:12]The list of available updates is more than a week old.
111012.654: [11:10:12]To check for new updates run: sudo apt update
111012.655: [11:10:12]Failed to connect to https://changelogs.ubuntu.com/meta-release-lts. Check your Internet connection or proxy settings
111012.655: [11:10:12]
111012.655: [11:10:12]
111012.655: [11:10:12]*** System restart required ***
111012.655: [11:10:12]Last login: Wed Mar 18 09:30:52 2026 from 192.168.4.222
133023.112: [13:30:23][202603103-A-A10-计算-Intel-10.50.0.102-13:30:23]
133023.133: [13:30:23]Welcome to Ubuntu 24.04 LTS (GNU/Linux 6.8.0-60-generic x86_64)
133023.133: [13:30:23]
133023.133: [13:30:23] * Documentation:  https://help.ubuntu.com
133023.133: [13:30:23] * Management:     https://landscape.canonical.com
133023.133: [13:30:23] * Support:        https://ubuntu.com/pro
133023.133: [13:30:23]
133023.133: [13:30:23] System information as of Wed Mar 18 01:30:22 PM CST 2026
133023.133: [13:30:23]
133023.133: [13:30:23]  System load:    0.0                Temperature:                  75.0 C
133023.134: [13:30:23]  Usage of /home: 0.1% of 301.67GB   Processes:                    1385
133023.134: [13:30:23]  Memory usage:   0%                 Users logged in:              1
133023.134: [13:30:23]  Swap usage:     0%                 IPv4 address for ens101f0np0: 10.50.0.102
133023.134: [13:30:23]
133023.134: [13:30:23] * Strictly confined Kubernetes makes edge and IoT secure. Learn how MicroK8s
133023.134: [13:30:23]   just raised the bar for easy, resilient and secure K8s cluster deployment.
133023.134: [13:30:23]
133023.134: [13:30:23]   https://ubuntu.com/engage/secure-kubernetes-at-the-edge
133023.134: [13:30:23]
133023.135: [13:30:23]Expanded Security Maintenance for Applications is not enabled.
133023.135: [13:30:23]
133023.135: [13:30:23]101 updates can be applied immediately.
133023.135: [13:30:23]To see these additional updates run: apt list --upgradable
133023.135: [13:30:23]
133023.135: [13:30:23]11 additional security updates can be applied with ESM Apps.
133023.135: [13:30:23]Learn more about enabling ESM Apps service at https://ubuntu.com/esm
133023.135: [13:30:23]
133023.135: [13:30:23]
133023.135: [13:30:23]The list of available updates is more than a week old.
133023.136: [13:30:23]To check for new updates run: sudo apt update
133023.136: [13:30:23]Failed to connect to https://changelogs.ubuntu.com/meta-release-lts. Check your Internet connection or proxy settings
133023.136: [13:30:23]
133023.136: [13:30:23]
133023.136: [13:30:23]*** System restart required ***
133023.136: [13:30:23]Last login: Wed Mar 18 11:10:12 2026 from 192.168.4.222
162931.639: [16:29:31][202603103-A-A10-计算-Intel-10.50.0.102-16:29:31]
162931.656: [16:29:31]Welcome to Ubuntu 24.04 LTS (GNU/Linux 6.8.0-60-generic x86_64)
162931.656: [16:29:31]
162931.656: [16:29:31] * Documentation:  https://help.ubuntu.com
162931.656: [16:29:31] * Management:     https://landscape.canonical.com
162931.656: [16:29:31] * Support:        https://ubuntu.com/pro
162931.656: [16:29:31]
162931.656: [16:29:31] System information as of Wed Mar 18 04:29:31 PM CST 2026
162931.656: [16:29:31]
162931.656: [16:29:31]  System load:    0.0                Temperature:                  76.0 C
162931.657: [16:29:31]  Usage of /home: 0.1% of 301.67GB   Processes:                    1387
162931.657: [16:29:31]  Memory usage:   0%                 Users logged in:              1
162931.657: [16:29:31]  Swap usage:     0%                 IPv4 address for ens101f0np0: 10.50.0.102
162931.657: [16:29:31]
162931.657: [16:29:31] * Strictly confined Kubernetes makes edge and IoT secure. Learn how MicroK8s
162931.657: [16:29:31]   just raised the bar for easy, resilient and secure K8s cluster deployment.
162931.657: [16:29:31]
162931.657: [16:29:31]   https://ubuntu.com/engage/secure-kubernetes-at-the-edge
162931.658: [16:29:31]
162931.658: [16:29:31]Expanded Security Maintenance for Applications is not enabled.
162931.658: [16:29:31]
162931.658: [16:29:31]101 updates can be applied immediately.
162931.658: [16:29:31]To see these additional updates run: apt list --upgradable
162931.658: [16:29:31]
162931.658: [16:29:31]11 additional security updates can be applied with ESM Apps.
162931.658: [16:29:31]Learn more about enabling ESM Apps service at https://ubuntu.com/esm
162931.658: [16:29:31]
162931.658: [16:29:31]
162931.658: [16:29:31]The list of available updates is more than a week old.
162931.658: [16:29:31]To check for new updates run: sudo apt update
162931.659: [16:29:31]Failed to connect to https://changelogs.ubuntu.com/meta-release-lts. Check your Internet connection or proxy settings
162931.659: [16:29:31]
162931.659: [16:29:31]
162931.659: [16:29:31]*** System restart required ***
162931.659: [16:29:31]Last login: Wed Mar 18 13:30:23 2026 from 192.168.4.222
172724.342: [17:27:24]root@suzhouproda102:~# 
172724.532: [17:27:24]root@suzhouproda102:~# 
172746.407: [17:27:46]root@suzhouproda102:~# cat /etc/passwd | column -t -s:
172746.416: [17:27:46]root                  x  0      0      root                                          /root                          /bin/bash
172746.416: [17:27:46]daemon                x  1      1      daemon                                        /usr/sbin                      /usr/sbin/nologin
172746.416: [17:27:46]bin                   x  2      2      bin                                           /bin                           /usr/sbin/nologin
172746.416: [17:27:46]sys                   x  3      3      sys                                           /dev                           /usr/sbin/nologin
172746.416: [17:27:46]sync                  x  4      65534  sync                                          /bin                           /bin/sync
172746.416: [17:27:46]games                 x  5      60     games                                         /usr/games                     /usr/sbin/nologin
172746.416: [17:27:46]man                   x  6      12     man                                           /var/cache/man                 /usr/sbin/nologin
172746.416: [17:27:46]lp                    x  7      7      lp                                            /var/spool/lpd                 /usr/sbin/nologin
172746.416: [17:27:46]mail                  x  8      8      mail                                          /var/mail                      /usr/sbin/nologin
172746.416: [17:27:46]news                  x  9      9      news                                          /var/spool/news                /usr/sbin/nologin
172746.416: [17:27:46]uucp                  x  10     10     uucp                                          /var/spool/uucp                /usr/sbin/nologin
172746.417: [17:27:46]proxy                 x  13     13     proxy                                         /bin                           /usr/sbin/nologin
172746.417: [17:27:46]www-data              x  33     33     www-data                                      /var/www                       /usr/sbin/nologin
172746.417: [17:27:46]backup                x  34     34     backup                                        /var/backups                   /usr/sbin/nologin
172746.417: [17:27:46]list                  x  38     38     Mailing List Manager                          /var/list                      /usr/sbin/nologin
172746.417: [17:27:46]irc                   x  39     39     ircd                                          /run/ircd                      /usr/sbin/nologin
172746.417: [17:27:46]_apt                  x  42     65534                                                /nonexistent                   /usr/sbin/nologin
172746.417: [17:27:46]nobody                x  65534  65534  nobody                                        /nonexistent                   /usr/sbin/nologin
172746.417: [17:27:46]systemd-network       x  998    998    systemd Network Management                    /                              /usr/sbin/nologin
172746.418: [17:27:46]systemd-timesync      x  997    997    systemd Time Synchronization                  /                              /usr/sbin/nologin
172746.418: [17:27:46]dhcpcd                x  100    65534  DHCP Client Daemon,,,                         /usr/lib/dhcpcd                /bin/false
172746.418: [17:27:46]messagebus            x  101    102                                                  /nonexistent                   /usr/sbin/nologin
172746.418: [17:27:46]systemd-resolve       x  992    992    systemd Resolver                              /                              /usr/sbin/nologin
172746.418: [17:27:46]pollinate             x  102    1                                                    /var/cache/pollinate           /bin/false
172746.418: [17:27:46]polkitd               x  991    991    User for polkitd                              /                              /usr/sbin/nologin
172746.418: [17:27:46]syslog                x  103    104                                                  /nonexistent                   /usr/sbin/nologin
172746.418: [17:27:46]uuidd                 x  104    105                                                  /run/uuidd                     /usr/sbin/nologin
172746.419: [17:27:46]tcpdump               x  105    107                                                  /nonexistent                   /usr/sbin/nologin
172746.419: [17:27:46]tss                   x  106    108    TPM software stack,,,                         /var/lib/tpm                   /bin/false
172746.419: [17:27:46]landscape             x  107    109                                                  /var/lib/landscape             /usr/sbin/nologin
172746.419: [17:27:46]fwupd-refresh         x  989    989    Firmware update daemon                        /var/lib/fwupd                 /usr/sbin/nologin
172746.419: [17:27:46]usbmux                x  108    46     usbmux daemon,,,                              /var/lib/usbmux                /usr/sbin/nologin
172746.419: [17:27:46]sshd                  x  109    65534                                                /run/sshd                      /usr/sbin/nologin
172746.419: [17:27:46]tgqs                  x  1000   1000   tgqs                                          /home/tgqs                     /bin/bash
172746.419: [17:27:46]_chrony               x  110    110    Chrony daemon,,,                              /var/lib/chrony                /usr/sbin/nologin
172746.419: [17:27:46]munge                 x  111    111                                                  /nonexistent                   /usr/sbin/nologin
172746.420: [17:27:46]slurm                 x  64030  64030                                                /nonexistent                   /usr/sbin/nologin
172746.420: [17:27:46]nslcd                 x  112    112    nslcd name service LDAP connection daemon,,,  /run/nslcd                     /usr/sbin/nologin
172746.420: [17:27:46]_rpc                  x  113    65534                                                /run/rpcbind                   /usr/sbin/nologin
172746.420: [17:27:46]statd                 x  114    65534                                                /var/lib/nfs                   /usr/sbin/nologin
172746.420: [17:27:46]gluster               x  115    113                                                  /var/lib/glusterd              /usr/sbin/nologin
172746.420: [17:27:46]prometheus            x  1001   1001                                                 /home/prometheus               /sbin/nologin
172746.420: [17:27:46]dnsmasq               x  999    65534  dnsmasq                                       /var/lib/misc                  /usr/sbin/nologin
172746.420: [17:27:46]whoopsie              x  116    118                                                  /nonexistent                   /bin/false
172746.420: [17:27:46]avahi                 x  117    119    Avahi mDNS daemon,,,                          /run/avahi-daemon              /usr/sbin/nologin
172746.421: [17:27:46]cups-pk-helper        x  118    114    user for cups-pk-helper service,,,            /nonexistent                   /usr/sbin/nologin
172746.421: [17:27:46]lightdm               x  119    120    Light Display Manager                         /var/lib/lightdm               /bin/false
172746.421: [17:27:46]saned                 x  120    123                                                  /var/lib/saned                 /usr/sbin/nologin
172746.421: [17:27:46]pulse                 x  121    124    PulseAudio daemon,,,                          /run/pulse                     /usr/sbin/nologin
172746.421: [17:27:46]cups-browsed          x  122    114                                                  /nonexistent                   /usr/sbin/nologin
172746.421: [17:27:46]rtkit                 x  123    126    RealtimeKit,,,                                /proc                          /usr/sbin/nologin
172746.421: [17:27:46]colord                x  124    127    colord colour management daemon,,,            /var/lib/colord                /usr/sbin/nologin
172746.422: [17:27:46]postfix               x  125    128                                                  /var/spool/postfix             /usr/sbin/nologin
172746.422: [17:27:46]geoclue               x  126    130                                                  /var/lib/geoclue               /usr/sbin/nologin
172746.422: [17:27:46]kernoops              x  127    65534  Kernel Oops Tracking Daemon,,,                /                              /usr/sbin/nologin
172746.422: [17:27:46]sssd                  x  128    131    SSSD system user,,,                           /var/lib/sss                   /usr/sbin/nologin
172746.422: [17:27:46]speech-dispatcher     x  129    29     Speech Dispatcher,,,                          /run/speech-dispatcher         /bin/false
172746.422: [17:27:46]nm-openvpn            x  130    133    NetworkManager OpenVPN,,,                     /var/lib/openvpn/chroot        /usr/sbin/nologin
172746.422: [17:27:46]hplip                 x  131    7      HPLIP system user,,,                          /run/hplip                     /bin/false
172746.422: [17:27:46]gnome-remote-desktop  x  988    988    GNOME Remote Desktop                          /var/lib/gnome-remote-desktop  /usr/sbin/nologin
172746.422: [17:27:46]gnome-initial-setup   x  132    65534                                                /run/gnome-initial-setup/      /bin/false
172746.423: [17:27:46]gdm                   x  133    134    Gnome Display Manager                         /var/lib/gdm3                  /bin/false
172751.438: [17:27:51]root@suzhouproda102:~# ps -ef
172751.483: [17:27:51]UID          PID    PPID  C STIME TTY          TIME CMD
172751.494: [17:27:51]root           1       0  0 Feb09 ?        00:02:42 /usr/lib/systemd/systemd --system --deserialize=38
172751.494: [17:27:51]root           2       0  0 Feb09 ?        00:00:03 [kthreadd]
172751.494: [17:27:51]root           3       2  0 Feb09 ?        00:00:00 [pool_workqueue_release]
172751.494: [17:27:51]root           4       2  0 Feb09 ?        00:00:00 [kworker/R-rcu_g]
172751.494: [17:27:51]root           5       2  0 Feb09 ?        00:00:00 [kworker/R-rcu_p]
172751.494: [17:27:51]root           6       2  0 Feb09 ?        00:00:00 [kworker/R-slub_]
172751.494: [17:27:51]root           7       2  0 Feb09 ?        00:00:00 [kworker/R-netns]
172751.494: [17:27:51]root           9       2  0 Feb09 ?        00:00:00 [kworker/0:0H-events_highpri]
172751.494: [17:27:51]root          12       2  0 Feb09 ?        00:00:00 [kworker/R-mm_pe]
172751.494: [17:27:51]root          13       2  0 Feb09 ?        00:00:00 [rcu_tasks_kthread]
172751.494: [17:27:51]root          14       2  0 Feb09 ?        00:00:00 [rcu_tasks_rude_kthread]
172751.494: [17:27:51]root          15       2  0 Feb09 ?        00:00:00 [rcu_tasks_trace_kthread]
172751.494: [17:27:51]root          16       2  0 Feb09 ?        00:00:08 [ksoftirqd/0]
172751.494: [17:27:51]root          17       2  0 Feb09 ?        00:06:24 [rcu_preempt]
172751.494: [17:27:51]root          18       2  0 Feb09 ?        00:00:05 [migration/0]
172751.495: [17:27:51]root          19       2  0 Feb09 ?        00:00:00 [idle_inject/0]
172751.495: [17:27:51]root          20       2  0 Feb09 ?        00:00:00 [cpuhp/0]
172751.495: [17:27:51]root          21       2  0 Feb09 ?        00:00:00 [cpuhp/1]
172751.495: [17:27:51]root          22       2  0 Feb09 ?        00:00:00 [idle_inject/1]
172751.495: [17:27:51]root          23       2  0 Feb09 ?        00:00:09 [migration/1]
172751.495: [17:27:51]root          24       2  0 Feb09 ?        00:00:01 [ksoftirqd/1]
172751.495: [17:27:51]root          26       2  0 Feb09 ?        00:00:00 [kworker/1:0H-events_highpri]
172751.495: [17:27:51]root          27       2  0 Feb09 ?        00:00:00 [cpuhp/2]
172751.495: [17:27:51]root          28       2  0 Feb09 ?        00:00:00 [idle_inject/2]
172751.495: [17:27:51]root          29       2  0 Feb09 ?        00:00:09 [migration/2]
172751.495: [17:27:51]root          30       2  0 Feb09 ?        00:00:00 [ksoftirqd/2]
172751.495: [17:27:51]root          32       2  0 Feb09 ?        00:00:00 [kworker/2:0H-kblockd]
172751.495: [17:27:51]root          33       2  0 Feb09 ?        00:00:00 [cpuhp/3]
172751.495: [17:27:51]root          34       2  0 Feb09 ?        00:00:00 [idle_inject/3]
172751.495: [17:27:51]root          35       2  0 Feb09 ?        00:00:09 [migration/3]
172751.495: [17:27:51]root          36       2  0 Feb09 ?        00:00:00 [ksoftirqd/3]
172751.495: [17:27:51]root          38       2  0 Feb09 ?        00:00:00 [kworker/3:0H-events_highpri]
172751.495: [17:27:51]root          39       2  0 Feb09 ?        00:00:00 [cpuhp/4]
172751.495: [17:27:51]root          40       2  0 Feb09 ?        00:00:00 [idle_inject/4]
172751.495: [17:27:51]root          41       2  0 Feb09 ?        00:00:09 [migration/4]
172751.495: [17:27:51]root          42       2  0 Feb09 ?        00:00:00 [ksoftirqd/4]
172751.495: [17:27:51]root          44       2  0 Feb09 ?        00:00:00 [kworker/4:0H-events_highpri]
172751.495: [17:27:51]root          45       2  0 Feb09 ?        00:00:00 [cpuhp/5]
172751.495: [17:27:51]root          46       2  0 Feb09 ?        00:00:00 [idle_inject/5]
172751.495: [17:27:51]root          47       2  0 Feb09 ?        00:00:09 [migration/5]
172751.495: [17:27:51]root          48       2  0 Feb09 ?        00:00:00 [ksoftirqd/5]
172751.495: [17:27:51]root          50       2  0 Feb09 ?        00:00:00 [kworker/5:0H-events_highpri]
172751.495: [17:27:51]root          51       2  0 Feb09 ?        00:00:00 [cpuhp/6]
172751.495: [17:27:51]root          52       2  0 Feb09 ?        00:00:00 [idle_inject/6]
172751.495: [17:27:51]root          53       2  0 Feb09 ?        00:00:09 [migration/6]
172751.496: [17:27:51]root          54       2  0 Feb09 ?        00:00:00 [ksoftirqd/6]
172751.496: [17:27:51]root          56       2  0 Feb09 ?        00:00:00 [kworker/6:0H-events_highpri]
172751.496: [17:27:51]root          57       2  0 Feb09 ?        00:00:00 [cpuhp/7]
172751.496: [17:27:51]root          58       2  0 Feb09 ?        00:00:00 [idle_inject/7]
172751.496: [17:27:51]root          59       2  0 Feb09 ?        00:00:09 [migration/7]
172751.496: [17:27:51]root          60       2  0 Feb09 ?        00:00:00 [ksoftirqd/7]
172751.496: [17:27:51]root          62       2  0 Feb09 ?        00:00:00 [kworker/7:0H-events_highpri]
172751.496: [17:27:51]root          63       2  0 Feb09 ?        00:00:00 [cpuhp/8]
172751.496: [17:27:51]root          64       2  0 Feb09 ?        00:00:00 [idle_inject/8]
172751.496: [17:27:51]root          65       2  0 Feb09 ?        00:00:09 [migration/8]
172751.496: [17:27:51]root          66       2  0 Feb09 ?        00:00:00 [ksoftirqd/8]
172751.496: [17:27:51]root          68       2  0 Feb09 ?        00:00:00 [kworker/8:0H-events_highpri]
172751.496: [17:27:51]root          69       2  0 Feb09 ?        00:00:00 [cpuhp/9]
172751.496: [17:27:51]root          70       2  0 Feb09 ?        00:00:00 [idle_inject/9]
172751.496: [17:27:51]root          71       2  0 Feb09 ?        00:00:09 [migration/9]
172751.496: [17:27:51]root          72       2  0 Feb09 ?        00:00:00 [ksoftirqd/9]
172751.496: [17:27:51]root          74       2  0 Feb09 ?        00:00:00 [kworker/9:0H-kblockd]
172751.496: [17:27:51]root          75       2  0 Feb09 ?        00:00:00 [cpuhp/10]
172751.496: [17:27:51]root          76       2  0 Feb09 ?        00:00:00 [idle_inject/10]
172751.496: [17:27:51]root          77       2  0 Feb09 ?        00:00:09 [migration/10]
172751.496: [17:27:51]root          78       2  0 Feb09 ?        00:00:00 [ksoftirqd/10]
172751.496: [17:27:51]root          80       2  0 Feb09 ?        00:00:00 [kworker/10:0H-events_highpri]
172751.496: [17:27:51]root          81       2  0 Feb09 ?        00:00:00 [cpuhp/11]
172751.496: [17:27:51]root          82       2  0 Feb09 ?        00:00:00 [idle_inject/11]
172751.497: [17:27:51]root          83       2  0 Feb09 ?        00:00:09 [migration/11]
172751.497: [17:27:51]root          84       2  0 Feb09 ?        00:00:00 [ksoftirqd/11]
172751.497: [17:27:51]root          86       2  0 Feb09 ?        00:00:00 [kworker/11:0H-events_highpri]
172751.497: [17:27:51]root          87       2  0 Feb09 ?        00:00:00 [cpuhp/12]
172751.497: [17:27:51]root          88       2  0 Feb09 ?        00:00:00 [idle_inject/12]
172751.497: [17:27:51]root          89       2  0 Feb09 ?        00:00:09 [migration/12]
172751.497: [17:27:51]root          90       2  0 Feb09 ?        00:00:00 [ksoftirqd/12]
172751.497: [17:27:51]root          92       2  0 Feb09 ?        00:00:00 [kworker/12:0H-events_highpri]
172751.497: [17:27:51]root          93       2  0 Feb09 ?        00:00:00 [cpuhp/13]
172751.497: [17:27:51]root          94       2  0 Feb09 ?        00:00:00 [idle_inject/13]
172751.497: [17:27:51]root          95       2  0 Feb09 ?        00:00:09 [migration/13]
172751.497: [17:27:51]root          96       2  0 Feb09 ?        00:00:00 [ksoftirqd/13]
172751.497: [17:27:51]root          98       2  0 Feb09 ?        00:00:00 [kworker/13:0H-events_highpri]
172751.497: [17:27:51]root          99       2  0 Feb09 ?        00:00:00 [cpuhp/14]
172751.497: [17:27:51]root         100       2  0 Feb09 ?        00:00:00 [idle_inject/14]
172751.497: [17:27:51]root         101       2  0 Feb09 ?        00:00:09 [migration/14]
172751.497: [17:27:51]root         102       2  0 Feb09 ?        00:00:00 [ksoftirqd/14]
172751.497: [17:27:51]root         104       2  0 Feb09 ?        00:00:00 [kworker/14:0H-events_highpri]
172751.497: [17:27:51]root         105       2  0 Feb09 ?        00:00:00 [cpuhp/15]
172751.497: [17:27:51]root         106       2  0 Feb09 ?        00:00:00 [idle_inject/15]
172751.497: [17:27:51]root         107       2  0 Feb09 ?        00:00:09 [migration/15]
172751.497: [17:27:51]root         108       2  0 Feb09 ?        00:00:00 [ksoftirqd/15]
172751.497: [17:27:51]root         110       2  0 Feb09 ?        00:00:00 [kworker/15:0H-events_highpri]
172751.497: [17:27:51]root         111       2  0 Feb09 ?        00:00:00 [cpuhp/16]
172751.497: [17:27:51]root         112       2  0 Feb09 ?        00:00:00 [idle_inject/16]
172751.497: [17:27:51]root         113       2  0 Feb09 ?        00:00:09 [migration/16]
172751.497: [17:27:51]root         114       2  0 Feb09 ?        00:00:00 [ksoftirqd/16]
172751.497: [17:27:51]root         116       2  0 Feb09 ?        00:00:00 [kworker/16:0H-events_highpri]
172751.498: [17:27:51]root         117       2  0 Feb09 ?        00:00:00 [cpuhp/17]
172751.498: [17:27:51]root         118       2  0 Feb09 ?        00:00:00 [idle_inject/17]
172751.498: [17:27:51]root         119       2  0 Feb09 ?        00:00:09 [migration/17]
172751.498: [17:27:51]root         120       2  0 Feb09 ?        00:00:00 [ksoftirqd/17]
172751.498: [17:27:51]root         122       2  0 Feb09 ?        00:00:00 [kworker/17:0H-events_highpri]
172751.498: [17:27:51]root         123       2  0 Feb09 ?        00:00:00 [cpuhp/18]
172751.498: [17:27:51]root         124       2  0 Feb09 ?        00:00:00 [idle_inject/18]
172751.498: [17:27:51]root         125       2  0 Feb09 ?        00:00:09 [migration/18]
172751.498: [17:27:51]root         126       2  0 Feb09 ?        00:00:00 [ksoftirqd/18]
172751.498: [17:27:51]root         128       2  0 Feb09 ?        00:00:00 [kworker/18:0H-events_highpri]
172751.498: [17:27:51]root         129       2  0 Feb09 ?        00:00:00 [cpuhp/19]
172751.498: [17:27:51]root         130       2  0 Feb09 ?        00:00:00 [idle_inject/19]
172751.498: [17:27:51]root         131       2  0 Feb09 ?        00:00:09 [migration/19]
172751.498: [17:27:51]root         132       2  0 Feb09 ?        00:00:00 [ksoftirqd/19]
172751.498: [17:27:51]root         134       2  0 Feb09 ?        00:00:00 [kworker/19:0H-events_highpri]
172751.498: [17:27:51]root         135       2  0 Feb09 ?        00:00:00 [cpuhp/20]
172751.498: [17:27:51]root         136       2  0 Feb09 ?        00:00:00 [idle_inject/20]
172751.498: [17:27:51]root         137       2  0 Feb09 ?        00:00:09 [migration/20]
172751.498: [17:27:51]root         138       2  0 Feb09 ?        00:00:00 [ksoftirqd/20]
172751.498: [17:27:51]root         140       2  0 Feb09 ?        00:00:00 [kworker/20:0H-events_highpri]
172751.499: [17:27:51]root         141       2  0 Feb09 ?        00:00:00 [cpuhp/21]
172751.499: [17:27:51]root         142       2  0 Feb09 ?        00:00:00 [idle_inject/21]
172751.499: [17:27:51]root         143       2  0 Feb09 ?        00:00:09 [migration/21]
172751.499: [17:27:51]root         144       2  0 Feb09 ?        00:00:00 [ksoftirqd/21]
172751.499: [17:27:51]root         146       2  0 Feb09 ?        00:00:00 [kworker/21:0H-events_highpri]
172751.499: [17:27:51]root         147       2  0 Feb09 ?        00:00:00 [cpuhp/22]
172751.499: [17:27:51]root         148       2  0 Feb09 ?        00:00:00 [idle_inject/22]
172751.499: [17:27:51]root         149       2  0 Feb09 ?        00:00:09 [migration/22]
172751.499: [17:27:51]root         150       2  0 Feb09 ?        00:00:00 [ksoftirqd/22]
172751.499: [17:27:51]root         152       2  0 Feb09 ?        00:00:00 [kworker/22:0H-events_highpri]
172751.499: [17:27:51]root         153       2  0 Feb09 ?        00:00:00 [cpuhp/23]
172751.499: [17:27:51]root         154       2  0 Feb09 ?        00:00:00 [idle_inject/23]
172751.499: [17:27:51]root         155       2  0 Feb09 ?        00:00:09 [migration/23]
172751.499: [17:27:51]root         156       2  0 Feb09 ?        00:00:00 [ksoftirqd/23]
172751.499: [17:27:51]root         158       2  0 Feb09 ?        00:00:00 [kworker/23:0H-events_highpri]
172751.499: [17:27:51]root         159       2  0 Feb09 ?        00:00:00 [cpuhp/24]
172751.499: [17:27:51]root         160       2  0 Feb09 ?        00:00:00 [idle_inject/24]
172751.499: [17:27:51]root         161       2  0 Feb09 ?        00:00:09 [migration/24]
172751.499: [17:27:51]root         162       2  0 Feb09 ?        00:00:00 [ksoftirqd/24]
172751.499: [17:27:51]root         164       2  0 Feb09 ?        00:00:00 [kworker/24:0H-events_highpri]
172751.499: [17:27:51]root         165       2  0 Feb09 ?        00:00:00 [cpuhp/25]
172751.499: [17:27:51]root         166       2  0 Feb09 ?        00:00:00 [idle_inject/25]
172751.499: [17:27:51]root         167       2  0 Feb09 ?        00:00:09 [migration/25]
172751.499: [17:27:51]root         168       2  0 Feb09 ?        00:00:00 [ksoftirqd/25]
172751.499: [17:27:51]root         170       2  0 Feb09 ?        00:00:00 [kworker/25:0H-events_highpri]
172751.500: [17:27:51]root         171       2  0 Feb09 ?        00:00:00 [cpuhp/26]
172751.500: [17:27:51]root         172       2  0 Feb09 ?        00:00:00 [idle_inject/26]
172751.500: [17:27:51]root         173       2  0 Feb09 ?        00:00:09 [migration/26]
172751.500: [17:27:51]root         174       2  0 Feb09 ?        00:00:00 [ksoftirqd/26]
172751.500: [17:27:51]root         176       2  0 Feb09 ?        00:00:00 [kworker/26:0H-events_highpri]
172751.500: [17:27:51]root         177       2  0 Feb09 ?        00:00:00 [cpuhp/27]
172751.501: [17:27:51]root         178       2  0 Feb09 ?        00:00:00 [idle_inject/27]
172751.501: [17:27:51]root         179       2  0 Feb09 ?        00:00:09 [migration/27]
172751.501: [17:27:51]root         180       2  0 Feb09 ?        00:00:00 [ksoftirqd/27]
172751.501: [17:27:51]root         182       2  0 Feb09 ?        00:00:00 [kworker/27:0H-events_highpri]
172751.501: [17:27:51]root         183       2  0 Feb09 ?        00:00:00 [cpuhp/28]
172751.501: [17:27:51]root         184       2  0 Feb09 ?        00:00:00 [idle_inject/28]
172751.501: [17:27:51]root         185       2  0 Feb09 ?        00:00:09 [migration/28]
172751.501: [17:27:51]root         186       2  0 Feb09 ?        00:00:00 [ksoftirqd/28]
172751.501: [17:27:51]root         188       2  0 Feb09 ?        00:00:00 [kworker/28:0H-events_highpri]
172751.501: [17:27:51]root         189       2  0 Feb09 ?        00:00:00 [cpuhp/29]
172751.501: [17:27:51]root         190       2  0 Feb09 ?        00:00:00 [idle_inject/29]
172751.501: [17:27:51]root         191       2  0 Feb09 ?        00:00:09 [migration/29]
172751.501: [17:27:51]root         192       2  0 Feb09 ?        00:00:00 [ksoftirqd/29]
172751.502: [17:27:51]root         194       2  0 Feb09 ?        00:00:00 [kworker/29:0H-events_highpri]
172751.502: [17:27:51]root         195       2  0 Feb09 ?        00:00:00 [cpuhp/30]
172751.502: [17:27:51]root         196       2  0 Feb09 ?        00:00:00 [idle_inject/30]
172751.502: [17:27:51]root         197       2  0 Feb09 ?        00:00:09 [migration/30]
172751.502: [17:27:51]root         198       2  0 Feb09 ?        00:00:00 [ksoftirqd/30]
172751.502: [17:27:51]root         200       2  0 Feb09 ?        00:00:00 [kworker/30:0H-events_highpri]
172751.502: [17:27:51]root         201       2  0 Feb09 ?        00:00:00 [cpuhp/31]
172751.502: [17:27:51]root         202       2  0 Feb09 ?        00:00:00 [idle_inject/31]
172751.502: [17:27:51]root         203       2  0 Feb09 ?        00:00:09 [migration/31]
172751.502: [17:27:51]root         204       2  0 Feb09 ?        00:00:00 [ksoftirqd/31]
172751.503: [17:27:51]root         206       2  0 Feb09 ?        00:00:00 [kworker/31:0H-events_highpri]
172751.503: [17:27:51]root         207       2  0 Feb09 ?        00:00:00 [cpuhp/32]
172751.503: [17:27:51]root         208       2  0 Feb09 ?        00:00:00 [idle_inject/32]
172751.503: [17:27:51]root         209       2  0 Feb09 ?        00:00:09 [migration/32]
172751.503: [17:27:51]root         210       2  0 Feb09 ?        00:00:01 [ksoftirqd/32]
172751.503: [17:27:51]root         212       2  0 Feb09 ?        00:00:00 [kworker/32:0H-events_highpri]
172751.503: [17:27:51]root         213       2  0 Feb09 ?        00:00:00 [cpuhp/33]
172751.503: [17:27:51]root         214       2  0 Feb09 ?        00:00:00 [idle_inject/33]
172751.503: [17:27:51]root         215       2  0 Feb09 ?        00:00:09 [migration/33]
172751.503: [17:27:51]root         216       2  0 Feb09 ?        00:00:00 [ksoftirqd/33]
172751.504: [17:27:51]root         218       2  0 Feb09 ?        00:00:00 [kworker/33:0H-events_highpri]
172751.504: [17:27:51]root         219       2  0 Feb09 ?        00:00:00 [cpuhp/34]
172751.504: [17:27:51]root         220       2  0 Feb09 ?        00:00:00 [idle_inject/34]
172751.504: [17:27:51]root         221       2  0 Feb09 ?        00:00:09 [migration/34]
172751.504: [17:27:51]root         222       2  0 Feb09 ?        00:00:00 [ksoftirqd/34]
172751.504: [17:27:51]root         224       2  0 Feb09 ?        00:00:00 [kworker/34:0H-events_highpri]
172751.504: [17:27:51]root         225       2  0 Feb09 ?        00:00:00 [cpuhp/35]
172751.504: [17:27:51]root         226       2  0 Feb09 ?        00:00:00 [idle_inject/35]
172751.504: [17:27:51]root         227       2  0 Feb09 ?        00:00:09 [migration/35]
172751.504: [17:27:51]root         228       2  0 Feb09 ?        00:00:00 [ksoftirqd/35]
172751.505: [17:27:51]root         230       2  0 Feb09 ?        00:00:00 [kworker/35:0H-events_highpri]
172751.505: [17:27:51]root         231       2  0 Feb09 ?        00:00:00 [cpuhp/36]
172751.505: [17:27:51]root         232       2  0 Feb09 ?        00:00:00 [idle_inject/36]
172751.505: [17:27:51]root         233       2  0 Feb09 ?        00:00:09 [migration/36]
172751.505: [17:27:51]root         234       2  0 Feb09 ?        00:00:00 [ksoftirqd/36]
172751.505: [17:27:51]root         236       2  0 Feb09 ?        00:00:00 [kworker/36:0H-events_highpri]
172751.505: [17:27:51]root         237       2  0 Feb09 ?        00:00:00 [cpuhp/37]
172751.505: [17:27:51]root         238       2  0 Feb09 ?        00:00:00 [idle_inject/37]
172751.505: [17:27:51]root         239       2  0 Feb09 ?        00:00:09 [migration/37]
172751.505: [17:27:51]root         240       2  0 Feb09 ?        00:00:00 [ksoftirqd/37]
172751.505: [17:27:51]root         242       2  0 Feb09 ?        00:00:00 [kworker/37:0H-events_highpri]
172751.506: [17:27:51]root         243       2  0 Feb09 ?        00:00:00 [cpuhp/38]
172751.506: [17:27:51]root         244       2  0 Feb09 ?        00:00:00 [idle_inject/38]
172751.512: [17:27:51]root         245       2  0 Feb09 ?        00:00:09 [migration/38]
172751.512: [17:27:51]root         246       2  0 Feb09 ?        00:00:00 [ksoftirqd/38]
172751.512: [17:27:51]root         248       2  0 Feb09 ?        00:00:00 [kworker/38:0H-events_highpri]
172751.512: [17:27:51]root         249       2  0 Feb09 ?        00:00:00 [cpuhp/39]
172751.512: [17:27:51]root         250       2  0 Feb09 ?        00:00:00 [idle_inject/39]
172751.512: [17:27:51]root         251       2  0 Feb09 ?        00:00:09 [migration/39]
172751.512: [17:27:51]root         252       2  0 Feb09 ?        00:00:00 [ksoftirqd/39]
172751.512: [17:27:51]root         254       2  0 Feb09 ?        00:00:00 [kworker/39:0H-events_highpri]
172751.512: [17:27:51]root         255       2  0 Feb09 ?        00:00:00 [cpuhp/40]
172751.512: [17:27:51]root         256       2  0 Feb09 ?        00:00:00 [idle_inject/40]
172751.512: [17:27:51]root         257       2  0 Feb09 ?        00:00:09 [migration/40]
172751.512: [17:27:51]root         258       2  0 Feb09 ?        00:00:00 [ksoftirqd/40]
172751.512: [17:27:51]root         260       2  0 Feb09 ?        00:00:00 [kworker/40:0H-events_highpri]
172751.512: [17:27:51]root         261       2  0 Feb09 ?        00:00:00 [cpuhp/41]
172751.512: [17:27:51]root         262       2  0 Feb09 ?        00:00:00 [idle_inject/41]
172751.512: [17:27:51]root         263       2  0 Feb09 ?        00:00:09 [migration/41]
172751.512: [17:27:51]root         264       2  0 Feb09 ?        00:00:00 [ksoftirqd/41]
172751.512: [17:27:51]root         266       2  0 Feb09 ?        00:00:00 [kworker/41:0H-events_highpri]
172751.513: [17:27:51]root         267       2  0 Feb09 ?        00:00:00 [cpuhp/42]
172751.513: [17:27:51]root         268       2  0 Feb09 ?        00:00:00 [idle_inject/42]
172751.513: [17:27:51]root         269       2  0 Feb09 ?        00:00:09 [migration/42]
172751.513: [17:27:51]root         270       2  0 Feb09 ?        00:00:00 [ksoftirqd/42]
172751.513: [17:27:51]root         272       2  0 Feb09 ?        00:00:00 [kworker/42:0H-events_highpri]
172751.513: [17:27:51]root         273       2  0 Feb09 ?        00:00:00 [cpuhp/43]
172751.513: [17:27:51]root         274       2  0 Feb09 ?        00:00:00 [idle_inject/43]
172751.513: [17:27:51]root         275       2  0 Feb09 ?        00:00:09 [migration/43]
172751.513: [17:27:51]root         276       2  0 Feb09 ?        00:00:00 [ksoftirqd/43]
172751.513: [17:27:51]root         278       2  0 Feb09 ?        00:00:00 [kworker/43:0H-events_highpri]
172751.513: [17:27:51]root         279       2  0 Feb09 ?        00:00:00 [cpuhp/44]
172751.513: [17:27:51]root         280       2  0 Feb09 ?        00:00:00 [idle_inject/44]
172751.513: [17:27:51]root         281       2  0 Feb09 ?        00:00:09 [migration/44]
172751.513: [17:27:51]root         282       2  0 Feb09 ?        00:00:00 [ksoftirqd/44]
172751.513: [17:27:51]root         284       2  0 Feb09 ?        00:00:00 [kworker/44:0H-events_highpri]
172751.513: [17:27:51]root         285       2  0 Feb09 ?        00:00:00 [cpuhp/45]
172751.513: [17:27:51]root         286       2  0 Feb09 ?        00:00:00 [idle_inject/45]
172751.513: [17:27:51]root         287       2  0 Feb09 ?        00:00:09 [migration/45]
172751.513: [17:27:51]root         288       2  0 Feb09 ?        00:00:00 [ksoftirqd/45]
172751.513: [17:27:51]root         290       2  0 Feb09 ?        00:00:00 [kworker/45:0H-events_highpri]
172751.513: [17:27:51]root         291       2  0 Feb09 ?        00:00:00 [cpuhp/46]
172751.513: [17:27:51]root         292       2  0 Feb09 ?        00:00:00 [idle_inject/46]
172751.513: [17:27:51]root         293       2  0 Feb09 ?        00:00:09 [migration/46]
172751.513: [17:27:51]root         294       2  0 Feb09 ?        00:00:00 [ksoftirqd/46]
172751.513: [17:27:51]root         296       2  0 Feb09 ?        00:00:00 [kworker/46:0H-events_highpri]
172751.513: [17:27:51]root         297       2  0 Feb09 ?        00:00:00 [cpuhp/47]
172751.513: [17:27:51]root         298       2  0 Feb09 ?        00:00:00 [idle_inject/47]
172751.514: [17:27:51]root         299       2  0 Feb09 ?        00:00:09 [migration/47]
172751.514: [17:27:51]root         300       2  0 Feb09 ?        00:00:00 [ksoftirqd/47]
172751.514: [17:27:51]root         302       2  0 Feb09 ?        00:00:00 [kworker/47:0H-events_highpri]
172751.514: [17:27:51]root         303       2  0 Feb09 ?        00:00:00 [cpuhp/48]
172751.514: [17:27:51]root         304       2  0 Feb09 ?        00:00:00 [idle_inject/48]
172751.514: [17:27:51]root         305       2  0 Feb09 ?        00:00:09 [migration/48]
172751.514: [17:27:51]root         306       2  0 Feb09 ?        00:00:00 [ksoftirqd/48]
172751.514: [17:27:51]root         308       2  0 Feb09 ?        00:00:00 [kworker/48:0H-events_highpri]
172751.514: [17:27:51]root         309       2  0 Feb09 ?        00:00:00 [cpuhp/49]
172751.514: [17:27:51]root         310       2  0 Feb09 ?        00:00:00 [idle_inject/49]
172751.514: [17:27:51]root         311       2  0 Feb09 ?        00:00:09 [migration/49]
172751.514: [17:27:51]root         312       2  0 Feb09 ?        00:00:00 [ksoftirqd/49]
172751.514: [17:27:51]root         314       2  0 Feb09 ?        00:00:00 [kworker/49:0H-events_highpri]
172751.514: [17:27:51]root         315       2  0 Feb09 ?        00:00:00 [cpuhp/50]
172751.514: [17:27:51]root         316       2  0 Feb09 ?        00:00:00 [idle_inject/50]
172751.514: [17:27:51]root         317       2  0 Feb09 ?        00:00:09 [migration/50]
172751.514: [17:27:51]root         318       2  0 Feb09 ?        00:00:00 [ksoftirqd/50]
172751.514: [17:27:51]root         320       2  0 Feb09 ?        00:00:00 [kworker/50:0H-events_highpri]
172751.514: [17:27:51]root         321       2  0 Feb09 ?        00:00:00 [cpuhp/51]
172751.514: [17:27:51]root         322       2  0 Feb09 ?        00:00:00 [idle_inject/51]
172751.514: [17:27:51]root         323       2  0 Feb09 ?        00:00:09 [migration/51]
172751.514: [17:27:51]root         324       2  0 Feb09 ?        00:00:00 [ksoftirqd/51]
172751.514: [17:27:51]root         326       2  0 Feb09 ?        00:00:00 [kworker/51:0H-events_highpri]
172751.515: [17:27:51]root         327       2  0 Feb09 ?        00:00:00 [cpuhp/52]
172751.515: [17:27:51]root         328       2  0 Feb09 ?        00:00:00 [idle_inject/52]
172751.515: [17:27:51]root         329       2  0 Feb09 ?        00:00:09 [migration/52]
172751.515: [17:27:51]root         330       2  0 Feb09 ?        00:00:00 [ksoftirqd/52]
172751.515: [17:27:51]root         332       2  0 Feb09 ?        00:00:00 [kworker/52:0H-events_highpri]
172751.515: [17:27:51]root         333       2  0 Feb09 ?        00:00:00 [cpuhp/53]
172751.515: [17:27:51]root         334       2  0 Feb09 ?        00:00:00 [idle_inject/53]
172751.515: [17:27:51]root         335       2  0 Feb09 ?        00:00:09 [migration/53]
172751.515: [17:27:51]root         336       2  0 Feb09 ?        00:00:00 [ksoftirqd/53]
172751.515: [17:27:51]root         338       2  0 Feb09 ?        00:00:00 [kworker/53:0H-kblockd]
172751.515: [17:27:51]root         339       2  0 Feb09 ?        00:00:00 [cpuhp/54]
172751.515: [17:27:51]root         340       2  0 Feb09 ?        00:00:00 [idle_inject/54]
172751.515: [17:27:51]root         341       2  0 Feb09 ?        00:00:09 [migration/54]
172751.515: [17:27:51]root         342       2  0 Feb09 ?        00:00:00 [ksoftirqd/54]
172751.515: [17:27:51]root         344       2  0 Feb09 ?        00:00:00 [kworker/54:0H-kblockd]
172751.515: [17:27:51]root         345       2  0 Feb09 ?        00:00:00 [cpuhp/55]
172751.515: [17:27:51]root         346       2  0 Feb09 ?        00:00:00 [idle_inject/55]
172751.515: [17:27:51]root         347       2  0 Feb09 ?        00:00:09 [migration/55]
172751.515: [17:27:51]root         348       2  0 Feb09 ?        00:00:00 [ksoftirqd/55]
172751.515: [17:27:51]root         350       2  0 Feb09 ?        00:00:00 [kworker/55:0H-events_highpri]
172751.515: [17:27:51]root         351       2  0 Feb09 ?        00:00:00 [cpuhp/56]
172751.515: [17:27:51]root         352       2  0 Feb09 ?        00:00:00 [idle_inject/56]
172751.515: [17:27:51]root         353       2  0 Feb09 ?        00:00:09 [migration/56]
172751.515: [17:27:51]root         354       2  0 Feb09 ?        00:00:01 [ksoftirqd/56]
172751.515: [17:27:51]root         356       2  0 Feb09 ?        00:00:00 [kworker/56:0H-kblockd]
172751.515: [17:27:51]root         357       2  0 Feb09 ?        00:00:00 [cpuhp/57]
172751.516: [17:27:51]root         358       2  0 Feb09 ?        00:00:00 [idle_inject/57]
172751.516: [17:27:51]root         359       2  0 Feb09 ?        00:00:09 [migration/57]
172751.516: [17:27:51]root         360       2  0 Feb09 ?        00:00:00 [ksoftirqd/57]
172751.516: [17:27:51]root         362       2  0 Feb09 ?        00:00:00 [kworker/57:0H-kblockd]
172751.516: [17:27:51]root         363       2  0 Feb09 ?        00:00:00 [cpuhp/58]
172751.516: [17:27:51]root         364       2  0 Feb09 ?        00:00:00 [idle_inject/58]
172751.516: [17:27:51]root         365       2  0 Feb09 ?        00:00:09 [migration/58]
172751.516: [17:27:51]root         366       2  0 Feb09 ?        00:00:00 [ksoftirqd/58]
172751.516: [17:27:51]root         368       2  0 Feb09 ?        00:00:00 [kworker/58:0H-kblockd]
172751.516: [17:27:51]root         369       2  0 Feb09 ?        00:00:00 [cpuhp/59]
172751.516: [17:27:51]root         370       2  0 Feb09 ?        00:00:00 [idle_inject/59]
172751.516: [17:27:51]root         371       2  0 Feb09 ?        00:00:09 [migration/59]
172751.516: [17:27:51]root         372       2  0 Feb09 ?        00:00:00 [ksoftirqd/59]
172751.516: [17:27:51]root         374       2  0 Feb09 ?        00:00:00 [kworker/59:0H-kblockd]
172751.516: [17:27:51]root         375       2  0 Feb09 ?        00:00:00 [cpuhp/60]
172751.516: [17:27:51]root         376       2  0 Feb09 ?        00:00:00 [idle_inject/60]
172751.516: [17:27:51]root         377       2  0 Feb09 ?        00:00:09 [migration/60]
172751.516: [17:27:51]root         378       2  0 Feb09 ?        00:00:00 [ksoftirqd/60]
172751.516: [17:27:51]root         380       2  0 Feb09 ?        00:00:00 [kworker/60:0H-events_highpri]
172751.516: [17:27:51]root         381       2  0 Feb09 ?        00:00:00 [cpuhp/61]
172751.516: [17:27:51]root         382       2  0 Feb09 ?        00:00:00 [idle_inject/61]
172751.516: [17:27:51]root         383       2  0 Feb09 ?        00:00:09 [migration/61]
172751.516: [17:27:51]root         384       2  0 Feb09 ?        00:00:00 [ksoftirqd/61]
172751.516: [17:27:51]root         386       2  0 Feb09 ?        00:00:00 [kworker/61:0H-events_highpri]
172751.516: [17:27:51]root         387       2  0 Feb09 ?        00:00:00 [cpuhp/62]
172751.516: [17:27:51]root         388       2  0 Feb09 ?        00:00:00 [idle_inject/62]
172751.517: [17:27:51]root         389       2  0 Feb09 ?        00:00:09 [migration/62]
172751.517: [17:27:51]root         390       2  0 Feb09 ?        00:00:00 [ksoftirqd/62]
172751.517: [17:27:51]root         392       2  0 Feb09 ?        00:00:00 [kworker/62:0H-kblockd]
172751.517: [17:27:51]root         393       2  0 Feb09 ?        00:00:00 [cpuhp/63]
172751.517: [17:27:51]root         394       2  0 Feb09 ?        00:00:00 [idle_inject/63]
172751.517: [17:27:51]root         395       2  0 Feb09 ?        00:00:09 [migration/63]
172751.517: [17:27:51]root         396       2  0 Feb09 ?        00:00:00 [ksoftirqd/63]
172751.517: [17:27:51]root         398       2  0 Feb09 ?        00:00:00 [kworker/63:0H-events_highpri]
172751.517: [17:27:51]root         399       2  0 Feb09 ?        00:00:00 [cpuhp/64]
172751.517: [17:27:51]root         400       2  0 Feb09 ?        00:00:00 [idle_inject/64]
172751.517: [17:27:51]root         401       2  0 Feb09 ?        00:00:10 [migration/64]
172751.517: [17:27:51]root         402       2  0 Feb09 ?        00:00:00 [ksoftirqd/64]
172751.517: [17:27:51]root         404       2  0 Feb09 ?        00:00:00 [kworker/64:0H-events_highpri]
172751.517: [17:27:51]root         405       2  0 Feb09 ?        00:00:00 [cpuhp/65]
172751.517: [17:27:51]root         406       2  0 Feb09 ?        00:00:00 [idle_inject/65]
172751.517: [17:27:51]root         407       2  0 Feb09 ?        00:00:09 [migration/65]
172751.517: [17:27:51]root         408       2  0 Feb09 ?        00:00:00 [ksoftirqd/65]
172751.517: [17:27:51]root         410       2  0 Feb09 ?        00:00:00 [kworker/65:0H-events_highpri]
172751.517: [17:27:51]root         411       2  0 Feb09 ?        00:00:00 [cpuhp/66]
172751.517: [17:27:51]root         412       2  0 Feb09 ?        00:00:00 [idle_inject/66]
172751.517: [17:27:51]root         413       2  0 Feb09 ?        00:00:09 [migration/66]
172751.517: [17:27:51]root         414       2  0 Feb09 ?        00:00:00 [ksoftirqd/66]
172751.517: [17:27:51]root         416       2  0 Feb09 ?        00:00:00 [kworker/66:0H-events_highpri]
172751.517: [17:27:51]root         417       2  0 Feb09 ?        00:00:00 [cpuhp/67]
172751.517: [17:27:51]root         418       2  0 Feb09 ?        00:00:00 [idle_inject/67]
172751.517: [17:27:51]root         419       2  0 Feb09 ?        00:00:09 [migration/67]
172751.517: [17:27:51]root         420       2  0 Feb09 ?        00:00:00 [ksoftirqd/67]
172751.518: [17:27:51]root         422       2  0 Feb09 ?        00:00:00 [kworker/67:0H-events_highpri]
172751.518: [17:27:51]root         423       2  0 Feb09 ?        00:00:00 [cpuhp/68]
172751.518: [17:27:51]root         424       2  0 Feb09 ?        00:00:00 [idle_inject/68]
172751.518: [17:27:51]root         425       2  0 Feb09 ?        00:00:09 [migration/68]
172751.518: [17:27:51]root         426       2  0 Feb09 ?        00:00:00 [ksoftirqd/68]
172751.518: [17:27:51]root         428       2  0 Feb09 ?        00:00:00 [kworker/68:0H-events_highpri]
172751.518: [17:27:51]root         429       2  0 Feb09 ?        00:00:00 [cpuhp/69]
172751.518: [17:27:51]root         430       2  0 Feb09 ?        00:00:00 [idle_inject/69]
172751.518: [17:27:51]root         431       2  0 Feb09 ?        00:00:09 [migration/69]
172751.518: [17:27:51]root         432       2  0 Feb09 ?        00:00:00 [ksoftirqd/69]
172751.518: [17:27:51]root         434       2  0 Feb09 ?        00:00:00 [kworker/69:0H-events_highpri]
172751.518: [17:27:51]root         435       2  0 Feb09 ?        00:00:00 [cpuhp/70]
172751.518: [17:27:51]root         436       2  0 Feb09 ?        00:00:00 [idle_inject/70]
172751.518: [17:27:51]root         437       2  0 Feb09 ?        00:00:09 [migration/70]
172751.518: [17:27:51]root         438       2  0 Feb09 ?        00:00:00 [ksoftirqd/70]
172751.518: [17:27:51]root         440       2  0 Feb09 ?        00:00:00 [kworker/70:0H-kblockd]
172751.518: [17:27:51]root         441       2  0 Feb09 ?        00:00:00 [cpuhp/71]
172751.518: [17:27:51]root         442       2  0 Feb09 ?        00:00:00 [idle_inject/71]
172751.518: [17:27:51]root         443       2  0 Feb09 ?        00:00:09 [migration/71]
172751.518: [17:27:51]root         444       2  0 Feb09 ?        00:00:00 [ksoftirqd/71]
172751.518: [17:27:51]root         446       2  0 Feb09 ?        00:00:00 [kworker/71:0H-events_highpri]
172751.518: [17:27:51]root         447       2  0 Feb09 ?        00:00:00 [cpuhp/72]
172751.518: [17:27:51]root         448       2  0 Feb09 ?        00:00:00 [idle_inject/72]
172751.518: [17:27:51]root         449       2  0 Feb09 ?        00:00:09 [migration/72]
172751.518: [17:27:51]root         450       2  0 Feb09 ?        00:00:00 [ksoftirqd/72]
172751.519: [17:27:51]root         452       2  0 Feb09 ?        00:00:00 [kworker/72:0H-events_highpri]
172751.519: [17:27:51]root         453       2  0 Feb09 ?        00:00:00 [cpuhp/73]
172751.519: [17:27:51]root         454       2  0 Feb09 ?        00:00:00 [idle_inject/73]
172751.519: [17:27:51]root         455       2  0 Feb09 ?        00:00:09 [migration/73]
172751.519: [17:27:51]root         456       2  0 Feb09 ?        00:00:00 [ksoftirqd/73]
172751.519: [17:27:51]root         458       2  0 Feb09 ?        00:00:00 [kworker/73:0H-events_highpri]
172751.519: [17:27:51]root         459       2  0 Feb09 ?        00:00:00 [cpuhp/74]
172751.519: [17:27:51]root         460       2  0 Feb09 ?        00:00:00 [idle_inject/74]
172751.519: [17:27:51]root         461       2  0 Feb09 ?        00:00:09 [migration/74]
172751.519: [17:27:51]root         462       2  0 Feb09 ?        00:00:00 [ksoftirqd/74]
172751.519: [17:27:51]root         464       2  0 Feb09 ?        00:00:00 [kworker/74:0H-kblockd]
172751.519: [17:27:51]root         465       2  0 Feb09 ?        00:00:00 [cpuhp/75]
172751.519: [17:27:51]root         466       2  0 Feb09 ?        00:00:00 [idle_inject/75]
172751.519: [17:27:51]root         467       2  0 Feb09 ?        00:00:09 [migration/75]
172751.519: [17:27:51]root         468       2  0 Feb09 ?        00:00:00 [ksoftirqd/75]
172751.519: [17:27:51]root         470       2  0 Feb09 ?        00:00:00 [kworker/75:0H-events_highpri]
172751.519: [17:27:51]root         471       2  0 Feb09 ?        00:00:00 [cpuhp/76]
172751.519: [17:27:51]root         472       2  0 Feb09 ?        00:00:00 [idle_inject/76]
172751.519: [17:27:51]root         473       2  0 Feb09 ?        00:00:09 [migration/76]
172751.519: [17:27:51]root         474       2  0 Feb09 ?        00:00:00 [ksoftirqd/76]
172751.519: [17:27:51]root         476       2  0 Feb09 ?        00:00:00 [kworker/76:0H-events_highpri]
172751.519: [17:27:51]root         477       2  0 Feb09 ?        00:00:00 [cpuhp/77]
172751.519: [17:27:51]root         478       2  0 Feb09 ?        00:00:00 [idle_inject/77]
172751.519: [17:27:51]root         479       2  0 Feb09 ?        00:00:09 [migration/77]
172751.519: [17:27:51]root         480       2  0 Feb09 ?        00:00:00 [ksoftirqd/77]
172751.520: [17:27:51]root         482       2  0 Feb09 ?        00:00:00 [kworker/77:0H-events_highpri]
172751.520: [17:27:51]root         483       2  0 Feb09 ?        00:00:00 [cpuhp/78]
172751.520: [17:27:51]root         484       2  0 Feb09 ?        00:00:00 [idle_inject/78]
172751.520: [17:27:51]root         485       2  0 Feb09 ?        00:00:09 [migration/78]
172751.520: [17:27:51]root         486       2  0 Feb09 ?        00:00:00 [ksoftirqd/78]
172751.520: [17:27:51]root         488       2  0 Feb09 ?        00:00:00 [kworker/78:0H-kblockd]
172751.520: [17:27:51]root         489       2  0 Feb09 ?        00:00:00 [cpuhp/79]
172751.520: [17:27:51]root         490       2  0 Feb09 ?        00:00:00 [idle_inject/79]
172751.520: [17:27:51]root         491       2  0 Feb09 ?        00:00:09 [migration/79]
172751.520: [17:27:51]root         492       2  0 Feb09 ?        00:00:00 [ksoftirqd/79]
172751.520: [17:27:51]root         494       2  0 Feb09 ?        00:00:00 [kworker/79:0H-events_highpri]
172751.520: [17:27:51]root         495       2  0 Feb09 ?        00:00:00 [cpuhp/80]
172751.520: [17:27:51]root         496       2  0 Feb09 ?        00:00:00 [idle_inject/80]
172751.520: [17:27:51]root         497       2  0 Feb09 ?        00:00:09 [migration/80]
172751.520: [17:27:51]root         498       2  0 Feb09 ?        00:00:00 [ksoftirqd/80]
172751.520: [17:27:51]root         500       2  0 Feb09 ?        00:00:00 [kworker/80:0H-events_highpri]
172751.520: [17:27:51]root         501       2  0 Feb09 ?        00:00:00 [cpuhp/81]
172751.520: [17:27:51]root         502       2  0 Feb09 ?        00:00:00 [idle_inject/81]
172751.520: [17:27:51]root         503       2  0 Feb09 ?        00:00:09 [migration/81]
172751.520: [17:27:51]root         504       2  0 Feb09 ?        00:00:00 [ksoftirqd/81]
172751.520: [17:27:51]root         506       2  0 Feb09 ?        00:00:00 [kworker/81:0H-events_highpri]
172751.520: [17:27:51]root         507       2  0 Feb09 ?        00:00:00 [cpuhp/82]
172751.520: [17:27:51]root         508       2  0 Feb09 ?        00:00:00 [idle_inject/82]
172751.520: [17:27:51]root         509       2  0 Feb09 ?        00:00:09 [migration/82]
172751.520: [17:27:51]root         510       2  0 Feb09 ?        00:00:00 [ksoftirqd/82]
172751.520: [17:27:51]root         512       2  0 Feb09 ?        00:00:00 [kworker/82:0H-events_highpri]
172751.520: [17:27:51]root         513       2  0 Feb09 ?        00:00:00 [cpuhp/83]
172751.520: [17:27:51]root         514       2  0 Feb09 ?        00:00:00 [idle_inject/83]
172751.520: [17:27:51]root         515       2  0 Feb09 ?        00:00:09 [migration/83]
172751.521: [17:27:51]root         516       2  0 Feb09 ?        00:00:00 [ksoftirqd/83]
172751.521: [17:27:51]root         518       2  0 Feb09 ?        00:00:00 [kworker/83:0H-events_highpri]
172751.521: [17:27:51]root         519       2  0 Feb09 ?        00:00:00 [cpuhp/84]
172751.521: [17:27:51]root         520       2  0 Feb09 ?        00:00:00 [idle_inject/84]
172751.521: [17:27:51]root         521       2  0 Feb09 ?        00:00:09 [migration/84]
172751.521: [17:27:51]root         522       2  0 Feb09 ?        00:00:00 [ksoftirqd/84]
172751.521: [17:27:51]root         524       2  0 Feb09 ?        00:00:00 [kworker/84:0H-events_highpri]
172751.521: [17:27:51]root         525       2  0 Feb09 ?        00:00:00 [cpuhp/85]
172751.521: [17:27:51]root         526       2  0 Feb09 ?        00:00:00 [idle_inject/85]
172751.521: [17:27:51]root         527       2  0 Feb09 ?        00:00:09 [migration/85]
172751.521: [17:27:51]root         528       2  0 Feb09 ?        00:00:00 [ksoftirqd/85]
172751.521: [17:27:51]root         530       2  0 Feb09 ?        00:00:00 [kworker/85:0H-events_highpri]
172751.521: [17:27:51]root         531       2  0 Feb09 ?        00:00:00 [cpuhp/86]
172751.521: [17:27:51]root         532       2  0 Feb09 ?        00:00:00 [idle_inject/86]
172751.521: [17:27:51]root         533       2  0 Feb09 ?        00:00:09 [migration/86]
172751.521: [17:27:51]root         534       2  0 Feb09 ?        00:00:00 [ksoftirqd/86]
172751.521: [17:27:51]root         536       2  0 Feb09 ?        00:00:00 [kworker/86:0H-events_highpri]
172751.521: [17:27:51]root         537       2  0 Feb09 ?        00:00:00 [cpuhp/87]
172751.521: [17:27:51]root         538       2  0 Feb09 ?        00:00:00 [idle_inject/87]
172751.521: [17:27:51]root         539       2  0 Feb09 ?        00:00:09 [migration/87]
172751.521: [17:27:51]root         540       2  0 Feb09 ?        00:00:00 [ksoftirqd/87]
172751.521: [17:27:51]root         542       2  0 Feb09 ?        00:00:00 [kworker/87:0H-events_highpri]
172751.521: [17:27:51]root         543       2  0 Feb09 ?        00:00:00 [cpuhp/88]
172751.521: [17:27:51]root         544       2  0 Feb09 ?        00:00:00 [idle_inject/88]
172751.521: [17:27:51]root         545       2  0 Feb09 ?        00:00:09 [migration/88]
172751.522: [17:27:51]root         546       2  0 Feb09 ?        00:00:00 [ksoftirqd/88]
172751.522: [17:27:51]root         548       2  0 Feb09 ?        00:00:00 [kworker/88:0H-events_highpri]
172751.522: [17:27:51]root         549       2  0 Feb09 ?        00:00:00 [cpuhp/89]
172751.522: [17:27:51]root         550       2  0 Feb09 ?        00:00:00 [idle_inject/89]
172751.522: [17:27:51]root         551       2  0 Feb09 ?        00:00:09 [migration/89]
172751.522: [17:27:51]root         552       2  0 Feb09 ?        00:00:00 [ksoftirqd/89]
172751.522: [17:27:51]root         554       2  0 Feb09 ?        00:00:00 [kworker/89:0H-events_highpri]
172751.522: [17:27:51]root         555       2  0 Feb09 ?        00:00:00 [cpuhp/90]
172751.522: [17:27:51]root         556       2  0 Feb09 ?        00:00:00 [idle_inject/90]
172751.522: [17:27:51]root         557       2  0 Feb09 ?        00:00:09 [migration/90]
172751.522: [17:27:51]root         558       2  0 Feb09 ?        00:00:00 [ksoftirqd/90]
172751.522: [17:27:51]root         560       2  0 Feb09 ?        00:00:00 [kworker/90:0H-events_highpri]
172751.522: [17:27:51]root         561       2  0 Feb09 ?        00:00:00 [cpuhp/91]
172751.522: [17:27:51]root         562       2  0 Feb09 ?        00:00:00 [idle_inject/91]
172751.522: [17:27:51]root         563       2  0 Feb09 ?        00:00:09 [migration/91]
172751.522: [17:27:51]root         564       2  0 Feb09 ?        00:00:00 [ksoftirqd/91]
172751.522: [17:27:51]root         566       2  0 Feb09 ?        00:00:00 [kworker/91:0H-events_highpri]
172751.522: [17:27:51]root         567       2  0 Feb09 ?        00:00:00 [cpuhp/92]
172751.522: [17:27:51]root         568       2  0 Feb09 ?        00:00:00 [idle_inject/92]
172751.522: [17:27:51]root         569       2  0 Feb09 ?        00:00:09 [migration/92]
172751.522: [17:27:51]root         570       2  0 Feb09 ?        00:00:00 [ksoftirqd/92]
172751.522: [17:27:51]root         572       2  0 Feb09 ?        00:00:00 [kworker/92:0H-events_highpri]
172751.522: [17:27:51]root         573       2  0 Feb09 ?        00:00:00 [cpuhp/93]
172751.522: [17:27:51]root         574       2  0 Feb09 ?        00:00:00 [idle_inject/93]
172751.522: [17:27:51]root         575       2  0 Feb09 ?        00:00:09 [migration/93]
172751.522: [17:27:51]root         576       2  0 Feb09 ?        00:00:00 [ksoftirqd/93]
172751.522: [17:27:51]root         578       2  0 Feb09 ?        00:00:00 [kworker/93:0H-events_highpri]
172751.522: [17:27:51]root         579       2  0 Feb09 ?        00:00:00 [cpuhp/94]
172751.522: [17:27:51]root         580       2  0 Feb09 ?        00:00:00 [idle_inject/94]
172751.523: [17:27:51]root         581       2  0 Feb09 ?        00:00:09 [migration/94]
172751.523: [17:27:51]root         582       2  0 Feb09 ?        00:00:00 [ksoftirqd/94]
172751.523: [17:27:51]root         584       2  0 Feb09 ?        00:00:00 [kworker/94:0H-events_highpri]
172751.523: [17:27:51]root         585       2  0 Feb09 ?        00:00:00 [cpuhp/95]
172751.523: [17:27:51]root         586       2  0 Feb09 ?        00:00:00 [idle_inject/95]
172751.523: [17:27:51]root         587       2  0 Feb09 ?        00:00:09 [migration/95]
172751.523: [17:27:51]root         588       2  0 Feb09 ?        00:00:01 [ksoftirqd/95]
172751.523: [17:27:51]root         590       2  0 Feb09 ?        00:00:00 [kworker/95:0H-events_highpri]
172751.523: [17:27:51]root         591       2  0 Feb09 ?        00:00:00 [cpuhp/96]
172751.523: [17:27:51]root         592       2  0 Feb09 ?        00:00:00 [idle_inject/96]
172751.523: [17:27:51]root         593       2  0 Feb09 ?        00:00:09 [migration/96]
172751.523: [17:27:51]root         594       2  0 Feb09 ?        00:00:00 [ksoftirqd/96]
172751.523: [17:27:51]root         596       2  0 Feb09 ?        00:00:00 [kworker/96:0H-events_highpri]
172751.523: [17:27:51]root         597       2  0 Feb09 ?        00:00:00 [cpuhp/97]
172751.523: [17:27:51]root         598       2  0 Feb09 ?        00:00:00 [idle_inject/97]
172751.523: [17:27:51]root         599       2  0 Feb09 ?        00:00:09 [migration/97]
172751.523: [17:27:51]root         600       2  0 Feb09 ?        00:00:00 [ksoftirqd/97]
172751.523: [17:27:51]root         602       2  0 Feb09 ?        00:00:00 [kworker/97:0H-events_highpri]
172751.523: [17:27:51]root         603       2  0 Feb09 ?        00:00:00 [cpuhp/98]
172751.523: [17:27:51]root         604       2  0 Feb09 ?        00:00:00 [idle_inject/98]
172751.523: [17:27:51]root         605       2  0 Feb09 ?        00:00:09 [migration/98]
172751.523: [17:27:51]root         606       2  0 Feb09 ?        00:00:00 [ksoftirqd/98]
172751.523: [17:27:51]root         608       2  0 Feb09 ?        00:00:00 [kworker/98:0H-events_highpri]
172751.523: [17:27:51]root         609       2  0 Feb09 ?        00:00:00 [cpuhp/99]
172751.523: [17:27:51]root         610       2  0 Feb09 ?        00:00:00 [idle_inject/99]
172751.523: [17:27:51]root         611       2  0 Feb09 ?        00:00:09 [migration/99]
172751.523: [17:27:51]root         612       2  0 Feb09 ?        00:00:00 [ksoftirqd/99]
172751.524: [17:27:51]root         614       2  0 Feb09 ?        00:00:00 [kworker/99:0H-events_highpri]
172751.524: [17:27:51]root         615       2  0 Feb09 ?        00:00:00 [cpuhp/100]
172751.524: [17:27:51]root         616       2  0 Feb09 ?        00:00:00 [idle_inject/100]
172751.524: [17:27:51]root         617       2  0 Feb09 ?        00:00:09 [migration/100]
172751.524: [17:27:51]root         618       2  0 Feb09 ?        00:00:00 [ksoftirqd/100]
172751.524: [17:27:51]root         620       2  0 Feb09 ?        00:00:00 [kworker/100:0H-kblockd]
172751.524: [17:27:51]root         621       2  0 Feb09 ?        00:00:00 [cpuhp/101]
172751.524: [17:27:51]root         622       2  0 Feb09 ?        00:00:00 [idle_inject/101]
172751.524: [17:27:51]root         623       2  0 Feb09 ?        00:00:09 [migration/101]
172751.524: [17:27:51]root         624       2  0 Feb09 ?        00:00:00 [ksoftirqd/101]
172751.524: [17:27:51]root         626       2  0 Feb09 ?        00:00:00 [kworker/101:0H-events_highpri]
172751.524: [17:27:51]root         627       2  0 Feb09 ?        00:00:00 [cpuhp/102]
172751.524: [17:27:51]root         628       2  0 Feb09 ?        00:00:00 [idle_inject/102]
172751.524: [17:27:51]root         629       2  0 Feb09 ?        00:00:09 [migration/102]
172751.524: [17:27:51]root         630       2  0 Feb09 ?        00:00:00 [ksoftirqd/102]
172751.524: [17:27:51]root         632       2  0 Feb09 ?        00:00:00 [kworker/102:0H-events_highpri]
172751.524: [17:27:51]root         633       2  0 Feb09 ?        00:00:00 [cpuhp/103]
172751.524: [17:27:51]root         634       2  0 Feb09 ?        00:00:00 [idle_inject/103]
172751.524: [17:27:51]root         635       2  0 Feb09 ?        00:00:09 [migration/103]
172751.524: [17:27:51]root         636       2  0 Feb09 ?        00:00:00 [ksoftirqd/103]
172751.524: [17:27:51]root         638       2  0 Feb09 ?        00:00:00 [kworker/103:0H-events_highpri]
172751.524: [17:27:51]root         639       2  0 Feb09 ?        00:00:00 [cpuhp/104]
172751.524: [17:27:51]root         640       2  0 Feb09 ?        00:00:00 [idle_inject/104]
172751.524: [17:27:51]root         641       2  0 Feb09 ?        00:00:09 [migration/104]
172751.524: [17:27:51]root         642       2  0 Feb09 ?        00:00:00 [ksoftirqd/104]
172751.524: [17:27:51]root         644       2  0 Feb09 ?        00:00:00 [kworker/104:0H-events_highpri]
172751.524: [17:27:51]root         645       2  0 Feb09 ?        00:00:00 [cpuhp/105]
172751.524: [17:27:51]root         646       2  0 Feb09 ?        00:00:00 [idle_inject/105]
172751.524: [17:27:51]root         647       2  0 Feb09 ?        00:00:09 [migration/105]
172751.524: [17:27:51]root         648       2  0 Feb09 ?        00:00:00 [ksoftirqd/105]
172751.524: [17:27:51]root         650       2  0 Feb09 ?        00:00:00 [kworker/105:0H-events_highpri]
172751.525: [17:27:51]root         651       2  0 Feb09 ?        00:00:00 [cpuhp/106]
172751.525: [17:27:51]root         652       2  0 Feb09 ?        00:00:00 [idle_inject/106]
172751.525: [17:27:51]root         653       2  0 Feb09 ?        00:00:09 [migration/106]
172751.525: [17:27:51]root         654       2  0 Feb09 ?        00:00:00 [ksoftirqd/106]
172751.525: [17:27:51]root         656       2  0 Feb09 ?        00:00:00 [kworker/106:0H-events_highpri]
172751.525: [17:27:51]root         657       2  0 Feb09 ?        00:00:00 [cpuhp/107]
172751.525: [17:27:51]root         658       2  0 Feb09 ?        00:00:00 [idle_inject/107]
172751.525: [17:27:51]root         659       2  0 Feb09 ?        00:00:09 [migration/107]
172751.525: [17:27:51]root         660       2  0 Feb09 ?        00:00:00 [ksoftirqd/107]
172751.525: [17:27:51]root         662       2  0 Feb09 ?        00:00:00 [kworker/107:0H-events_highpri]
172751.525: [17:27:51]root         663       2  0 Feb09 ?        00:00:00 [cpuhp/108]
172751.525: [17:27:51]root         664       2  0 Feb09 ?        00:00:00 [idle_inject/108]
172751.525: [17:27:51]root         665       2  0 Feb09 ?        00:00:09 [migration/108]
172751.525: [17:27:51]root         666       2  0 Feb09 ?        00:00:00 [ksoftirqd/108]
172751.525: [17:27:51]root         668       2  0 Feb09 ?        00:00:00 [kworker/108:0H-events_highpri]
172751.525: [17:27:51]root         669       2  0 Feb09 ?        00:00:00 [cpuhp/109]
172751.525: [17:27:51]root         670       2  0 Feb09 ?        00:00:00 [idle_inject/109]
172751.525: [17:27:51]root         671       2  0 Feb09 ?        00:00:09 [migration/109]
172751.525: [17:27:51]root         672       2  0 Feb09 ?        00:00:00 [ksoftirqd/109]
172751.525: [17:27:51]root         674       2  0 Feb09 ?        00:00:00 [kworker/109:0H-events_highpri]
172751.525: [17:27:51]root         675       2  0 Feb09 ?        00:00:00 [cpuhp/110]
172751.525: [17:27:51]root         676       2  0 Feb09 ?        00:00:00 [idle_inject/110]
172751.525: [17:27:51]root         677       2  0 Feb09 ?        00:00:09 [migration/110]
172751.525: [17:27:51]root         678       2  0 Feb09 ?        00:00:00 [ksoftirqd/110]
172751.525: [17:27:51]root         680       2  0 Feb09 ?        00:00:00 [kworker/110:0H-events_highpri]
172751.525: [17:27:51]root         681       2  0 Feb09 ?        00:00:00 [cpuhp/111]
172751.526: [17:27:51]root         682       2  0 Feb09 ?        00:00:00 [idle_inject/111]
172751.526: [17:27:51]root         683       2  0 Feb09 ?        00:00:09 [migration/111]
172751.526: [17:27:51]root         684       2  0 Feb09 ?        00:00:00 [ksoftirqd/111]
172751.526: [17:27:51]root         686       2  0 Feb09 ?        00:00:00 [kworker/111:0H-events_highpri]
172751.526: [17:27:51]root         687       2  0 Feb09 ?        00:00:00 [cpuhp/112]
172751.526: [17:27:51]root         688       2  0 Feb09 ?        00:00:00 [idle_inject/112]
172751.526: [17:27:51]root         689       2  0 Feb09 ?        00:00:09 [migration/112]
172751.526: [17:27:51]root         690       2  0 Feb09 ?        00:00:00 [ksoftirqd/112]
172751.526: [17:27:51]root         692       2  0 Feb09 ?        00:00:00 [kworker/112:0H-events_highpri]
172751.526: [17:27:51]root         693       2  0 Feb09 ?        00:00:00 [cpuhp/113]
172751.526: [17:27:51]root         694       2  0 Feb09 ?        00:00:00 [idle_inject/113]
172751.526: [17:27:51]root         695       2  0 Feb09 ?        00:00:09 [migration/113]
172751.526: [17:27:51]root         696       2  0 Feb09 ?        00:00:00 [ksoftirqd/113]
172751.526: [17:27:51]root         698       2  0 Feb09 ?        00:00:00 [kworker/113:0H-events_highpri]
172751.526: [17:27:51]root         699       2  0 Feb09 ?        00:00:00 [cpuhp/114]
172751.526: [17:27:51]root         700       2  0 Feb09 ?        00:00:00 [idle_inject/114]
172751.526: [17:27:51]root         701       2  0 Feb09 ?        00:00:09 [migration/114]
172751.526: [17:27:51]root         702       2  0 Feb09 ?        00:00:00 [ksoftirqd/114]
172751.526: [17:27:51]root         704       2  0 Feb09 ?        00:00:00 [kworker/114:0H-events_highpri]
172751.526: [17:27:51]root         705       2  0 Feb09 ?        00:00:00 [cpuhp/115]
172751.526: [17:27:51]root         706       2  0 Feb09 ?        00:00:00 [idle_inject/115]
172751.526: [17:27:51]root         707       2  0 Feb09 ?        00:00:09 [migration/115]
172751.526: [17:27:51]root         708       2  0 Feb09 ?        00:00:00 [ksoftirqd/115]
172751.526: [17:27:51]root         710       2  0 Feb09 ?        00:00:00 [kworker/115:0H-events_highpri]
172751.526: [17:27:51]root         711       2  0 Feb09 ?        00:00:00 [cpuhp/116]
172751.526: [17:27:51]root         712       2  0 Feb09 ?        00:00:00 [idle_inject/116]
172751.526: [17:27:51]root         713       2  0 Feb09 ?        00:00:09 [migration/116]
172751.526: [17:27:51]root         714       2  0 Feb09 ?        00:00:00 [ksoftirqd/116]
172751.527: [17:27:51]root         716       2  0 Feb09 ?        00:00:00 [kworker/116:0H-kblockd]
172751.527: [17:27:51]root         717       2  0 Feb09 ?        00:00:00 [cpuhp/117]
172751.527: [17:27:51]root         718       2  0 Feb09 ?        00:00:00 [idle_inject/117]
172751.527: [17:27:51]root         719       2  0 Feb09 ?        00:00:09 [migration/117]
172751.527: [17:27:51]root         720       2  0 Feb09 ?        00:00:00 [ksoftirqd/117]
172751.527: [17:27:51]root         722       2  0 Feb09 ?        00:00:00 [kworker/117:0H-events_highpri]
172751.527: [17:27:51]root         723       2  0 Feb09 ?        00:00:00 [cpuhp/118]
172751.527: [17:27:51]root         724       2  0 Feb09 ?        00:00:00 [idle_inject/118]
172751.527: [17:27:51]root         725       2  0 Feb09 ?        00:00:09 [migration/118]
172751.527: [17:27:51]root         726       2  0 Feb09 ?        00:00:00 [ksoftirqd/118]
172751.527: [17:27:51]root         728       2  0 Feb09 ?        00:00:00 [kworker/118:0H-events_highpri]
172751.527: [17:27:51]root         729       2  0 Feb09 ?        00:00:00 [cpuhp/119]
172751.527: [17:27:51]root         730       2  0 Feb09 ?        00:00:00 [idle_inject/119]
172751.527: [17:27:51]root         731       2  0 Feb09 ?        00:00:09 [migration/119]
172751.527: [17:27:51]root         732       2  0 Feb09 ?        00:00:00 [ksoftirqd/119]
172751.527: [17:27:51]root         734       2  0 Feb09 ?        00:00:00 [kworker/119:0H-events_highpri]
172751.527: [17:27:51]root         735       2  0 Feb09 ?        00:00:00 [cpuhp/120]
172751.527: [17:27:51]root         736       2  0 Feb09 ?        00:00:00 [idle_inject/120]
172751.527: [17:27:51]root         737       2  0 Feb09 ?        00:00:09 [migration/120]
172751.527: [17:27:51]root         738       2  0 Feb09 ?        00:00:00 [ksoftirqd/120]
172751.527: [17:27:51]root         740       2  0 Feb09 ?        00:00:00 [kworker/120:0H-events_highpri]
172751.527: [17:27:51]root         741       2  0 Feb09 ?        00:00:00 [cpuhp/121]
172751.527: [17:27:51]root         742       2  0 Feb09 ?        00:00:00 [idle_inject/121]
172751.527: [17:27:51]root         743       2  0 Feb09 ?        00:00:09 [migration/121]
172751.527: [17:27:51]root         744       2  0 Feb09 ?        00:00:00 [ksoftirqd/121]
172751.527: [17:27:51]root         746       2  0 Feb09 ?        00:00:00 [kworker/121:0H-events_highpri]
172751.527: [17:27:51]root         747       2  0 Feb09 ?        00:00:00 [cpuhp/122]
172751.527: [17:27:51]root         748       2  0 Feb09 ?        00:00:00 [idle_inject/122]
172751.527: [17:27:51]root         749       2  0 Feb09 ?        00:00:09 [migration/122]
172751.527: [17:27:51]root         750       2  0 Feb09 ?        00:00:00 [ksoftirqd/122]
172751.528: [17:27:51]root         752       2  0 Feb09 ?        00:00:00 [kworker/122:0H-events_highpri]
172751.528: [17:27:51]root         753       2  0 Feb09 ?        00:00:00 [cpuhp/123]
172751.528: [17:27:51]root         754       2  0 Feb09 ?        00:00:00 [idle_inject/123]
172751.528: [17:27:51]root         755       2  0 Feb09 ?        00:00:09 [migration/123]
172751.528: [17:27:51]root         756       2  0 Feb09 ?        00:00:00 [ksoftirqd/123]
172751.528: [17:27:51]root         758       2  0 Feb09 ?        00:00:00 [kworker/123:0H-events_highpri]
172751.528: [17:27:51]root         759       2  0 Feb09 ?        00:00:00 [cpuhp/124]
172751.528: [17:27:51]root         760       2  0 Feb09 ?        00:00:00 [idle_inject/124]
172751.528: [17:27:51]root         761       2  0 Feb09 ?        00:00:09 [migration/124]
172751.528: [17:27:51]root         762       2  0 Feb09 ?        00:00:00 [ksoftirqd/124]
172751.528: [17:27:51]root         764       2  0 Feb09 ?        00:00:00 [kworker/124:0H-events_highpri]
172751.528: [17:27:51]root         765       2  0 Feb09 ?        00:00:00 [cpuhp/125]
172751.528: [17:27:51]root         766       2  0 Feb09 ?        00:00:00 [idle_inject/125]
172751.528: [17:27:51]root         767       2  0 Feb09 ?        00:00:09 [migration/125]
172751.528: [17:27:51]root         768       2  0 Feb09 ?        00:00:00 [ksoftirqd/125]
172751.528: [17:27:51]root         770       2  0 Feb09 ?        00:00:00 [kworker/125:0H-events_highpri]
172751.528: [17:27:51]root         771       2  0 Feb09 ?        00:00:00 [cpuhp/126]
172751.528: [17:27:51]root         772       2  0 Feb09 ?        00:00:00 [idle_inject/126]
172751.528: [17:27:51]root         773       2  0 Feb09 ?        00:00:09 [migration/126]
172751.528: [17:27:51]root         774       2  0 Feb09 ?        00:00:00 [ksoftirqd/126]
172751.528: [17:27:51]root         776       2  0 Feb09 ?        00:00:00 [kworker/126:0H-events_highpri]
172751.528: [17:27:51]root         777       2  0 Feb09 ?        00:00:00 [cpuhp/127]
172751.528: [17:27:51]root         778       2  0 Feb09 ?        00:00:00 [idle_inject/127]
172751.528: [17:27:51]root         779       2  0 Feb09 ?        00:00:09 [migration/127]
172751.528: [17:27:51]root         780       2  0 Feb09 ?        00:00:00 [ksoftirqd/127]
172751.528: [17:27:51]root         782       2  0 Feb09 ?        00:00:00 [kworker/127:0H-events_highpri]
172751.528: [17:27:51]root         785       2  0 Feb09 ?        00:00:00 [kdevtmpfs]
172751.528: [17:27:51]root         786       2  0 Feb09 ?        00:00:00 [kworker/R-inet_]
172751.528: [17:27:51]root         788       2  0 Feb09 ?        00:00:00 [kauditd]
172751.529: [17:27:51]root         792       2  0 Feb09 ?        00:00:06 [khungtaskd]
172751.529: [17:27:51]root         794       2  0 Feb09 ?        00:00:00 [oom_reaper]
172751.529: [17:27:51]root         795       2  0 Feb09 ?        00:00:00 [kworker/R-write]
172751.529: [17:27:51]root         796       2  0 Feb09 ?        00:00:41 [kcompactd0]
172751.529: [17:27:51]root         797       2  0 Feb09 ?        00:00:39 [kcompactd1]
172751.529: [17:27:51]root         798       2  0 Feb09 ?        00:00:00 [ksmd]
172751.529: [17:27:51]root         799       2  0 Feb09 ?        00:00:00 [khugepaged]
172751.529: [17:27:51]root         800       2  0 Feb09 ?        00:00:00 [kworker/R-kinte]
172751.529: [17:27:51]root         801       2  0 Feb09 ?        00:00:00 [kworker/R-kbloc]
172751.529: [17:27:51]root         802       2  0 Feb09 ?        00:00:00 [kworker/R-blkcg]
172751.529: [17:27:51]root         803       2  0 Feb09 ?        00:16:29 [irq/9-acpi]
172751.529: [17:27:51]root         809       2  0 Feb09 ?        00:00:00 [kworker/R-tpm_d]
172751.529: [17:27:51]root         810       2  0 Feb09 ?        00:00:00 [kworker/R-ata_s]
172751.529: [17:27:51]root         811       2  0 Feb09 ?        00:00:00 [kworker/R-md]
172751.529: [17:27:51]root         812       2  0 Feb09 ?        00:00:00 [kworker/R-md_bi]
172751.529: [17:27:51]root         813       2  0 Feb09 ?        00:00:00 [kworker/R-edac-]
172751.529: [17:27:51]root         815       2  0 Feb09 ?        00:00:00 [kworker/R-devfr]
172751.529: [17:27:51]root         816       2  0 Feb09 ?        00:00:00 [watchdogd]
172751.529: [17:27:51]root         818       2  0 Feb09 ?        00:00:00 [kworker/0:1H-events_highpri]
172751.529: [17:27:51]root         819       2  0 Feb09 ?        00:00:00 [irq/38-dmar12-prq]
172751.529: [17:27:51]root         820       2  0 Feb09 ?        00:00:00 [irq/39-dmar6-prq]
172751.529: [17:27:51]root         823       2  0 Feb09 ?        00:00:00 [kswapd0]
172751.529: [17:27:51]root         824       2  0 Feb09 ?        00:00:00 [kswapd1]
172751.529: [17:27:51]root         825       2  0 Feb09 ?        00:00:00 [ecryptfs-kthread]
172751.529: [17:27:51]root         826       2  0 Feb09 ?        00:00:00 [kworker/R-kthro]
172751.529: [17:27:51]root         827       2  0 Feb09 ?        00:00:00 [irq/43-pciehp]
172751.529: [17:27:51]root         828       2  0 Feb09 ?        00:00:00 [irq/44-pciehp]
172751.529: [17:27:51]root         829       2  0 Feb09 ?        00:00:00 [irq/46-pciehp]
172751.529: [17:27:51]root         830       2  0 Feb09 ?        00:00:00 [irq/48-pciehp]
172751.529: [17:27:51]root         831       2  0 Feb09 ?        00:00:00 [irq/50-pciehp]
172751.529: [17:27:51]root         832       2  0 Feb09 ?        00:00:00 [irq/52-pciehp]
172751.529: [17:27:51]root         834       2  0 Feb09 ?        00:00:00 [irq/55-pciehp]
172751.529: [17:27:51]root         835       2  0 Feb09 ?        00:00:00 [irq/56-pciehp]
172751.529: [17:27:51]root         836       2  0 Feb09 ?        00:00:00 [irq/58-pciehp]
172751.530: [17:27:51]root         837       2  0 Feb09 ?        00:00:00 [irq/60-pciehp]
172751.530: [17:27:51]root         838       2  0 Feb09 ?        00:00:00 [irq/62-pciehp]
172751.530: [17:27:51]root         839       2  0 Feb09 ?        00:00:00 [irq/64-pciehp]
172751.530: [17:27:51]root         840       2  0 Feb09 ?        00:00:00 [kworker/R-acpi_]
172751.530: [17:27:51]root         841       2  0 Feb09 ?        00:00:00 [kworker/R-hfi-u]
172751.530: [17:27:51]root         844       2  0 Feb09 ?        00:00:00 [kworker/R-mld]
172751.530: [17:27:51]root         845       2  0 Feb09 ?        00:00:00 [kworker/65:1H-kblockd]
172751.530: [17:27:51]root         846       2  0 Feb09 ?        00:00:00 [kworker/R-ipv6_]
172751.530: [17:27:51]root         853       2  0 Feb09 ?        00:00:00 [kworker/R-kstrp]
172751.530: [17:27:51]root         889       2  0 Feb09 ?        00:00:00 [kworker/u259:0]
172751.530: [17:27:51]root         890       2  0 Feb09 ?        00:00:00 [kworker/u260:0]
172751.530: [17:27:51]root         891       2  0 Feb09 ?        00:00:00 [kworker/u261:0]
172751.530: [17:27:51]root         896       2  0 Feb09 ?        00:00:00 [kworker/R-crypt]
172751.530: [17:27:51]root         909       2  0 Feb09 ?        00:00:00 [kworker/R-charg]
172751.530: [17:27:51]root         939       2  0 Feb09 ?        00:00:00 [kworker/87:1H-kblockd]
172751.530: [17:27:51]root         943       2  0 Feb09 ?        00:00:00 [kworker/95:1H-events_highpri]
172751.530: [17:27:51]root         946       2  0 Feb09 ?        00:00:00 [kworker/124:1H-kblockd]
172751.530: [17:27:51]root         987       2  0 Feb09 ?        00:00:00 [kworker/34:1H-kblockd]
172751.530: [17:27:51]root        1062       2  0 Feb09 ?        00:00:00 [kworker/2:1H]
172751.530: [17:27:51]root        1063       2  0 Feb09 ?        00:00:00 [kworker/3:1H-kblockd]
172751.530: [17:27:51]root        1064       2  0 Feb09 ?        00:00:00 [kworker/11:1H-events_highpri]
172751.530: [17:27:51]root        1065       2  0 Feb09 ?        00:00:00 [kworker/12:1H-events_highpri]
172751.530: [17:27:51]root        1066       2  0 Feb09 ?        00:00:00 [kworker/10:1H-kblockd]
172751.530: [17:27:51]root        1067       2  0 Feb09 ?        00:00:00 [kworker/8:1H-kblockd]
172751.530: [17:27:51]root        1069       2  0 Feb09 ?        00:00:00 [kworker/1:1H-kblockd]
172751.530: [17:27:51]root        1070       2  0 Feb09 ?        00:00:00 [kworker/5:1H-kblockd]
172751.530: [17:27:51]root        1071       2  0 Feb09 ?        00:00:00 [kworker/6:1H-kblockd]
172751.531: [17:27:51]root        1072       2  0 Feb09 ?        00:00:00 [kworker/64:1H-events_highpri]
172751.531: [17:27:51]root        1073       2  0 Feb09 ?        00:00:00 [kworker/68:1H-kblockd]
172751.531: [17:27:51]root        1074       2  0 Feb09 ?        00:00:00 [kworker/7:1H-kblockd]
172751.531: [17:27:51]root        1075       2  0 Feb09 ?        00:00:00 [kworker/9:1H]
172751.531: [17:27:51]root        1076       2  0 Feb09 ?        00:00:00 [kworker/4:1H-kblockd]
172751.531: [17:27:51]root        1077       2  0 Feb09 ?        00:00:00 [kworker/14:1H-kblockd]
172751.531: [17:27:51]root        1078       2  0 Feb09 ?        00:00:00 [kworker/15:1H-kblockd]
172751.531: [17:27:51]root        1079       2  0 Feb09 ?        00:00:00 [kworker/16:1H-kblockd]
172751.531: [17:27:51]root        1080       2  0 Feb09 ?        00:00:00 [kworker/17:1H-kblockd]
172751.531: [17:27:51]root        1081       2  0 Feb09 ?        00:00:00 [kworker/18:1H-events_highpri]
172751.531: [17:27:51]root        1082       2  0 Feb09 ?        00:00:00 [kworker/19:1H-kblockd]
172751.531: [17:27:51]root        1083       2  0 Feb09 ?        00:00:00 [kworker/23:1H-events_highpri]
172751.531: [17:27:51]root        1084       2  0 Feb09 ?        00:00:00 [kworker/24:1H-kblockd]
172751.531: [17:27:51]root        1085       2  0 Feb09 ?        00:00:00 [kworker/20:1H-events_highpri]
172751.531: [17:27:51]root        1086       2  0 Feb09 ?        00:00:00 [kworker/71:1H-kblockd]
172751.531: [17:27:51]root        1087       2  0 Feb09 ?        00:00:00 [kworker/30:1H-kblockd]
172751.531: [17:27:51]root        1088       2  0 Feb09 ?        00:00:00 [kworker/26:1H-kblockd]
172751.531: [17:27:51]root        1089       2  0 Feb09 ?        00:00:00 [kworker/13:1H-kblockd]
172751.531: [17:27:51]root        1090       2  0 Feb09 ?        00:00:00 [kworker/29:1H-kblockd]
172751.531: [17:27:51]root        1091       2  0 Feb09 ?        00:00:00 [kworker/21:1H-events_highpri]
172751.531: [17:27:51]root        1092       2  0 Feb09 ?        00:00:00 [kworker/22:1H-events_highpri]
172751.531: [17:27:51]root        1093       2  0 Feb09 ?        00:00:00 [kworker/27:1H-kblockd]
172751.531: [17:27:51]root        1096       2  0 Feb09 ?        00:00:00 [kworker/28:1H-kblockd]
172751.531: [17:27:51]root        1097       2  0 Feb09 ?        00:00:00 [kworker/25:1H-kblockd]
172751.531: [17:27:51]root        1098       2  0 Feb09 ?        00:00:00 [kworker/103:1H-kblockd]
172751.531: [17:27:51]root        1112       2  0 Feb09 ?        00:00:00 [kworker/35:1H-kblockd]
172751.531: [17:27:51]root        1113       2  0 Feb09 ?        00:00:00 [kworker/119:1H-kblockd]
172751.536: [17:27:51]root        1123       2  0 Feb09 ?        00:00:00 [kworker/111:1H-kblockd]
172751.536: [17:27:51]root        1126       2  0 Feb09 ?        00:00:00 [kworker/123:1H-kblockd]
172751.536: [17:27:51]root        1127       2  0 Feb09 ?        00:00:00 [kworker/36:1H-kblockd]
172751.536: [17:27:51]root        1131       2  0 Feb09 ?        00:00:00 [kworker/117:1H-kblockd]
172751.536: [17:27:51]root        1132       2  0 Feb09 ?        00:00:00 [kworker/67:1H-kblockd]
172751.536: [17:27:51]root        1137       2  0 Feb09 ?        00:00:00 [kworker/125:1H-kblockd]
172751.536: [17:27:51]root        1139       2  0 Feb09 ?        00:00:00 [kworker/90:1H-kblockd]
172751.536: [17:27:51]root        1140       2  0 Feb09 ?        00:00:00 [kworker/96:1H-kblockd]
172751.536: [17:27:51]root        1144       2  0 Feb09 ?        00:00:00 [kworker/97:1H-kblockd]
172751.537: [17:27:51]root        1148       2  0 Feb09 ?        00:00:00 [kworker/106:1H-kblockd]
172751.537: [17:27:51]root        1149       2  0 Feb09 ?        00:00:00 [kworker/94:1H-kblockd]
172751.537: [17:27:51]root        1153       2  0 Feb09 ?        00:00:00 [kworker/104:1H-kblockd]
172751.537: [17:27:51]root        1155       2  0 Feb09 ?        00:00:00 [kworker/33:1H-kblockd]
172751.537: [17:27:51]root        1158       2  0 Feb09 ?        00:00:00 [kworker/115:1H-kblockd]
172751.537: [17:27:51]root        1162       2  0 Feb09 ?        00:00:00 [kworker/73:1H-kblockd]
172751.537: [17:27:51]root        1168       2  0 Feb09 ?        00:00:00 [kworker/86:1H-kblockd]
172751.537: [17:27:51]root        1172       2  0 Feb09 ?        00:00:00 [kworker/114:1H-kblockd]
172751.537: [17:27:51]root        1176       2  0 Feb09 ?        00:00:00 [kworker/109:1H-kblockd]
172751.537: [17:27:51]root        1178       2  0 Feb09 ?        00:00:00 [kworker/89:1H-kblockd]
172751.537: [17:27:51]root        1179       2  0 Feb09 ?        00:00:00 [kworker/110:1H-kblockd]
172751.537: [17:27:51]root        1181       2  0 Feb09 ?        00:00:00 [kworker/118:1H-kblockd]
172751.537: [17:27:51]root        1182       2  0 Feb09 ?        00:00:00 [kworker/112:1H-kblockd]
172751.537: [17:27:51]root        1183       2  0 Feb09 ?        00:00:00 [kworker/126:1H-kblockd]
172751.537: [17:27:51]root        1184       2  0 Feb09 ?        00:00:00 [kworker/38:1H-kblockd]
172751.537: [17:27:51]root        1186       2  0 Feb09 ?        00:00:00 [kworker/105:1H-kblockd]
172751.537: [17:27:51]root        1187       2  0 Feb09 ?        00:00:00 [kworker/41:1H-kblockd]
172751.537: [17:27:51]root        1189       2  0 Feb09 ?        00:00:00 [kworker/66:1H-kblockd]
172751.537: [17:27:51]root        1191       2  0 Feb09 ?        00:00:00 [kworker/51:1H-kblockd]
172751.537: [17:27:51]root        1192       2  0 Feb09 ?        00:00:00 [kworker/55:1H-kblockd]
172751.537: [17:27:51]root        1193       2  0 Feb09 ?        00:00:00 [kworker/69:1H-kblockd]
172751.537: [17:27:51]root        1194       2  0 Feb09 ?        00:00:00 [kworker/80:1H-kblockd]
172751.537: [17:27:51]root        1196       2  0 Feb09 ?        00:00:00 [kworker/44:1H-events_highpri]
172751.537: [17:27:51]root        1197       2  0 Feb09 ?        00:00:00 [kworker/122:1H-kblockd]
172751.537: [17:27:51]root        1198       2  0 Feb09 ?        00:00:00 [kworker/31:1H-events_highpri]
172751.537: [17:27:51]root        1200       2  0 Feb09 ?        00:00:00 [kworker/84:1H-kblockd]
172751.537: [17:27:51]root        1201       2  0 Feb09 ?        00:00:00 [kworker/43:1H-events_highpri]
172751.537: [17:27:51]root        1202       2  0 Feb09 ?        00:00:00 [kworker/113:1H-kblockd]
172751.537: [17:27:51]root        1203       2  0 Feb09 ?        00:00:00 [kworker/120:1H-kblockd]
172751.537: [17:27:51]root        1205       2  0 Feb09 ?        00:00:00 [kworker/49:1H-kblockd]
172751.538: [17:27:51]root        1206       2  0 Feb09 ?        00:00:00 [kworker/127:1H-kblockd]
172751.538: [17:27:51]root        1207       2  0 Feb09 ?        00:00:00 [kworker/45:1H-events_highpri]
172751.538: [17:27:51]root        1214       2  0 Feb09 ?        00:00:00 [kworker/75:1H-kblockd]
172751.538: [17:27:51]root        1222       2  0 Feb09 ?        00:00:00 [kworker/91:1H-kblockd]
172751.538: [17:27:51]root        1224       2  0 Feb09 ?        00:00:00 [kworker/48:1H-kblockd]
172751.538: [17:27:51]root        1228       2  0 Feb09 ?        00:00:00 [kworker/R-tls-s]
172751.538: [17:27:51]root        1229       2  0 Feb09 ?        00:00:00 [kworker/50:1H-kblockd]
172751.538: [17:27:51]root        1231       2  0 Feb09 ?        00:00:00 [kworker/37:1H-kblockd]
172751.538: [17:27:51]root        1238       2  0 Feb09 ?        00:00:00 [kworker/76:1H-events_highpri]
172751.538: [17:27:51]root        1241       2  0 Feb09 ?        00:00:00 [kworker/83:1H-kblockd]
172751.538: [17:27:51]root        1252       2  0 Feb09 ?        00:00:00 [kworker/72:1H-kblockd]
172751.538: [17:27:51]root        1253       2  0 Feb09 ?        00:00:00 [kworker/121:1H-kblockd]
172751.538: [17:27:51]root        1254       2  0 Feb09 ?        00:00:00 [kworker/63:1H-kblockd]
172751.538: [17:27:51]root        1255       2  0 Feb09 ?        00:00:00 [kworker/88:1H-kblockd]
172751.538: [17:27:51]root        1257       2  0 Feb09 ?        00:00:00 [kworker/85:1H-kblockd]
172751.538: [17:27:51]root        1258       2  0 Feb09 ?        00:00:00 [kworker/61:1H-kblockd]
172751.538: [17:27:51]root        1268       2  0 Feb09 ?        00:00:00 [kworker/77:1H-kblockd]
172751.538: [17:27:51]root        1277       2  0 Feb09 ?        00:00:00 [kworker/98:1H-kblockd]
172751.538: [17:27:51]root        1278       2  0 Feb09 ?        00:00:00 [kworker/R-bnxt_]
172751.538: [17:27:51]root        1279       2  0 Feb09 ?        00:00:00 [scsi_eh_0]
172751.538: [17:27:51]root        1280       2  0 Feb09 ?        00:00:00 [kworker/R-scsi_]
172751.538: [17:27:51]root        1281       2  0 Feb09 ?        00:00:00 [scsi_eh_1]
172751.538: [17:27:51]root        1282       2  0 Feb09 ?        00:00:00 [kworker/R-scsi_]
172751.538: [17:27:51]root        1283       2  0 Feb09 ?        00:00:00 [scsi_eh_2]
172751.538: [17:27:51]root        1284       2  0 Feb09 ?        00:00:00 [kworker/R-scsi_]
172751.538: [17:27:51]root        1285       2  0 Feb09 ?        00:00:00 [scsi_eh_3]
172751.538: [17:27:51]root        1286       2  0 Feb09 ?        00:00:00 [kworker/R-scsi_]
172751.538: [17:27:51]root        1287       2  0 Feb09 ?        00:00:00 [scsi_eh_4]
172751.538: [17:27:51]root        1288       2  0 Feb09 ?        00:00:00 [kworker/R-scsi_]
172751.539: [17:27:51]root        1289       2  0 Feb09 ?        00:00:00 [scsi_eh_5]
172751.539: [17:27:51]root        1290       2  0 Feb09 ?        00:00:00 [kworker/R-scsi_]
172751.539: [17:27:51]root        1296       2  0 Feb09 ?        00:00:00 [scsi_eh_6]
172751.539: [17:27:51]root        1297       2  0 Feb09 ?        00:00:00 [kworker/R-scsi_]
172751.539: [17:27:51]root        1298       2  0 Feb09 ?        00:00:00 [scsi_eh_7]
172751.539: [17:27:51]root        1299       2  0 Feb09 ?        00:00:00 [kworker/R-scsi_]
172751.539: [17:27:51]root        1300       2  0 Feb09 ?        00:00:00 [scsi_eh_8]
172751.539: [17:27:51]root        1303       2  0 Feb09 ?        00:00:00 [kworker/R-scsi_]
172751.539: [17:27:51]root        1304       2  0 Feb09 ?        00:00:00 [scsi_eh_9]
172751.539: [17:27:51]root        1305       2  0 Feb09 ?        00:00:00 [kworker/R-scsi_]
172751.539: [17:27:51]root        1306       2  0 Feb09 ?        00:00:00 [scsi_eh_10]
172751.539: [17:27:51]root        1307       2  0 Feb09 ?        00:00:00 [kworker/R-scsi_]
172751.539: [17:27:51]root        1308       2  0 Feb09 ?        00:00:00 [scsi_eh_11]
172751.539: [17:27:51]root        1309       2  0 Feb09 ?        00:00:00 [kworker/R-scsi_]
172751.539: [17:27:51]root        1316       2  0 Feb09 ?        00:00:00 [kworker/R-mlx5_]
172751.539: [17:27:51]root        1317       2  0 Feb09 ?        00:00:00 [kworker/R-mlx5_]
172751.539: [17:27:51]root        1318       2  0 Feb09 ?        00:00:00 [kworker/R-mlx5_]
172751.539: [17:27:51]root        1319       2  0 Feb09 ?        00:00:00 [scsi_eh_12]
172751.539: [17:27:51]root        1320       2  0 Feb09 ?        00:00:00 [kworker/R-scsi_]
172751.539: [17:27:51]root        1321       2  0 Feb09 ?        00:00:00 [scsi_eh_13]
172751.539: [17:27:51]root        1322       2  0 Feb09 ?        00:00:00 [kworker/R-scsi_]
172751.539: [17:27:51]root        1323       2  0 Feb09 ?        00:00:00 [scsi_eh_14]
172751.539: [17:27:51]root        1324       2  0 Feb09 ?        00:00:00 [kworker/R-scsi_]
172751.539: [17:27:51]root        1325       2  0 Feb09 ?        00:00:00 [scsi_eh_15]
172751.539: [17:27:51]root        1326       2  0 Feb09 ?        00:00:00 [kworker/R-scsi_]
172751.539: [17:27:51]root        1461       2  0 Feb09 ?        00:00:00 [kworker/R-mlx5_]
172751.539: [17:27:51]root        1462       2  0 Feb09 ?        00:00:00 [kworker/R-mlx5_]
172751.539: [17:27:51]root        1463       2  0 Feb09 ?        00:00:00 [kworker/R-mlx5_]
172751.539: [17:27:51]root        1464       2  0 Feb09 ?        00:00:00 [kworker/R-mlx5_]
172751.539: [17:27:51]root        1465       2  0 Feb09 ?        00:00:00 [kworker/R-mlx5_]
172751.540: [17:27:51]root        1466       2  0 Feb09 ?        00:00:00 [kworker/R-mlx5_]
172751.540: [17:27:51]root        1467       2  0 Feb09 ?        00:00:00 [kworker/R-mlx5_]
172751.540: [17:27:51]root        1469       2  0 Feb09 ?        00:00:00 [kworker/R-mlx5_]
172751.540: [17:27:51]root        1470       2  0 Feb09 ?        00:00:00 [kworker/R-mlx5_]
172751.540: [17:27:51]root        1471       2  0 Feb09 ?        00:00:00 [kworker/R-mlx5e]
172751.540: [17:27:51]root        1472       2  0 Feb09 ?        00:00:00 [kworker/R-mlx5e]
172751.540: [17:27:51]root        1473       2  0 Feb09 ?        00:00:00 [scsi_eh_16]
172751.540: [17:27:51]root        1474       2  0 Feb09 ?        00:00:00 [kworker/R-scsi_]
172751.540: [17:27:51]root        1476       2  0 Feb09 ?        00:00:00 [kworker/R-mlx5_]
172751.540: [17:27:51]root        1477       2  0 Feb09 ?        00:00:00 [kworker/R-mlx5_]
172751.540: [17:27:51]root        1478       2  0 Feb09 ?        00:00:00 [kworker/70:1H]
172751.540: [17:27:51]root        1479       2  0 Feb09 ?        00:00:00 [kworker/79:1H-kblockd]
172751.540: [17:27:51]root        1480       2  0 Feb09 ?        00:00:00 [kworker/78:1H]
172751.540: [17:27:51]root        1487       2  0 Feb09 ?        00:00:00 [kworker/R-mlx5_]
172751.540: [17:27:51]root        1488       2  0 Feb09 ?        00:00:00 [kworker/40:1H-events_highpri]
172751.540: [17:27:51]root        1521       2  0 Feb09 ?        00:00:00 [kworker/46:1H-events_highpri]
172751.540: [17:27:51]root        1532       2  0 Feb09 ?        00:00:00 [kworker/R-mlx5_]
172751.540: [17:27:51]root        1533       2  0 Feb09 ?        00:00:00 [kworker/R-mlx5_]
172751.540: [17:27:51]root        1534       2  0 Feb09 ?        00:00:00 [kworker/R-mlx5_]
172751.540: [17:27:51]root        1535       2  0 Feb09 ?        00:00:00 [kworker/R-mlx5_]
172751.540: [17:27:51]root        1536       2  0 Feb09 ?        00:00:00 [kworker/R-mlx5_]
172751.540: [17:27:51]root        1537       2  0 Feb09 ?        00:00:00 [kworker/R-mlx5_]
172751.540: [17:27:51]root        1538       2  0 Feb09 ?        00:00:00 [kworker/R-mlx5_]
172751.540: [17:27:51]root        1539       2  0 Feb09 ?        00:00:00 [kworker/R-mlx5e]
172751.540: [17:27:51]root        1540       2  0 Feb09 ?        00:00:00 [kworker/R-mlx5e]
172751.540: [17:27:51]root        1541       2  0 Feb09 ?        00:00:00 [kworker/R-mlx5_]
172751.540: [17:27:51]root        1542       2  0 Feb09 ?        00:00:00 [kworker/R-mlx5_]
172751.540: [17:27:51]root        1543       2  0 Feb09 ?        00:00:00 [kworker/R-mlx5_]
172751.540: [17:27:51]root        1544       2  0 Feb09 ?        00:00:00 [kworker/R-mlx5_]
172751.540: [17:27:51]root        1545       2  0 Feb09 ?        00:00:00 [kworker/R-mlx5_]
172751.540: [17:27:51]root        1546       2  0 Feb09 ?        00:00:00 [kworker/R-mlx5_]
172751.540: [17:27:51]root        1547       2  0 Feb09 ?        00:00:00 [kworker/R-mlx5_]
172751.540: [17:27:51]root        1548       2  0 Feb09 ?        00:00:00 [kworker/R-mlx5_]
172751.540: [17:27:51]root        1549       2  0 Feb09 ?        00:00:00 [kworker/R-mlx5_]
172751.540: [17:27:51]root        1550       2  0 Feb09 ?        00:00:00 [kworker/R-mlx5_]
172751.541: [17:27:51]root        1551       2  0 Feb09 ?        00:00:00 [kworker/R-mlx5_]
172751.541: [17:27:51]root        1552       2  0 Feb09 ?        00:00:00 [kworker/R-mlx5_]
172751.541: [17:27:51]root        1553       2  0 Feb09 ?        00:00:00 [kworker/R-mlx5e]
172751.541: [17:27:51]root        1554       2  0 Feb09 ?        00:00:00 [kworker/R-mlx5e]
172751.541: [17:27:51]root        1555       2  0 Feb09 ?        00:00:00 [kworker/R-mlx5_]
172751.541: [17:27:51]root        1556       2  0 Feb09 ?        00:00:00 [kworker/R-mlx5_]
172751.541: [17:27:51]root        1557       2  0 Feb09 ?        00:00:00 [kworker/R-mlx5_]
172751.541: [17:27:51]root        1558       2  0 Feb09 ?        00:00:00 [kworker/R-mlx5_]
172751.541: [17:27:51]root        1559       2  0 Feb09 ?        00:00:00 [kworker/R-mlx5_]
172751.541: [17:27:51]root        1560       2  0 Feb09 ?        00:00:00 [kworker/R-mlx5_]
172751.541: [17:27:51]root        1561       2  0 Feb09 ?        00:00:00 [kworker/R-mlx5_]
172751.541: [17:27:51]root        1562       2  0 Feb09 ?        00:00:00 [kworker/R-mlx5_]
172751.541: [17:27:51]root        1563       2  0 Feb09 ?        00:00:00 [kworker/R-mlx5_]
172751.541: [17:27:51]root        1564       2  0 Feb09 ?        00:00:00 [kworker/R-mlx5_]
172751.541: [17:27:51]root        1565       2  0 Feb09 ?        00:00:00 [kworker/R-mlx5e]
172751.542: [17:27:51]root        1566       2  0 Feb09 ?        00:00:00 [kworker/R-mlx5e]
172751.542: [17:27:51]root        1567       2  0 Feb09 ?        00:00:00 [kworker/74:1H]
172751.542: [17:27:51]root        1568       2  0 Feb09 ?        00:00:00 [kworker/R-ib-co]
172751.542: [17:27:51]root        1569       2  0 Feb09 ?        00:00:00 [kworker/R-ib-co]
172751.542: [17:27:51]root        1570       2  0 Feb09 ?        00:00:00 [kworker/R-ib_mc]
172751.542: [17:27:51]root        1571       2  0 Feb09 ?        00:00:00 [kworker/R-ib_nl]
172751.542: [17:27:51]root        1573       2  0 Feb09 ?        00:00:00 [kworker/R-mlx5_]
172751.542: [17:27:51]root        1610       2  0 Feb09 ?        00:00:00 [kworker/R-raid5]
172751.542: [17:27:51]root        1650       2  0 Feb09 ?        00:00:00 [kworker/108:1H-kblockd]
172751.542: [17:27:51]root        1654       2  0 Feb09 ?        00:00:00 [jbd2/sda2-8]
172751.542: [17:27:51]root        1655       2  0 Feb09 ?        00:00:00 [kworker/R-ext4-]
172751.542: [17:27:51]root        1671       2  0 Feb09 ?        00:00:00 [jbd2/sda5-8]
172751.542: [17:27:51]root        1672       2  0 Feb09 ?        00:00:00 [kworker/R-ext4-]
172751.542: [17:27:51]root        1687       2  0 Feb09 ?        00:00:00 [kworker/52:1H-events_highpri]
172751.542: [17:27:51]root        1701       2  0 Feb09 ?        00:00:00 [kworker/47:1H-kblockd]
172751.542: [17:27:51]root        1708       2  0 Feb09 ?        00:00:00 [kworker/100:1H]
172751.542: [17:27:51]root        1711       2  0 Feb09 ?        00:00:00 [kworker/53:1H-events_highpri]
172751.542: [17:27:51]root        1727       2  0 Feb09 ?        00:00:00 [kworker/57:1H-kblockd]
172751.542: [17:27:51]root        1732       2  0 Feb09 ?        00:00:00 [kworker/56:1H-kblockd]
172751.542: [17:27:51]root        1739       2  0 Feb09 ?        00:00:00 [kworker/60:1H-kblockd]
172751.542: [17:27:51]root        1740       2  0 Feb09 ?        00:00:00 [kworker/59:1H-kblockd]
172751.542: [17:27:51]root        1744       2  0 Feb09 ?        00:00:00 [kworker/58:1H-kblockd]
172751.542: [17:27:51]root        1749       2  0 Feb09 ?        00:00:00 [kworker/54:1H-kblockd]
172751.542: [17:27:51]root        1750       2  0 Feb09 ?        00:00:00 [kworker/62:1H-kblockd]
172751.542: [17:27:51]root        1753       2  0 Feb09 ?        00:00:00 [kworker/116:1H]
172751.542: [17:27:51]root        1758       2  0 Feb09 ?        00:00:00 [kworker/107:1H-kblockd]
172751.542: [17:27:51]root        1803       2  0 Feb09 ?        00:00:00 [kworker/R-kmpat]
172751.542: [17:27:51]root        1804       2  0 Feb09 ?        00:00:00 [kworker/R-kmpat]
172751.542: [17:27:51]root        1845       2  0 Feb09 ?        00:00:00 [kworker/99:1H-kblockd]
172751.542: [17:27:51]root        1849       2  0 Feb09 ?        00:00:00 [kworker/82:1H-kblockd]
172751.542: [17:27:51]root        1851       2  0 Feb09 ?        00:00:00 [kworker/81:1H-kblockd]
172751.542: [17:27:51]root        1855       2  0 Feb09 ?        00:00:00 [kworker/101:1H-kblockd]
172751.542: [17:27:51]root        1881       2  0 Feb09 ?        00:00:00 [kworker/102:1H-kblockd]
172751.543: [17:27:51]root        1917       2  0 Feb09 ?        00:00:00 [kworker/39:1H-kblockd]
172751.543: [17:27:51]root        1920       2  0 Feb09 ?        00:00:00 [kworker/32:1H-events_highpri]
172751.543: [17:27:51]root        1921       2  0 Feb09 ?        00:00:00 [kworker/42:1H-kblockd]
172751.543: [17:27:51]root        1997       2  0 Feb09 ?        00:00:00 [kworker/93:1H-kblockd]
172751.543: [17:27:51]root        1999       2  0 Feb09 ?        00:00:00 [kworker/92:1H-kblockd]
172751.543: [17:27:51]root        2249       2  0 Feb09 ?        00:00:00 [kworker/R-ipmi-]
172751.543: [17:27:51]root        2281       1  0 Feb09 ?        00:00:00 /usr/sbin/rdma-ndd --systemd
172751.543: [17:27:51]root        2323       2  0 Feb09 ?        00:00:00 [kworker/R-qat_m]
172751.543: [17:27:51]root        2324       2  0 Feb09 ?        00:00:00 [kworker/R-qat_d]
172751.543: [17:27:51]root        2326       2  0 Feb09 ?        00:00:00 [kworker/R-qat_p]
172751.543: [17:27:51]root        2327       2  0 Feb09 ?        00:00:00 [kworker/R-adf_v]
172751.543: [17:27:51]root        2404       2  0 Feb09 ?        00:00:00 [jbd2/sda3-8]
172751.543: [17:27:51]root        2406       2  0 Feb09 ?        00:00:00 [kworker/R-ext4-]
172751.543: [17:27:51]root        2421       2  0 Feb09 ?        00:00:00 [jbd2/sda8-8]
172751.543: [17:27:51]root        2423       2  0 Feb09 ?        00:00:00 [kworker/R-ext4-]
172751.543: [17:27:51]root        2432       2  0 Feb09 ?        00:00:08 [jbd2/sda6-8]
172751.543: [17:27:51]root        2433       2  0 Feb09 ?        00:00:00 [kworker/R-ext4-]
172751.543: [17:27:51]root        2463       2  0 Feb09 ?        00:00:00 [kipmi0]
172751.543: [17:27:51]root        2465       2  0 Feb09 ?        00:00:01 [jbd2/sda4-8]
172751.543: [17:27:51]root        2466       2  0 Feb09 ?        00:00:00 [kworker/R-ext4-]
172751.543: [17:27:51]root        2468       2  0 Feb09 ?        00:00:00 [kworker/R-0000:]
172751.543: [17:27:51]root        2469       2  0 Feb09 ?        00:00:00 [irq/463-idxd-misc]
172751.543: [17:27:51]root        2470       2  0 Feb09 ?        00:00:00 [kworker/R-0000:]
172751.543: [17:27:51]root        2471       2  0 Feb09 ?        00:00:00 [irq/472-idxd-misc]
172751.543: [17:27:51]root        2472       2  0 Feb09 ?        00:00:00 [kworker/R-0000:]
172751.543: [17:27:51]root        2473       2  0 Feb09 ?        00:00:00 [irq/481-idxd-misc]
172751.543: [17:27:51]root        2474       2  0 Feb09 ?        00:00:00 [kworker/R-0000:]
172751.543: [17:27:51]root        2475       2  0 Feb09 ?        00:00:00 [irq/490-idxd-misc]
172751.543: [17:27:51]root        2477       2  0 Feb09 ?        00:00:00 [irq/473-idxd-portal]
172751.543: [17:27:51]root        2478       2  0 Feb09 ?        00:00:00 [irq/491-idxd-portal]
172751.543: [17:27:51]root        2517       2  0 Feb09 ?        00:00:00 [kworker/R-nfit]
172751.544: [17:27:51]root        2665       2  0 Feb09 ?        00:00:00 [kworker/R-cfg80]
172751.544: [17:27:51]root        2668       2  0 Feb09 ?        00:00:00 [kworker/R-bond1]
172751.544: [17:27:51]root        2669       2  0 Feb09 ?        00:00:00 [kworker/R-bond2]
172751.544: [17:27:51]_rpc        2722       1  0 Feb09 ?        00:00:02 /sbin/rpcbind -f -w
172751.544: [17:27:51]root        2758       2  0 Feb09 ?        00:00:00 [kworker/R-rpcio]
172751.544: [17:27:51]root        2759       2  0 Feb09 ?        00:00:00 [kworker/R-xprti]
172751.544: [17:27:51]root        2847       2  0 Feb09 ?        00:00:00 [kworker/R-iw_cm]
172751.544: [17:27:51]root        2848       2  0 Feb09 ?        00:00:00 [kworker/R-rdma_]
172751.544: [17:27:51]avahi       2863       1  0 Feb09 ?        00:00:04 avahi-daemon: running [suzhouproda102.local]
172751.544: [17:27:51]message+    2864       1  0 Feb09 ?        00:02:17 @dbus-daemon --system --address=systemd: --nofork --nopidfile --systemd-activation --syslog-only
172751.544: [17:27:51]root        2869       1  0 Feb09 ?        00:00:00 /usr/bin/python3 /usr/bin/networkd-dispatcher --run-startup-triggers
172751.544: [17:27:51]root        2887       1  0 Feb09 ?        00:00:34 /usr/lib/systemd/systemd-logind
172751.544: [17:27:51]avahi       2910    2863  0 Feb09 ?        00:00:00 avahi-daemon: chroot helper
172751.544: [17:27:51]root        2945       1  0 Feb09 ?        00:01:16 /usr/sbin/NetworkManager --no-daemon
172751.544: [17:27:51]root        2946       1  0 Feb09 ?        00:00:07 /usr/sbin/wpa_supplicant -u -s -O DIR=/run/wpa_supplicant GROUP=netdev
172751.544: [17:27:51]root        3203       1  0 Feb09 ?        00:12:09 /usr/sbin/lldpad -t
172751.544: [17:27:51]root        3204       1  0 Feb09 ?        00:03:41 /usr/bin/python3 /usr/bin/supervisord -n -c /etc/supervisor/supervisord.conf
172751.544: [17:27:51]root        3206       1  0 Feb09 ?        00:12:41 /usr/local/supervisord_exporter/supervisord_exporter
172751.544: [17:27:51]root        3207       1  0 Feb09 ?        00:00:00 /usr/bin/python3 /usr/share/unattended-upgrades/unattended-upgrade-shutdown --wait-for-signal
172751.544: [17:27:51]_chrony     3255       1  0 Feb09 ?        00:00:06 /usr/sbin/chronyd -F 1
172751.544: [17:27:51]_chrony     3269    3255  0 Feb09 ?        00:00:01 /usr/sbin/chronyd -F 1
172751.544: [17:27:51]root        3296       1  0 Feb09 ?        00:04:17 /usr/sbin/glusterfs --process-name fuse --volfile-server=10.60.0.102 --volfile-id=/gv0 /sharedata
172751.544: [17:27:51]munge       3297       1  0 Feb09 ?        00:00:18 /usr/sbin/munged
172751.544: [17:27:51]root        3311       2  0 Feb09 ?        00:00:00 [kworker/R-ib_ma]
172751.544: [17:27:51]root        3312       2  0 Feb09 ?        00:00:00 [kworker/R-to_fi]
172751.544: [17:27:51]root        3315       2  0 Feb09 ?        00:00:00 [kworker/R-mkey_]
172751.545: [17:27:51]root        3324       2  0 Feb09 ?        00:00:00 [kworker/R-nfsio]
172751.545: [17:27:51]root        3342       1  0 Feb09 ?        00:00:04 /usr/sbin/lightdm
172751.545: [17:27:51]root        3353       1  0 Feb09 tty1     00:00:00 /sbin/agetty -o -p -- \u --noclear - linux
172751.545: [17:27:51]root        3355    3342  0 Feb09 tty7     00:00:11 /usr/lib/xorg/Xorg -core :0 -seat seat0 -auth /var/run/lightdm/root/:0 -nolisten tcp vt7 -novtswitch
172751.545: [17:27:51]root        3361       1  0 Feb09 ?        00:00:00 /usr/sbin/slurmstepd infinity
172751.545: [17:27:51]root        3435    3342  0 Feb09 ?        00:00:00 lightdm --session-child 17 20
172751.545: [17:27:51]lightdm     3441       1  0 Feb09 ?        00:00:07 /usr/lib/systemd/systemd --user
172751.545: [17:27:51]lightdm     3442    3441  0 Feb09 ?        00:00:00 (sd-pam)
172751.545: [17:27:51]lightdm     3453    3441  0 Feb09 ?        00:00:02 /usr/bin/pulseaudio --daemonize=no --log-target=journal
172751.545: [17:27:51]lightdm     3455    3441  0 Feb09 ?        00:00:00 /usr/bin/gnome-keyring-daemon --foreground --components=pkcs11,secrets --control-directory=/run/user/119
172751.545: [17:27:51]lightdm     3460    3441  0 Feb09 ?        00:00:06 /usr/bin/dbus-daemon --session --address=systemd: --nofork --nopidfile --systemd-activation --syslog-onl
172751.545: [17:27:51]rtkit       3461       1  0 Feb09 ?        00:00:19 /usr/libexec/rtkit-daemon
172751.545: [17:27:51]lightdm     3462    3435  0 Feb09 ?        00:00:00 /bin/sh /usr/lib/lightdm/lightdm-greeter-session /usr/sbin/unity-greeter
172751.545: [17:27:51]lightdm     3463    3462  0 Feb09 ?        00:01:13 /usr/sbin/unity-greeter
172751.545: [17:27:51]lightdm     3471    3441  0 Feb09 ?        00:00:00 /usr/libexec/at-spi-bus-launcher
172751.545: [17:27:51]lightdm     3478    3471  0 Feb09 ?        00:00:00 /usr/bin/dbus-daemon --config-file=/usr/share/defaults/at-spi2/accessibility.conf --nofork --print-addre
172751.545: [17:27:51]lightdm     3482    3441  0 Feb09 ?        00:00:00 /usr/libexec/gvfsd
172751.545: [17:27:51]lightdm     3491    3441  0 Feb09 ?        00:00:00 /usr/libexec/dconf-service
172751.545: [17:27:51]lightdm     3496       1  0 Feb09 ?        00:00:00 nm-applet
172751.545: [17:27:51]prometh+    3497    3204  0 Feb09 ?        00:53:10 /usr/local/node_exporter/node_exporter --web.listen-address=:9100 --path.procfs=/proc --path.sysfs=/sys 
172751.545: [17:27:51]lightdm     3501    3441  0 Feb09 ?        00:00:00 /usr/libexec/at-spi2-registryd --use-gnome-session
172751.546: [17:27:51]lightdm     3505       1  0 Feb09 ?        00:00:15 /usr/lib/unity-settings-daemon/unity-settings-daemon
172751.546: [17:27:51]lightdm     3506    3441  0 Feb09 ?        00:00:00 /usr/lib/x86_64-linux-gnu/indicator-application/indicator-application-service
172751.546: [17:27:51]lightdm     3507    3441  0 Feb09 ?        00:00:00 /usr/lib/x86_64-linux-gnu/indicator-power/indicator-power-service
172751.546: [17:27:51]lightdm     3508    3441  0 Feb09 ?        00:00:29 /usr/lib/x86_64-linux-gnu/indicator-datetime/indicator-datetime-service
172751.546: [17:27:51]lightdm     3513    3441  0 Feb09 ?        00:00:18 /usr/lib/x86_64-linux-gnu/indicator-session/indicator-session-service
172751.546: [17:27:51]lightdm     3514    3441  0 Feb09 ?        00:00:00 /usr/lib/x86_64-linux-gnu/indicator-sound/indicator-sound-service
172751.546: [17:27:51]root        3625    3342  0 Feb09 ?        00:00:00 lightdm --session-child 13 20
172751.546: [17:27:51]root        3653       2  0 Feb09 ?        00:00:00 [kworker/R-ib_ma]
172751.546: [17:27:51]root        3654       2  0 Feb09 ?        00:00:00 [kworker/R-to_fi]
172751.546: [17:27:51]root        3657       2  0 Feb09 ?        00:00:00 [kworker/R-mkey_]
172751.546: [17:27:51]root        3711    3342  0 Feb09 ?        00:00:00 lightdm --session-child 13 24
172751.546: [17:27:51]root        3721       1  0 Feb09 tty3     00:00:00 /bin/login -p --
172751.546: [17:27:51]root        3909       1  0 Feb09 ?        00:00:07 /usr/lib/systemd/systemd --user
172751.546: [17:27:51]root        3912    3909  0 Feb09 ?        00:00:00 (sd-pam)
172751.546: [17:27:51]root        3932       2  0 Feb09 ?        00:00:00 [psimon]
172751.546: [17:27:51]root        3955    3721  0 Feb09 tty3     00:00:00 -bash
172751.546: [17:27:51]root       11189       1  0 Feb09 ?        00:00:09 /usr/libexec/power-profiles-daemon
172751.546: [17:27:51]root       11837       1  0 Feb09 ?        00:01:21 /usr/libexec/fwupd/fwupd
172751.546: [17:27:51]kernoops   12007       1  0 Feb09 ?        00:00:01 /usr/sbin/kerneloops --test
172751.546: [17:27:51]kernoops   12010       1  0 Feb09 ?        00:00:01 /usr/sbin/kerneloops
172751.546: [17:27:51]root       12420       1  0 Feb09 ?        00:00:00 /usr/libexec/switcheroo-control
172751.546: [17:27:51]root       13587       1  0 Feb09 ?        00:00:32 /usr/libexec/udisks2/udisksd
172751.546: [17:27:51]gnome-r+   17364       1  0 Feb09 ?        00:00:09 /usr/libexec/gnome-remote-desktop-daemon --system
172751.546: [17:27:51]root       17396    3909  0 Feb09 ?        00:00:00 /usr/bin/dbus-daemon --session --address=systemd: --nofork --nopidfile --systemd-activation --syslog-onl
172751.546: [17:27:51]root       17398    3909  0 Feb09 ?        00:00:00 /usr/libexec/gvfsd
172751.546: [17:27:51]root       17404    3909  0 Feb09 ?        00:00:00 /usr/libexec/gvfsd-fuse /run/user/0/gvfs -f
172751.547: [17:27:51]root       23255       1  0 Feb09 ?        00:00:05 /usr/sbin/cron -f -P
172751.547: [17:27:51]root       23261       1  0 Feb09 ?        00:00:39 /usr/libexec/accounts-daemon
172751.547: [17:27:51]colord     23262       1  0 Feb09 ?        00:00:00 /usr/libexec/colord
172751.547: [17:27:51]root       23276       1  0 Feb09 ?        00:00:05 sshd: /usr/sbin/sshd -D [listener] 0 of 10-100 startups
172751.547: [17:27:51]root       23278       1  0 Feb09 ?        00:00:37 /usr/sbin/nscd
172751.547: [17:27:51]root       23300       1  0 Feb09 ?        00:01:05 /usr/lib/systemd/systemd-journald
172751.547: [17:27:51]root       23303       1  0 Feb09 ?        00:01:37 /sbin/multipathd -d -s
172751.547: [17:27:51]root       23330       1  0 Feb09 ?        00:00:04 /usr/libexec/upowerd
172751.547: [17:27:51]syslog     23333       1  0 Feb09 ?        00:00:13 /usr/sbin/rsyslogd -n -iNONE
172751.548: [17:27:51]polkitd    23356       1  0 Feb09 ?        00:00:53 /usr/lib/polkit-1/polkitd --no-debug
172751.548: [17:27:51]systemd+   23357       1  0 Feb09 ?        00:00:42 /usr/lib/systemd/systemd-resolved
172751.548: [17:27:51]root       23368       1  0 Feb09 ?        00:00:02 /usr/lib/systemd/systemd-udevd
172751.548: [17:27:51]root       23395       1  0 Feb09 ?        00:00:10 /usr/sbin/ModemManager
172751.548: [17:27:51]root       23420       2  0 Feb09 ?        00:00:00 [psimon]
172751.548: [17:27:51]systemd+   23433       1  0 Feb09 ?        00:00:02 /usr/lib/systemd/systemd-networkd
172751.548: [17:27:51]lightdm    23525    3441  0 Feb09 ?        00:00:19 /usr/libexec/indicator-keyboard/indicator-keyboard-service --use-gtk
172751.548: [17:27:51]nslcd     120625       1  0 Feb09 ?        00:00:00 /usr/sbin/nslcd
172751.548: [17:27:51]root      365150       2  0 Mar07 ?        00:00:00 [kworker/16:2-mm_percpu_wq]
172751.548: [17:27:51]root      398673       2  0 Mar07 ?        00:00:00 [kworker/75:0-mm_percpu_wq]
172751.548: [17:27:51]root      416963       2  0 Mar07 ?        00:00:00 [kworker/22:1-mm_percpu_wq]
172751.548: [17:27:51]root      444026       2  0 Mar08 ?        00:00:00 [kworker/14:0-events]
172751.548: [17:27:51]root      445477       2  0 Mar08 ?        00:00:01 [kworker/11:1-cgroup_destroy]
172751.548: [17:27:51]root      459663       2  0 Mar08 ?        00:00:00 [kworker/19:3-mm_percpu_wq]
172751.548: [17:27:51]root      485736       2  0 Mar08 ?        00:00:01 [kworker/8:0-mm_percpu_wq]
172751.548: [17:27:51]root      497278       2  0 Mar08 ?        00:00:00 [kworker/26:0-mm_percpu_wq]
172751.548: [17:27:51]root      503852       2  0 Mar08 ?        00:00:00 [kworker/13:1-mm_percpu_wq]
172751.549: [17:27:51]root      505194       2  0 Mar08 ?        00:00:01 [kworker/57:0-mm_percpu_wq]
172751.549: [17:27:51]root      591400       2  0 Mar08 ?        00:00:02 [kworker/67:0-mm_percpu_wq]
172751.549: [17:27:51]root      610726       2  0 Mar08 ?        00:00:01 [kworker/116:0-ipv6_addrconf]
172751.549: [17:27:51]root      621857       2  0 Mar08 ?        00:00:00 [kworker/65:3-cgroup_destroy]
172751.549: [17:27:51]root      645995       2  0 Mar08 ?        00:00:02 [kworker/110:2-rcu_par_gp]
172751.549: [17:27:51]root      646206       2  0 Mar08 ?        00:00:00 [kworker/13:0-rcu_par_gp]
172751.549: [17:27:51]root      646207       2  0 Mar08 ?        00:00:02 [kworker/50:1-events]
172751.549: [17:27:51]root      661124       2  0 Mar08 ?        00:00:02 [kworker/30:0-events]
172751.549: [17:27:51]root      662916       2  0 Mar08 ?        00:00:00 [kworker/31:0-mm_percpu_wq]
172751.549: [17:27:51]root      850911       2  0 Mar09 ?        00:00:00 [kworker/80:0-mm_percpu_wq]
172751.549: [17:27:51]root      851867       2  0 Mar09 ?        00:00:01 [kworker/56:3-rcu_par_gp]
172751.549: [17:27:51]root      852656       2  0 Mar09 ?        00:00:01 [kworker/68:3-mm_percpu_wq]
172751.549: [17:27:51]root      906243       2  0 Mar10 ?        00:00:00 [kworker/48:2-mm_percpu_wq]
172751.549: [17:27:51]root      994546       1  0 Mar10 ?        00:00:01 /usr/sbin/slurmd --systemd
172751.549: [17:27:51]root      999659       2  0 Mar10 ?        00:00:00 [kworker/83:1-events]
172751.549: [17:27:51]root     1017724       2  0 Mar10 ?        00:00:00 [kworker/73:2-events]
172751.549: [17:27:51]root     1051575       2  0 Mar10 ?        00:00:01 [kworker/104:2-mm_percpu_wq]
172751.549: [17:27:51]root     1088656       2  0 Mar10 ?        00:00:01 [kworker/69:0-cgroup_destroy]
172751.549: [17:27:51]root     1116748       2  0 Mar11 ?        00:00:01 [kworker/63:0-mm_percpu_wq]
172751.549: [17:27:51]root     1118233       2  0 Mar11 ?        00:00:00 [kworker/88:2-mm_percpu_wq]
172751.549: [17:27:51]root     1163752       2  0 Mar11 ?        00:00:00 [kworker/78:2-mm_percpu_wq]
172751.549: [17:27:51]root     1164212       2  0 Mar11 ?        00:00:01 [kworker/38:0-events]
172751.549: [17:27:51]root     1165264       2  0 Mar11 ?        00:00:01 [kworker/124:1-mm_percpu_wq]
172751.549: [17:27:51]root     1166336       2  0 Mar11 ?        00:00:01 [kworker/71:0-events]
172751.549: [17:27:51]root     1185425       2  0 Mar11 ?        00:00:01 [kworker/42:1-mm_percpu_wq]
172751.549: [17:27:51]root     1188043       2  0 Mar11 ?        00:00:00 [kworker/3:0]
172751.549: [17:27:51]root     1206618       2  0 Mar11 ?        00:00:00 [kworker/64:0-events]
172751.549: [17:27:51]root     1211185       2  0 Mar11 ?        00:00:03 [kworker/3:2-events]
172751.549: [17:27:51]root     1212129       2  0 Mar11 ?        00:00:01 [kworker/6:0-cgroup_bpf_destroy]
172751.549: [17:27:51]root     1220812       2  0 Mar11 ?        00:00:01 [kworker/58:1-cgroup_destroy]
172751.549: [17:27:51]root     1226856       2  0 Mar11 ?        00:00:01 [kworker/31:1-rcu_gp]
172751.549: [17:27:51]root     1233359       2  0 Mar11 ?        00:00:01 [kworker/49:3-mm_percpu_wq]
172751.550: [17:27:51]root     1234544       2  0 Mar11 ?        00:00:01 [kworker/115:2-mm_percpu_wq]
172751.550: [17:27:51]root     1240709       2  0 Mar11 ?        00:00:00 [kworker/53:0-cgroup_destroy]
172751.550: [17:27:51]root     1274822       2  0 Mar11 ?        00:00:01 [kworker/114:0-events]
172751.550: [17:27:51]root     1278853       2  0 Mar11 ?        00:00:01 [kworker/113:0-mm_percpu_wq]
172751.550: [17:27:51]root     1288946       2  0 Mar12 ?        00:00:00 [kworker/15:0-events]
172751.550: [17:27:51]root     1297116       2  0 Mar12 ?        00:00:00 [kworker/15:1-rcu_par_gp]
172751.550: [17:27:51]root     1351620       2  0 Mar12 ?        00:00:00 [kworker/21:1-events]
172751.550: [17:27:51]root     1512888       2  0 Mar12 ?        00:00:00 [kworker/76:3-mm_percpu_wq]
172751.550: [17:27:51]root     1513630       2  0 Mar12 ?        00:00:00 [kworker/77:2-events]
172751.550: [17:27:51]root     1515208       2  0 Mar12 ?        00:00:00 [kworker/79:0]
172751.550: [17:27:51]root     1518531       2  0 Mar12 ?        00:00:00 [kworker/12:1-cgroup_destroy]
172751.550: [17:27:51]root     1520275       2  0 Mar12 ?        00:00:00 [kworker/69:1-mm_percpu_wq]
172751.550: [17:27:51]root     1539688       2  0 Mar12 ?        00:00:04 [kworker/66:2-events]
172751.550: [17:27:51]root     1543170       2  0 Mar12 ?        00:00:00 [kworker/85:2-events]
172751.550: [17:27:51]root     1558320       2  0 Mar12 ?        00:00:00 [kworker/71:3]
172751.550: [17:27:51]root     1586186       2  0 Mar12 ?        00:00:01 [kworker/125:2-mm_percpu_wq]
172751.550: [17:27:51]root     1598317       2  0 Mar12 ?        00:00:01 [kworker/97:1-events]
172751.550: [17:27:51]root     1606328       2  0 Mar12 ?        00:00:02 [kworker/2:1-mm_percpu_wq]
172751.551: [17:27:51]root     1616602       2  0 Mar13 ?        00:00:02 [kworker/54:3-events]
172751.551: [17:27:51]root     1617501       2  0 Mar13 ?        00:00:00 [kworker/70:2-mm_percpu_wq]
172751.551: [17:27:51]root     1620474       2  0 Mar13 ?        00:00:00 [kworker/10:1-rcu_gp]
172751.551: [17:27:51]root     1680322       2  0 Mar13 ?        00:00:00 [kworker/66:1-cgroup_destroy]
172751.551: [17:27:51]root     1681180       2  0 Mar13 ?        00:00:01 [kworker/117:1-mm_percpu_wq]
172751.551: [17:27:51]root     1688099       2  0 Mar13 ?        00:00:00 [kworker/20:0-cgroup_destroy]
172751.551: [17:27:51]root     1699155       2  0 Mar13 ?        00:00:00 [kworker/75:2-cgroup_destroy]
172751.551: [17:27:51]root     1701034       2  0 Mar13 ?        00:00:00 [kworker/87:0-cgroup_destroy]
172751.551: [17:27:51]root     1733825       2  0 Mar13 ?        00:00:00 [kworker/21:0-cgroup_destroy]
172751.551: [17:27:51]root     1734426       2  0 Mar13 ?        00:00:01 [kworker/5:1-mm_percpu_wq]
172751.551: [17:27:51]root     1735180       2  0 Mar13 ?        00:00:00 [kworker/78:1]
172751.551: [17:27:51]root     1736095       2  0 Mar13 ?        00:00:00 [kworker/83:0-cgroup_destroy]
172751.551: [17:27:51]root     1736858       2  0 Mar13 ?        00:00:01 [kworker/43:2-cgroup_destroy]
172751.551: [17:27:51]root     1739675       2  0 Mar13 ?        00:00:00 [kworker/91:2-mm_percpu_wq]
172751.551: [17:27:51]root     1742205       2  0 Mar13 ?        00:00:00 [kworker/6:3-mm_percpu_wq]
172751.551: [17:27:51]root     1768568       2  0 Mar13 ?        00:00:01 [kworker/123:1-mm_percpu_wq]
172751.551: [17:27:51]root     1776587       2  0 Mar13 ?        00:00:00 [kworker/94:2-rcu_par_gp]
172751.551: [17:27:51]root     1800196       2  0 Mar13 ?        00:00:00 [kworker/25:0-rcu_gp]
172751.551: [17:27:51]root     1808938       2  0 Mar13 ?        00:00:00 [kworker/89:1-events]
172751.551: [17:27:51]root     1808944       2  0 Mar13 ?        00:00:00 [kworker/122:1]
172751.551: [17:27:51]root     1867862       2  0 Mar13 ?        00:00:00 [kworker/14:1-rcu_par_gp]
172751.551: [17:27:51]root     1974663       2  0 Mar14 ?        00:00:00 [kworker/41:0-events]
172751.551: [17:27:51]root     2004533       2  0 Mar14 ?        00:00:02 [kworker/28:2-events]
172751.551: [17:27:51]root     2004541       2  0 Mar14 ?        00:00:00 [kworker/22:0]
172751.551: [17:27:51]root     2057147       2  0 Mar14 ?        00:00:00 [kworker/84:0-rcu_gp]
172751.551: [17:27:51]root     2057156       2  0 Mar14 ?        00:00:00 [kworker/125:0]
172751.551: [17:27:51]root     2082048       2  0 Feb18 ?        00:00:00 [psimon]
172751.551: [17:27:51]nslcd    2086113       1  0 Feb18 ?        00:00:12 /usr/sbin/nslcd
172751.551: [17:27:51]root     2220186       2  0 Mar14 ?        00:00:00 [kworker/37:0-events]
172751.551: [17:27:51]root     2286790       2  0 Feb27 ?        00:00:07 [kworker/12:2-mm_percpu_wq]
172751.551: [17:27:51]root     2290982       2  0 Mar15 ?        00:00:00 [kworker/81:2]
172751.552: [17:27:51]root     2300089       2  0 Mar15 ?        00:00:01 [kworker/33:0-events]
172751.552: [17:27:51]root     2317088       2  0 Mar15 ?        00:00:00 [kworker/24:0-mm_percpu_wq]
172751.552: [17:27:51]root     2333410       2  0 Mar15 ?        00:00:01 [kworker/27:0-cgroup_bpf_destroy]
172751.552: [17:27:51]root     2337115       2  0 Feb28 ?        00:00:02 [kworker/117:2-rcu_par_gp]
172751.552: [17:27:51]root     2374277       2  0 Mar15 ?        00:00:00 [kworker/105:1-rcu_par_gp]
172751.552: [17:27:51]root     2409758       2  0 Mar15 ?        00:00:01 [kworker/103:0-events]
172751.552: [17:27:51]root     2428986       2  0 Mar15 ?        00:00:00 [kworker/38:2-cgroup_destroy]
172751.552: [17:27:51]root     2464918       2  0 Mar15 ?        00:00:00 [kworker/92:0-events]
172751.552: [17:27:51]root     2494555       2  0 Mar15 ?        00:00:00 [kworker/80:1-cgroup_destroy]
172751.552: [17:27:51]root     2514427       2  0 Mar15 ?        00:00:00 [kworker/86:1]
172751.552: [17:27:51]root     2531265       2  0 Mar15 ?        00:00:00 [kworker/111:1-mm_percpu_wq]
172751.552: [17:27:51]root     2535839       2  0 Mar15 ?        00:00:00 [kworker/7:1-rcu_gp]
172751.552: [17:27:51]root     2549928       2  0 Mar15 ?        00:00:00 [kworker/111:0-cgroup_destroy]
172751.552: [17:27:51]root     2620663       2  0 Mar15 ?        00:00:00 [kworker/24:1-cgroup_bpf_destroy]
172751.552: [17:27:51]root     2622741       2  0 Mar16 ?        00:00:00 [kworker/27:2-events]
172751.552: [17:27:51]root     2640337       2  0 Mar16 ?        00:00:00 [kworker/47:1-mm_percpu_wq]
172751.552: [17:27:51]root     2660461       2  0 Mar16 ?        00:00:00 [kworker/107:2-mm_percpu_wq]
172751.553: [17:27:51]root     2663089       2  0 Mar16 ?        00:00:00 [kworker/42:3-cgroup_destroy]
172751.553: [17:27:51]root     2682794       2  0 Mar16 ?        00:00:03 [kworker/96:2-mm_percpu_wq]
172751.553: [17:27:51]root     2734979       2  0 Mar16 ?        00:00:01 [kworker/102:0-mm_percpu_wq]
172751.553: [17:27:51]root     2735423       2  0 Mar16 ?        00:00:00 [kworker/98:3-mm_percpu_wq]
172751.553: [17:27:51]root     2751493       2  0 Mar16 ?        00:00:00 [kworker/116:3-cgroup_destroy]
172751.553: [17:27:51]root     2775743       2  0 Mar16 ?        00:00:00 [kworker/52:1-events]
172751.553: [17:27:51]root     2790087       2  0 Mar16 ?        00:00:00 [kworker/19:1-events]
172751.553: [17:27:51]root     2865843       2  0 Mar16 ?        00:00:00 [kworker/72:1-rcu_par_gp]
172751.553: [17:27:51]root     2897760       2  0 Mar16 ?        00:00:00 [kworker/73:3-cgroup_destroy]
172751.553: [17:27:51]root     2912338       2  0 Mar16 ?        00:00:00 [kworker/119:3-mm_percpu_wq]
172751.553: [17:27:51]root     2925018       2  0 Mar16 ?        00:00:01 [kworker/120:0-events]
172751.553: [17:27:51]root     2937853       2  0 Mar16 ?        00:00:00 [kworker/123:0]
172751.553: [17:27:51]root     2941487       2  0 Mar16 ?        00:00:00 [kworker/55:1-mm_percpu_wq]
172751.553: [17:27:51]root     2941490       2  0 Mar16 ?        00:00:00 [kworker/56:1-mm_percpu_wq]
172751.553: [17:27:51]root     2961195       2  0 Mar16 ?        00:00:00 [kworker/16:3-cgroup_destroy]
172751.553: [17:27:51]root     2970914       2  0 Mar16 ?        00:00:00 [kworker/59:3-mm_percpu_wq]
172751.553: [17:27:51]root     2973345       2  0 Mar17 ?        00:00:00 [kworker/121:0-mm_percpu_wq]
172751.553: [17:27:51]root     2973369       2  0 Mar17 ?        00:00:00 [kworker/17:1]
172751.553: [17:27:51]root     2974124       2  0 Mar17 ?        00:00:00 [kworker/84:1-mm_percpu_wq]
172751.553: [17:27:51]root     2974132       2  0 Mar17 ?        00:00:00 [kworker/124:2]
172751.553: [17:27:51]root     2978981       2  0 Mar17 ?        00:00:00 [kworker/17:2-mm_percpu_wq]
172751.553: [17:27:51]root     3000139       2  0 Mar17 ?        00:00:02 [kworker/126:1-mm_percpu_wq]
172751.553: [17:27:51]root     3001416       2  0 Mar17 ?        00:00:00 [kworker/127:1-mm_percpu_wq]
172751.553: [17:27:51]root     3003006       2  0 Mar17 ?        00:00:00 [kworker/106:3-events]
172751.553: [17:27:51]root     3003055       2  0 Mar17 ?        00:00:00 [kworker/62:2-mm_percpu_wq]
172751.553: [17:27:51]root     3047492       2  0 Mar17 ?        00:00:00 [kworker/108:3-events]
172751.553: [17:27:51]root     3049281       2  0 Mar17 ?        00:00:00 [kworker/49:1]
172751.553: [17:27:51]root     3076352       2  0 Mar17 ?        00:00:00 [kworker/108:1-cgroup_destroy]
172751.553: [17:27:51]root     3076597       2  0 Mar17 ?        00:00:00 [kworker/118:2-mm_percpu_wq]
172751.553: [17:27:51]root     3082491       2  0 Mar17 ?        00:00:00 [kworker/105:0-mm_percpu_wq]
172751.553: [17:27:51]root     3085850       2  0 Mar17 ?        00:00:00 [kworker/109:3-mm_percpu_wq]
172751.553: [17:27:51]root     3093381       2  0 Mar17 ?        00:00:00 [kworker/82:1]
172751.554: [17:27:51]root     3098244       2  0 Mar17 ?        00:00:00 [kworker/109:2-cgroup_destroy]
172751.554: [17:27:51]root     3100893       2  0 Mar17 ?        00:00:00 [kworker/100:3-mm_percpu_wq]
172751.554: [17:27:51]root     3107547       2  0 Mar17 ?        00:00:01 [kworker/1:2-events]
172751.554: [17:27:51]root     3107699       2  0 Mar17 ?        00:00:00 [kworker/63:1]
172751.554: [17:27:51]root     3107701       2  0 Mar17 ?        00:00:00 [kworker/104:1]
172751.554: [17:27:51]root     3134409       2  0 Mar17 ?        00:00:00 [kworker/101:0-mm_percpu_wq]
172751.554: [17:27:51]root     3148707       2  0 Mar17 ?        00:00:00 [kworker/106:1]
172751.554: [17:27:51]root     3149189       2  0 Mar17 ?        00:00:00 [kworker/120:1]
172751.554: [17:27:51]root     3160119       2  0 Mar17 ?        00:00:00 [kworker/36:2-rcu_par_gp]
172751.554: [17:27:51]root     3166136       2  0 Mar17 ?        00:00:00 [kworker/35:2-events]
172751.554: [17:27:51]root     3169908       2  0 Mar17 ?        00:00:00 [kworker/74:2]
172751.554: [17:27:51]root     3179813       2  0 Mar17 ?        00:00:00 [kworker/25:2-mm_percpu_wq]
172751.554: [17:27:51]root     3179814       2  0 Mar17 ?        00:00:00 [kworker/26:1-rcu_par_gp]
172751.554: [17:27:51]root     3179822       2  0 Mar17 ?        00:00:00 [kworker/40:0]
172751.554: [17:27:51]root     3196341       2  0 Mar17 ?        00:00:00 [kworker/113:1]
172751.554: [17:27:51]root     3196343       2  0 Mar17 ?        00:00:00 [kworker/90:1-cgroup_bpf_destroy]
172751.554: [17:27:51]root     3198039       2  0 Mar17 ?        00:00:00 [kworker/121:1]
172751.554: [17:27:51]root     3204260       2  0 Mar17 ?        00:00:00 [kworker/18:1-events]
172751.554: [17:27:51]root     3208531       2  0 Mar17 ?        00:00:00 [kworker/88:0-cgroup_destroy]
172751.554: [17:27:51]root     3208539       2  0 Mar17 ?        00:00:00 [kworker/18:0]
172751.554: [17:27:51]root     3212836       2  0 Mar17 ?        00:00:00 [kworker/36:0-events]
172751.554: [17:27:51]root     3219007       2  0 00:00 ?        00:00:00 [kworker/112:1-mm_percpu_wq]
172751.554: [17:27:51]root     3219020       1  0 00:00 ?        00:00:00 /usr/sbin/cupsd -l
172751.554: [17:27:51]cups-br+ 3219024       1  0 00:00 ?        00:00:00 /usr/sbin/cups-browsed
172751.554: [17:27:51]root     3219031       2  0 00:00 ?        00:00:00 [kworker/89:2]
172751.554: [17:27:51]root     3223896       2  0 00:39 ?        00:00:00 [kworker/1:0]
172751.554: [17:27:51]root     3223898       2  0 00:39 ?        00:00:00 [kworker/23:0-mm_percpu_wq]
172751.554: [17:27:51]root     3228202       2  0 01:14 ?        00:00:00 [kworker/4:1-rcu_gp]
172751.554: [17:27:51]root     3228209       2  0 01:14 ?        00:00:00 [kworker/99:0-rcu_gp]
172751.554: [17:27:51]root     3233831       2  0 02:00 ?        00:00:00 [kworker/76:0]
172751.554: [17:27:51]root     3234056       2  0 02:00 ?        00:00:00 [kworker/40:2-events]
172751.554: [17:27:51]root     3240345       2  0 02:50 ?        00:00:00 [kworker/41:2-cgroup_destroy]
172751.555: [17:27:51]root     3240937       2  0 02:55 ?        00:00:00 [kworker/7:2-mm_percpu_wq]
172751.555: [17:27:51]root     3242201       2  0 03:05 ?        00:00:00 [kworker/28:1-rcu_par_gp]
172751.555: [17:27:51]root     3255212       2  0 04:50 ?        00:00:00 [kworker/4:0-mm_percpu_wq]
172751.555: [17:27:51]root     3256372       2  0 05:00 ?        00:00:00 [kworker/114:2]
172751.555: [17:27:51]root     3261306       2  0 05:40 ?        00:00:00 [kworker/62:1-cgroup_destroy]
172751.555: [17:27:51]root     3271141       2  0 06:57 ?        00:00:00 [kworker/34:0-cgroup_destroy]
172751.555: [17:27:51]root     3276556       2  0 07:39 ?        00:00:00 [kworker/77:1-events]
172751.555: [17:27:51]root     3279173       2  0 08:00 ?        00:00:00 [kworker/99:2-mm_percpu_wq]
172751.555: [17:27:51]root     3291912       2  0 09:40 ?        00:00:00 [kworker/2:3-cgroup_destroy]
172751.555: [17:27:51]root     3295898       2  0 10:12 ?        00:00:00 [kworker/10:0-mm_percpu_wq]
172751.555: [17:27:51]root     3295899       2  0 10:12 ?        00:00:00 [kworker/11:0-mm_percpu_wq]
172751.555: [17:27:51]root     3305712       2  0 11:30 ?        00:00:00 [kworker/90:3-mm_percpu_wq]
172751.555: [17:27:51]root     3308932       2  0 11:56 ?        00:00:00 [kworker/126:0]
172751.555: [17:27:51]root     3310561       2  0 12:09 ?        00:00:00 [kworker/58:2-mm_percpu_wq]
172751.555: [17:27:51]root     3318867       2  0 13:16 ?        00:00:03 [kworker/32:3-qat_misc_wq]
172751.555: [17:27:51]root     3319515       2  0 13:22 ?        00:00:03 [kworker/32:0-qat_misc_wq]
172751.555: [17:27:51]root     3321366       2  0 13:35 ?        00:00:00 [kworker/91:1]
172751.555: [17:27:51]root     3324438       2  0 14:00 ?        00:00:00 [kworker/115:3-cgroup_destroy]
172751.555: [17:27:51]root     3326429       2  0 14:15 ?        00:00:00 [kworker/51:3-cgroup_destroy]
172751.555: [17:27:51]root     3326456       2  0 14:15 ?        00:00:00 [kworker/61:0-rcu_par_gp]
172751.555: [17:27:51]root     3326462       2  0 14:15 ?        00:00:00 [kworker/59:1]
172751.555: [17:27:51]root     3326608       2  0 14:16 ?        00:00:00 [kworker/57:2]
172751.555: [17:27:51]root     3326615       2  0 14:16 ?        00:00:00 [kworker/55:0]
172751.555: [17:27:51]root     3327219       2  0 14:20 ?        00:00:00 [kworker/64:1-rcu_par_gp]
172751.555: [17:27:51]root     3328005       2  0 14:26 ?        00:00:00 [kworker/51:2-events]
172751.555: [17:27:51]root     3328034       2  0 14:26 ?        00:00:00 [kworker/97:0]
172751.555: [17:27:51]root     3328041       2  0 14:26 ?        00:00:00 [kworker/119:0]
172751.555: [17:27:51]root     3328224       2  0 14:27 ?        00:00:00 [kworker/98:0]
172751.555: [17:27:51]root     3328446       2  0 14:28 ?        00:00:00 [kworker/107:1]
172751.555: [17:27:51]root     3328447       2  0 14:28 ?        00:00:00 [kworker/9:2-mm_percpu_wq]
172751.555: [17:27:51]root     3328596       2  0 14:29 ?        00:00:00 [kworker/29:1]
172751.555: [17:27:51]root     3328722       2  0 14:29 ?        00:00:00 [kworker/127:3]
172751.556: [17:27:51]root     3328728       2  0 14:29 ?        00:00:00 [kworker/103:2]
172751.556: [17:27:51]root     3328892       2  0 14:29 ?        00:00:00 [kworker/67:3]
172751.556: [17:27:51]root     3329307       2  0 14:33 ?        00:00:00 [kworker/100:0-rcu_par_gp]
172751.556: [17:27:51]root     3329314       2  0 14:33 ?        00:00:00 [kworker/102:2-rcu_gp]
172751.556: [17:27:51]root     3331372       2  0 14:49 ?        00:00:06 [kworker/0:0-qat_misc_wq]
172751.556: [17:27:51]root     3331737       2  0 14:52 ?        00:00:00 [kworker/34:1-mm_percpu_wq]
172751.556: [17:27:51]root     3331950       2  0 14:52 ?        00:00:00 [kworker/5:0]
172751.556: [17:27:51]root     3331994       2  0 14:52 ?        00:00:00 [kworker/101:1]
172751.556: [17:27:51]root     3332633       2  0 14:57 ?        00:00:00 [kworker/8:1]
172751.556: [17:27:51]root     3332690       2  0 14:57 ?        00:00:00 [kworker/44:2-events]
172751.556: [17:27:51]root     3332908       2  0 14:58 ?        00:00:00 [kworker/50:0]
172751.556: [17:27:51]root     3333419       2  0 15:02 ?        00:00:00 [kworker/23:2-rcu_par_gp]
172751.556: [17:27:51]root     3333425       2  0 15:02 ?        00:00:00 [kworker/96:0]
172751.556: [17:27:51]root     3333427       2  0 15:02 ?        00:00:00 [kworker/37:1]
172751.556: [17:27:51]root     3335791       2  0 15:21 ?        00:00:00 [kworker/u258:0-events_power_efficient]
172751.556: [17:27:51]root     3336816       2  0 15:29 ?        00:00:00 [kworker/48:1-cgwb_release]
172751.556: [17:27:51]root     3336973       2  0 15:29 ?        00:00:00 [kworker/30:1]
172751.556: [17:27:51]root     3337000       2  0 15:29 ?        00:00:00 [kworker/29:0-events]
172751.556: [17:27:51]root     3337479       2  0 15:32 ?        00:00:00 [kworker/45:2-events]
172751.556: [17:27:51]root     3338704       2  0 15:42 ?        00:00:00 [kworker/74:0-mm_percpu_wq]
172751.556: [17:27:51]root     3339273       2  0 15:45 ?        00:00:00 [kworker/46:2-cgroup_destroy]
172751.556: [17:27:51]root     3339275       2  0 15:45 ?        00:00:00 [kworker/35:0]
172751.556: [17:27:51]root     3340417       2  0 15:55 ?        00:00:00 [kworker/u257:3-xprtiod]
172751.556: [17:27:51]root     3341578       2  0 16:02 ?        00:00:00 [kworker/110:1-mm_percpu_wq]
172751.556: [17:27:51]root     3342746       2  0 16:11 ?        00:00:02 [kworker/0:1-events]
172751.556: [17:27:51]root     3343397       2  0 16:16 ?        00:00:00 [kworker/52:2]
172751.556: [17:27:51]root     3343536       2  0 16:17 ?        00:00:00 [kworker/u257:4]
172751.556: [17:27:51]root     3344814       2  0 16:26 ?        00:00:00 [kworker/93:1]
172751.556: [17:27:51]root     3344909       2  0 16:26 ?        00:00:00 [kworker/43:1-mm_percpu_wq]
172751.556: [17:27:51]root     3344938       2  0 16:26 ?        00:00:00 [kworker/9:3]
172751.556: [17:27:51]root     3345347   23276  0 16:29 ?        00:00:00 sshd: root@pts/0
172751.556: [17:27:51]root     3345417 3345347  0 16:29 pts/0    00:00:00 -bash
172751.556: [17:27:51]root     3345498       2  0 16:29 ?        00:00:00 [kworker/u258:4-events_power_efficient]
172751.556: [17:27:51]root     3345513       2  0 16:29 ?        00:00:00 [kworker/92:2-cgroup_destroy]
172751.560: [17:27:51]root     3345897       2  0 16:33 ?        00:00:00 [kworker/44:1]
172751.560: [17:27:51]root     3346147       2  0 16:35 ?        00:00:00 [kworker/u257:0-events_unbound]
172751.561: [17:27:51]root     3346773       2  0 16:40 ?        00:00:00 [kworker/45:3-cgroup_destroy]
172751.561: [17:27:51]root     3346930       2  0 16:40 ?        00:00:00 [kworker/46:3-events]
172751.561: [17:27:51]root     3346964       2  0 16:40 ?        00:00:00 [kworker/112:0]
172751.561: [17:27:51]root     3346967       2  0 16:40 ?        00:00:00 [kworker/47:3-cgroup_destroy]
172751.561: [17:27:51]root     3347227       2  0 16:42 ?        00:00:00 [kworker/95:2]
172751.561: [17:27:51]root     3347353       2  0 16:43 ?        00:00:00 [kworker/39:3-events]
172751.561: [17:27:51]root     3348139       2  0 16:49 ?        00:00:00 [kworker/u256:4-bond2]
172751.561: [17:27:51]root     3348140       2  0 16:49 ?        00:00:00 [kworker/u256:5-bond2]
172751.561: [17:27:51]root     3348958       2  0 16:55 ?        00:00:00 [kworker/60:0-events]
172751.561: [17:27:51]root     3349021       2  0 16:55 ?        00:00:00 [kworker/54:1]
172751.561: [17:27:51]root     3349361       2  0 16:57 ?        00:00:00 [kworker/u258:5-events_unbound]
172751.561: [17:27:51]root     3350135       2  0 17:03 ?        00:00:00 [kworker/u256:0-bnxt_pf_wq]
172751.561: [17:27:51]root     3350882       2  0 17:10 ?        00:00:00 [kworker/61:1-events]
172751.561: [17:27:51]root     3350890       2  0 17:10 ?        00:00:00 [kworker/60:3-cgroup_destroy]
172751.561: [17:27:51]root     3351770       2  0 17:17 ?        00:00:00 [kworker/0:2-mm_percpu_wq]
172751.561: [17:27:51]root     3352141       2  0 17:20 ?        00:00:00 [kworker/33:2-cgroup_destroy]
172751.561: [17:27:51]root     3352403       2  0 17:22 ?        00:00:00 [kworker/32:2-mm_percpu_wq]
172751.561: [17:27:51]root     3352448       2  0 17:22 ?        00:00:00 [kworker/0:3-events]
172751.561: [17:27:51]root     3353015       2  0 17:27 ?        00:00:00 [kworker/32:1-mm_percpu_wq]
172751.561: [17:27:51]yuanche+ 3353032       1  0 17:27 ?        00:00:00 /usr/lib/x86_64-linux-gnu/xfce4/xfconf/xfconfd
172751.561: [17:27:51]root     3353088 3345417 99 17:27 pts/0    00:00:00 ps -ef
172751.561: [17:27:51]root     3800258       2  0 Mar02 ?        00:00:00 [kworker/81:0-mm_percpu_wq]
172751.561: [17:27:51]root     3810343       2  0 Mar03 ?        00:00:00 [kworker/79:1-mm_percpu_wq]
172751.561: [17:27:51]root     3811241       2  0 Mar03 ?        00:00:03 [kworker/93:3-events]
172751.561: [17:27:51]root     3827450       2  0 Mar04 ?        00:00:04 [kworker/95:1-mm_percpu_wq]
172751.561: [17:27:51]root     3832111       2  0 Mar04 ?        00:00:01 [kworker/70:0-mm_percpu_wq]
172751.561: [17:27:51]root     3838821       2  0 Mar04 ?        00:00:01 [kworker/72:2-mm_percpu_wq]
172751.561: [17:27:51]yuanche+ 3840946       1  0 Mar04 ?        00:00:10 /opt/TurboVNC/bin/Xvnc :1 -desktop desktop-20260304-165725 -auth /data/home/yuanchenhao/.Xauthority -geo
172751.561: [17:27:51]yuanche+ 3840952       1  0 Mar04 ?        00:00:00 sh -c (/opt/TurboVNC/bin/xstartup.turbovnc; /opt/TurboVNC/bin/vncserver -kill :1) >> '/data/home/yuanche
172751.561: [17:27:51]yuanche+ 3840953 3840952  0 Mar04 ?        00:00:03 xfce4-session
172751.562: [17:27:51]yuanche+ 3840958       1  0 Mar04 ?        00:00:00 /usr/bin/dbus-launch --sh-syntax --exit-with-session
172751.562: [17:27:51]yuanche+ 3840959       1  0 Mar04 ?        00:00:06 /usr/bin/dbus-daemon --syslog --fork --print-pid 5 --print-address 7 --session
172751.562: [17:27:51]yuanche+ 3841033 3840953  0 Mar04 ?        00:00:01 /usr/bin/ssh-agent /usr/bin/im-launch startxfce4
172751.562: [17:27:51]yuanche+ 3841050       1  0 Mar04 ?        00:00:00 /usr/bin/ibus-daemon --daemonize --xim
172751.562: [17:27:51]yuanche+ 3841069       1  0 Mar04 ?        00:00:00 /usr/libexec/at-spi-bus-launcher
172751.562: [17:27:51]yuanche+ 3841075 3841069  0 Mar04 ?        00:00:00 /usr/bin/dbus-daemon --config-file=/usr/share/defaults/at-spi2/accessibility.conf --nofork --print-addre
172751.562: [17:27:51]yuanche+ 3841080       1  0 Mar04 ?        00:00:00 /usr/libexec/gvfsd
172751.562: [17:27:51]yuanche+ 3841094       1  0 Mar04 ?        00:00:00 /usr/libexec/gvfsd-fuse /data/home/yuanchenhao/.gvfs -f
172751.562: [17:27:51]yuanche+ 3841099       1  0 Mar04 ?        00:00:00 /usr/libexec/at-spi2-registryd --use-gnome-session
172751.562: [17:27:51]yuanche+ 3841107 3841050  0 Mar04 ?        00:00:26 /usr/libexec/ibus-dconf
172751.562: [17:27:51]yuanche+ 3841109 3841050  0 Mar04 ?        00:00:28 /usr/libexec/ibus-ui-gtk3
172751.562: [17:27:51]yuanche+ 3841114 3841050  0 Mar04 ?        00:00:30 /usr/libexec/ibus-extension-gtk3
172751.562: [17:27:51]yuanche+ 3841121       1  0 Mar04 ?        00:00:29 /usr/libexec/ibus-x11 --kill-daemon
172751.562: [17:27:51]yuanche+ 3841124       1  0 Mar04 ?        00:00:27 /usr/libexec/ibus-portal
172751.562: [17:27:51]yuanche+ 3841147       1  0 Mar04 ?        00:00:26 /usr/libexec/xdg-desktop-portal
172751.562: [17:27:51]yuanche+ 3841155       1  0 Mar04 ?        00:00:02 /usr/libexec/xdg-document-portal
172751.562: [17:27:51]yuanche+ 3841160       1  0 Mar04 ?        00:00:00 /usr/libexec/xdg-permission-store
172751.563: [17:27:51]root     3841167 3841155  0 Mar04 ?        00:00:00 fusermount3 -o rw,nosuid,nodev,fsname=portal,auto_unmount,subtype=portal -- /data/home/yuanchenhao/.cach
172751.563: [17:27:51]yuanche+ 3841172       1  0 Mar04 ?        00:01:20 /usr/libexec/xdg-desktop-portal-gtk
172751.563: [17:27:51]yuanche+ 3841186 3840953  0 Mar04 ?        00:00:07 xfwm4
172751.563: [17:27:51]yuanche+ 3841193       1  0 Mar04 ?        00:00:00 /usr/libexec/dconf-service
172751.563: [17:27:51]yuanche+ 3841201 3841050  0 Mar04 ?        00:00:26 /usr/libexec/ibus-engine-simple
172751.563: [17:27:51]yuanche+ 3841211 3840953  0 Mar04 ?        00:01:23 xfsettingsd
172751.563: [17:27:51]yuanche+ 3841215 3840953  0 Mar04 ?        00:13:10 xfce4-panel
172751.563: [17:27:51]yuanche+ 3841220 3840953  0 Mar04 ?        00:00:02 Thunar --daemon
172751.563: [17:27:51]yuanche+ 3841231 3840953  0 Mar04 ?        00:00:03 xfdesktop
172751.563: [17:27:51]yuanche+ 3841240 3840953  0 Mar04 ?        00:00:00 nm-applet
172751.563: [17:27:51]yuanche+ 3841242 3840953  0 Mar04 ?        00:00:09 update-notifier
172751.563: [17:27:51]yuanche+ 3841280 3840953  0 Mar04 ?        00:00:00 /usr/libexec/geoclue-2.0/demos/agent
172751.563: [17:27:51]yuanche+ 3841287 3840953  0 Mar04 ?        00:00:00 /usr/libexec/evolution-data-server/evolution-alarm-notify
172751.564: [17:27:51]yuanche+ 3841288 3840953  0 Mar04 ?        00:00:01 /usr/libexec/tracker-miner-fs-3
172751.564: [17:27:51]yuanche+ 3841290 3840953  0 Mar04 ?        00:00:01 /usr/bin/python3 /usr/share/system-config-printer/applet.py
172751.564: [17:27:51]yuanche+ 3841298 3840953  0 Mar04 ?        00:00:00 xiccd
172751.564: [17:27:51]yuanche+ 3841318 3840953  0 Mar04 ?        00:00:02 /usr/lib/x86_64-linux-gnu/xfce4/notifyd/xfce4-notifyd
172751.564: [17:27:51]yuanche+ 3841384       1  0 Mar04 ?        00:00:00 /usr/libexec/evolution-source-registry
172751.564: [17:27:51]yuanche+ 3841450 3841215  0 Mar04 ?        00:00:02 /usr/lib/x86_64-linux-gnu/xfce4/panel/wrapper-2.0 /usr/lib/x86_64-linux-gnu/xfce4/panel/plugins/libsystr
172751.564: [17:27:51]yuanche+ 3841452 3841215  0 Mar04 ?        00:00:02 /usr/lib/x86_64-linux-gnu/xfce4/panel/wrapper-2.0 /usr/lib/x86_64-linux-gnu/xfce4/panel/plugins/libpulse
172751.564: [17:27:51]yuanche+ 3841454 3841215  0 Mar04 ?        00:00:02 /usr/lib/x86_64-linux-gnu/xfce4/panel/wrapper-2.0 /usr/lib/x86_64-linux-gnu/xfce4/panel/plugins/libnotif
172751.564: [17:27:51]yuanche+ 3841480       1  0 Mar04 ?        00:00:24 /usr/libexec/goa-daemon
172751.564: [17:27:51]yuanche+ 3841492       1  0 Mar04 ?        00:00:00 /usr/libexec/goa-identity-service
172751.565: [17:27:51]yuanche+ 3841502       1  0 Mar04 ?        00:00:00 /usr/libexec/evolution-calendar-factory
172751.565: [17:27:51]yuanche+ 3841506 3841215  0 Mar04 ?        00:00:02 /usr/lib/x86_64-linux-gnu/xfce4/panel/wrapper-2.0 /usr/lib/x86_64-linux-gnu/xfce4/panel/plugins/libactio
172751.565: [17:27:51]yuanche+ 3841514       1  0 Mar04 ?        00:00:00 /usr/libexec/evolution-addressbook-factory
172751.565: [17:27:51]yuanche+ 3841527       1  0 Mar04 ?        00:00:00 /usr/libexec/gvfsd-metadata
172751.565: [17:27:51]yuanche+ 3841578       1  0 Mar04 ?        00:00:00 /usr/libexec/gvfs-udisks2-volume-monitor
172751.565: [17:27:51]yuanche+ 3841587       1  0 Mar04 ?        00:00:00 /usr/libexec/gvfs-goa-volume-monitor
172751.565: [17:27:51]yuanche+ 3841593       1  0 Mar04 ?        00:00:15 /usr/libexec/gvfs-afc-volume-monitor
172751.565: [17:27:51]yuanche+ 3841600       1  0 Mar04 ?        00:00:00 /usr/libexec/gvfs-mtp-volume-monitor
172751.565: [17:27:51]yuanche+ 3841606       1  0 Mar04 ?        00:00:00 /usr/libexec/gvfs-gphoto2-volume-monitor
172751.565: [17:27:51]yuanche+ 3841871 3841080  0 Mar04 ?        00:00:00 /usr/libexec/gvfsd-trash --spawner :1.10 /org/gtk/gvfs/exec_spaw/0
172751.565: [17:27:51]yuanche+ 3842421       1  0 Mar04 ?        00:00:00 /usr/bin/python3 /usr/share/apport/apport-gtk
172751.566: [17:27:51]yuanche+ 3851761       1  0 Mar04 ?        00:00:01 /usr/bin/gnome-keyring-daemon --start --foreground --components=secrets
172751.566: [17:27:51]root     3887314       2  0 Mar04 ?        00:00:01 [kworker/20:1-events]
172751.566: [17:27:51]root     3901106       2  0 Mar05 ?        00:00:00 [kworker/82:3-mm_percpu_wq]
172751.566: [17:27:51]root     3986092       2  0 Mar05 ?        00:00:03 [kworker/39:2-cgroup_destroy]
172751.566: [17:27:51]root     3991136       2  0 Mar05 ?        00:00:03 [kworker/94:0-events]
172751.566: [17:27:51]root     3991481       2  0 Mar05 ?        00:00:00 [kworker/68:1-rcu_gp]
172751.566: [17:27:51]root     4004489       2  0 Mar05 ?        00:00:00 [kworker/85:1-rcu_gp]
172751.566: [17:27:51]root     4008511       2  0 Mar05 ?        00:00:11 [kworker/87:2-mm_percpu_wq]
172751.566: [17:27:51]root     4009220       2  0 Mar05 ?        00:00:02 [kworker/122:3-mm_percpu_wq]
172751.566: [17:27:51]root     4018289       2  0 Mar05 ?        00:00:00 [kworker/86:2-mm_percpu_wq]
172751.566: [17:27:51]root     4031703       2  0 Mar05 ?        00:00:01 [kworker/65:2-mm_percpu_wq]
172751.566: [17:27:51]root     4068766       2  0 Mar05 ?        00:00:02 [kworker/53:3-mm_percpu_wq]
172751.567: [17:27:51]root     4074799       2  0 Mar05 ?        00:00:02 [kworker/118:1-rcu_par_gp]
172820.881: [17:28:20]root@suzhouproda102:~# cat /etc/passwd
172820.890: [17:28:20]root:x:0:0:root:/root:/bin/bash
172820.890: [17:28:20]daemon:x:1:1:daemon:/usr/sbin:/usr/sbin/nologin
172820.890: [17:28:20]bin:x:2:2:bin:/bin:/usr/sbin/nologin
172820.890: [17:28:20]sys:x:3:3:sys:/dev:/usr/sbin/nologin
172820.890: [17:28:20]sync:x:4:65534:sync:/bin:/bin/sync
172820.890: [17:28:20]games:x:5:60:games:/usr/games:/usr/sbin/nologin
172820.890: [17:28:20]man:x:6:12:man:/var/cache/man:/usr/sbin/nologin
172820.891: [17:28:20]lp:x:7:7:lp:/var/spool/lpd:/usr/sbin/nologin
172820.891: [17:28:20]mail:x:8:8:mail:/var/mail:/usr/sbin/nologin
172820.891: [17:28:20]news:x:9:9:news:/var/spool/news:/usr/sbin/nologin
172820.891: [17:28:20]uucp:x:10:10:uucp:/var/spool/uucp:/usr/sbin/nologin
172820.891: [17:28:20]proxy:x:13:13:proxy:/bin:/usr/sbin/nologin
172820.891: [17:28:20]www-data:x:33:33:www-data:/var/www:/usr/sbin/nologin
172820.891: [17:28:20]backup:x:34:34:backup:/var/backups:/usr/sbin/nologin
172820.891: [17:28:20]list:x:38:38:Mailing List Manager:/var/list:/usr/sbin/nologin
172820.891: [17:28:20]irc:x:39:39:ircd:/run/ircd:/usr/sbin/nologin
172820.891: [17:28:20]_apt:x:42:65534::/nonexistent:/usr/sbin/nologin
172820.891: [17:28:20]nobody:x:65534:65534:nobody:/nonexistent:/usr/sbin/nologin
172820.891: [17:28:20]systemd-network:x:998:998:systemd Network Management:/:/usr/sbin/nologin
172820.892: [17:28:20]systemd-timesync:x:997:997:systemd Time Synchronization:/:/usr/sbin/nologin
172820.892: [17:28:20]dhcpcd:x:100:65534:DHCP Client Daemon,,,:/usr/lib/dhcpcd:/bin/false
172820.892: [17:28:20]messagebus:x:101:102::/nonexistent:/usr/sbin/nologin
172820.892: [17:28:20]systemd-resolve:x:992:992:systemd Resolver:/:/usr/sbin/nologin
172820.892: [17:28:20]pollinate:x:102:1::/var/cache/pollinate:/bin/false
172820.892: [17:28:20]polkitd:x:991:991:User for polkitd:/:/usr/sbin/nologin
172820.892: [17:28:20]syslog:x:103:104::/nonexistent:/usr/sbin/nologin
172820.892: [17:28:20]uuidd:x:104:105::/run/uuidd:/usr/sbin/nologin
172820.892: [17:28:20]tcpdump:x:105:107::/nonexistent:/usr/sbin/nologin
172820.892: [17:28:20]tss:x:106:108:TPM software stack,,,:/var/lib/tpm:/bin/false
172820.892: [17:28:20]landscape:x:107:109::/var/lib/landscape:/usr/sbin/nologin
172820.892: [17:28:20]fwupd-refresh:x:989:989:Firmware update daemon:/var/lib/fwupd:/usr/sbin/nologin
172820.892: [17:28:20]usbmux:x:108:46:usbmux daemon,,,:/var/lib/usbmux:/usr/sbin/nologin
172820.892: [17:28:20]sshd:x:109:65534::/run/sshd:/usr/sbin/nologin
172820.892: [17:28:20]tgqs:x:1000:1000:tgqs:/home/tgqs:/bin/bash
172820.893: [17:28:20]_chrony:x:110:110:Chrony daemon,,,:/var/lib/chrony:/usr/sbin/nologin
172820.893: [17:28:20]munge:x:111:111::/nonexistent:/usr/sbin/nologin
172820.893: [17:28:20]slurm:x:64030:64030::/nonexistent:/usr/sbin/nologin
172820.893: [17:28:20]nslcd:x:112:112:nslcd name service LDAP connection daemon,,,:/run/nslcd:/usr/sbin/nologin
172820.893: [17:28:20]_rpc:x:113:65534::/run/rpcbind:/usr/sbin/nologin
172820.893: [17:28:20]statd:x:114:65534::/var/lib/nfs:/usr/sbin/nologin
172820.893: [17:28:20]gluster:x:115:113::/var/lib/glusterd:/usr/sbin/nologin
172820.893: [17:28:20]prometheus:x:1001:1001::/home/prometheus:/sbin/nologin
172820.893: [17:28:20]dnsmasq:x:999:65534:dnsmasq:/var/lib/misc:/usr/sbin/nologin
172820.893: [17:28:20]whoopsie:x:116:118::/nonexistent:/bin/false
172820.893: [17:28:20]avahi:x:117:119:Avahi mDNS daemon,,,:/run/avahi-daemon:/usr/sbin/nologin
172820.893: [17:28:20]cups-pk-helper:x:118:114:user for cups-pk-helper service,,,:/nonexistent:/usr/sbin/nologin
172820.893: [17:28:20]lightdm:x:119:120:Light Display Manager:/var/lib/lightdm:/bin/false
172820.894: [17:28:20]saned:x:120:123::/var/lib/saned:/usr/sbin/nologin
172820.894: [17:28:20]pulse:x:121:124:PulseAudio daemon,,,:/run/pulse:/usr/sbin/nologin
172820.894: [17:28:20]cups-browsed:x:122:114::/nonexistent:/usr/sbin/nologin
172820.894: [17:28:20]rtkit:x:123:126:RealtimeKit,,,:/proc:/usr/sbin/nologin
172820.894: [17:28:20]colord:x:124:127:colord colour management daemon,,,:/var/lib/colord:/usr/sbin/nologin
172820.894: [17:28:20]postfix:x:125:128::/var/spool/postfix:/usr/sbin/nologin
172820.894: [17:28:20]geoclue:x:126:130::/var/lib/geoclue:/usr/sbin/nologin
172820.894: [17:28:20]kernoops:x:127:65534:Kernel Oops Tracking Daemon,,,:/:/usr/sbin/nologin
172820.894: [17:28:20]sssd:x:128:131:SSSD system user,,,:/var/lib/sss:/usr/sbin/nologin
172820.894: [17:28:20]speech-dispatcher:x:129:29:Speech Dispatcher,,,:/run/speech-dispatcher:/bin/false
172820.894: [17:28:20]nm-openvpn:x:130:133:NetworkManager OpenVPN,,,:/var/lib/openvpn/chroot:/usr/sbin/nologin
172820.895: [17:28:20]hplip:x:131:7:HPLIP system user,,,:/run/hplip:/bin/false
172820.895: [17:28:20]gnome-remote-desktop:x:988:988:GNOME Remote Desktop:/var/lib/gnome-remote-desktop:/usr/sbin/nologin
172820.895: [17:28:20]gnome-initial-setup:x:132:65534::/run/gnome-initial-setup/:/bin/false
172820.895: [17:28:20]gdm:x:133:134:Gnome Display Manager:/var/lib/gdm3:/bin/false
172903.048: [17:29:03]root@suzhouproda102:~# cat /etc/passwd | column -t -s:
172903.071: [17:29:03]root                  x  0      0      root                                          /root                          /bin/bash
172903.071: [17:29:03]daemon                x  1      1      daemon                                        /usr/sbin                      /usr/sbin/nologin
172903.071: [17:29:03]bin                   x  2      2      bin                                           /bin                           /usr/sbin/nologin
172903.071: [17:29:03]sys                   x  3      3      sys                                           /dev                           /usr/sbin/nologin
172903.071: [17:29:03]sync                  x  4      65534  sync                                          /bin                           /bin/sync
172903.071: [17:29:03]games                 x  5      60     games                                         /usr/games                     /usr/sbin/nologin
172903.071: [17:29:03]man                   x  6      12     man                                           /var/cache/man                 /usr/sbin/nologin
172903.071: [17:29:03]lp                    x  7      7      lp                                            /var/spool/lpd                 /usr/sbin/nologin
172903.072: [17:29:03]mail                  x  8      8      mail                                          /var/mail                      /usr/sbin/nologin
172903.072: [17:29:03]news                  x  9      9      news                                          /var/spool/news                /usr/sbin/nologin
172903.072: [17:29:03]uucp                  x  10     10     uucp                                          /var/spool/uucp                /usr/sbin/nologin
172903.072: [17:29:03]proxy                 x  13     13     proxy                                         /bin                           /usr/sbin/nologin
172903.072: [17:29:03]www-data              x  33     33     www-data                                      /var/www                       /usr/sbin/nologin
172903.073: [17:29:03]backup                x  34     34     backup                                        /var/backups                   /usr/sbin/nologin
172903.073: [17:29:03]list                  x  38     38     Mailing List Manager                          /var/list                      /usr/sbin/nologin
172903.073: [17:29:03]irc                   x  39     39     ircd                                          /run/ircd                      /usr/sbin/nologin
172903.073: [17:29:03]_apt                  x  42     65534                                                /nonexistent                   /usr/sbin/nologin
172903.074: [17:29:03]nobody                x  65534  65534  nobody                                        /nonexistent                   /usr/sbin/nologin
172903.074: [17:29:03]systemd-network       x  998    998    systemd Network Management                    /                              /usr/sbin/nologin
172903.074: [17:29:03]systemd-timesync      x  997    997    systemd Time Synchronization                  /                              /usr/sbin/nologin
172903.074: [17:29:03]dhcpcd                x  100    65534  DHCP Client Daemon,,,                         /usr/lib/dhcpcd                /bin/false
172903.075: [17:29:03]messagebus            x  101    102                                                  /nonexistent                   /usr/sbin/nologin
172903.075: [17:29:03]systemd-resolve       x  992    992    systemd Resolver                              /                              /usr/sbin/nologin
172903.075: [17:29:03]pollinate             x  102    1                                                    /var/cache/pollinate           /bin/false
172903.075: [17:29:03]polkitd               x  991    991    User for polkitd                              /                              /usr/sbin/nologin
172903.075: [17:29:03]syslog                x  103    104                                                  /nonexistent                   /usr/sbin/nologin
172903.075: [17:29:03]uuidd                 x  104    105                                                  /run/uuidd                     /usr/sbin/nologin
172903.076: [17:29:03]tcpdump               x  105    107                                                  /nonexistent                   /usr/sbin/nologin
172903.076: [17:29:03]tss                   x  106    108    TPM software stack,,,                         /var/lib/tpm                   /bin/false
172903.076: [17:29:03]landscape             x  107    109                                                  /var/lib/landscape             /usr/sbin/nologin
172903.076: [17:29:03]fwupd-refresh         x  989    989    Firmware update daemon                        /var/lib/fwupd                 /usr/sbin/nologin
172903.077: [17:29:03]usbmux                x  108    46     usbmux daemon,,,                              /var/lib/usbmux                /usr/sbin/nologin
172903.077: [17:29:03]sshd                  x  109    65534                                                /run/sshd                      /usr/sbin/nologin
172903.077: [17:29:03]tgqs                  x  1000   1000   tgqs                                          /home/tgqs                     /bin/bash
172903.077: [17:29:03]_chrony               x  110    110    Chrony daemon,,,                              /var/lib/chrony                /usr/sbin/nologin
172903.077: [17:29:03]munge                 x  111    111                                                  /nonexistent                   /usr/sbin/nologin
172903.078: [17:29:03]slurm                 x  64030  64030                                                /nonexistent                   /usr/sbin/nologin
172903.078: [17:29:03]nslcd                 x  112    112    nslcd name service LDAP connection daemon,,,  /run/nslcd                     /usr/sbin/nologin
172903.078: [17:29:03]_rpc                  x  113    65534                                                /run/rpcbind                   /usr/sbin/nologin
172903.078: [17:29:03]statd                 x  114    65534                                                /var/lib/nfs                   /usr/sbin/nologin
172903.078: [17:29:03]gluster               x  115    113                                                  /var/lib/glusterd              /usr/sbin/nologin
172903.079: [17:29:03]prometheus            x  1001   1001                                                 /home/prometheus               /sbin/nologin
172903.079: [17:29:03]dnsmasq               x  999    65534  dnsmasq                                       /var/lib/misc                  /usr/sbin/nologin
172903.079: [17:29:03]whoopsie              x  116    118                                                  /nonexistent                   /bin/false
172903.079: [17:29:03]avahi                 x  117    119    Avahi mDNS daemon,,,                          /run/avahi-daemon              /usr/sbin/nologin
172903.079: [17:29:03]cups-pk-helper        x  118    114    user for cups-pk-helper service,,,            /nonexistent                   /usr/sbin/nologin
172903.080: [17:29:03]lightdm               x  119    120    Light Display Manager                         /var/lib/lightdm               /bin/false
172903.080: [17:29:03]saned                 x  120    123                                                  /var/lib/saned                 /usr/sbin/nologin
172903.080: [17:29:03]pulse                 x  121    124    PulseAudio daemon,,,                          /run/pulse                     /usr/sbin/nologin
172903.080: [17:29:03]cups-browsed          x  122    114                                                  /nonexistent                   /usr/sbin/nologin
172903.081: [17:29:03]rtkit                 x  123    126    RealtimeKit,,,                                /proc                          /usr/sbin/nologin
172903.081: [17:29:03]colord                x  124    127    colord colour management daemon,,,            /var/lib/colord                /usr/sbin/nologin
172903.081: [17:29:03]postfix               x  125    128                                                  /var/spool/postfix             /usr/sbin/nologin
172903.081: [17:29:03]geoclue               x  126    130                                                  /var/lib/geoclue               /usr/sbin/nologin
172903.081: [17:29:03]kernoops              x  127    65534  Kernel Oops Tracking Daemon,,,                /                              /usr/sbin/nologin
172903.082: [17:29:03]sssd                  x  128    131    SSSD system user,,,                           /var/lib/sss                   /usr/sbin/nologin
172903.082: [17:29:03]speech-dispatcher     x  129    29     Speech Dispatcher,,,                          /run/speech-dispatcher         /bin/false
172903.082: [17:29:03]nm-openvpn            x  130    133    NetworkManager OpenVPN,,,                     /var/lib/openvpn/chroot        /usr/sbin/nologin
172903.082: [17:29:03]hplip                 x  131    7      HPLIP system user,,,                          /run/hplip                     /bin/false
172903.082: [17:29:03]gnome-remote-desktop  x  988    988    GNOME Remote Desktop                          /var/lib/gnome-remote-desktop  /usr/sbin/nologin
172903.083: [17:29:03]gnome-initial-setup   x  132    65534                                                /run/gnome-initial-setup/      /bin/false
172903.083: [17:29:03]gdm                   x  133    134    Gnome Display Manager                         /var/lib/gdm3                  /bin/false
